time,household_power,solar_power,wind_power,PKR/kWh,House&RW_load,total_cost
01/01/2019 5:00,10760392.35,0,2611589.68,17.5,10760392.35,188306866.1
01/01/2019 6:00,10760398.77,0,6257454.902,17.5,10760398.77,188306978.4
01/01/2019 7:00,10760400.29,73821.551,13524401.52,17.5,10760400.29,188307005.1
01/01/2019 8:00,10760398.47,1582468.394,17059999.83,17.5,10760398.47,188306973.2
01/01/2019 9:00,10760398.78,4016124.087,10177352.39,17.5,10760398.78,188306978.7
01/01/2019 10:00,10760407.04,7402321.24,3417941.364,17.5,10760407.04,188307123.1
01/01/2019 11:00,10760424.1,13348893.68,1476147.536,17.5,10760424.1,188307421.8
01/01/2019 12:00,10760434.75,19758829.96,3270386.783,17.5,10760434.75,188307608.1
01/01/2019 13:00,10760436.16,21315031.56,6541287.757,17.5,10760436.16,188307632.9
01/01/2019 14:00,10760427.25,13863516.03,9471189.317,17.5,10760427.25,188307476.9
01/01/2019 15:00,10760411.51,7717982.28,14103215.91,17.5,10760411.51,188307201.4
01/01/2019 16:00,10760396.21,1914634.623,26196856.96,17.5,10760396.21,188306933.6
01/01/2019 17:00,10760380.9,0,34575321.8,17.5,10760380.9,188306665.8
01/01/2019 18:00,10760364.64,0,35892232.01,17.5,10760364.64,188306381.2
01/01/2019 19:00,10760352.91,0,33008105.98,17.5,10760352.91,188306175.9
01/01/2019 20:00,10760351.61,0,29716302.38,17.5,10760351.61,188306153.1
01/01/2019 21:00,10760368.33,0,27308446.05,17.5,10760368.33,188306445.8
01/01/2019 22:00,10760399.33,0,25764051.65,17.5,10760399.33,188306988.2
01/01/2019 23:00,10760404.75,0,23252576.69,17.5,10760404.75,188307083.2
02/01/2019 0:00,10760383.36,0,20154574.48,17.5,10760383.36,188306708.9
02/01/2019 1:00,10760368.33,0,17204142.31,17.5,10760368.33,188306445.7
02/01/2019 2:00,10760373.52,0,14991572.86,17.5,10760373.52,188306536.5
02/01/2019 3:00,10760379.77,0,12691356.43,17.5,10760379.77,188306645.9
02/01/2019 4:00,10760378.25,0,10867857.79,17.5,10760378.25,188306619.4
02/01/2019 5:00,10760387.32,0,10245686.06,17.5,10760387.32,188306778.2
02/01/2019 6:00,10760392.75,0,9673597.37,17.5,10760392.75,188306873.1
02/01/2019 7:00,10760393.38,1168085.206,8903787.667,17.5,10760393.38,188306884.1
02/01/2019 8:00,10760390.76,10201603.77,4850260.051,17.5,10760390.76,188306838.2
02/01/2019 9:00,10760390.28,20631345.05,2027413.881,17.5,10760390.28,188306829.9
02/01/2019 10:00,10760397.61,27990302.54,1041138.322,17.5,10760397.61,188306958.1
02/01/2019 11:00,10760413.54,30362376.99,436614.696,17.5,10760413.54,188307237
02/01/2019 12:00,10760423.21,30897432.18,103270.413,17.5,10760423.21,188307406.2
02/01/2019 13:00,10760423.92,28402383.73,39308.113,17.5,10760423.92,188307418.7
02/01/2019 14:00,10760414.65,21450644.38,50278.78,17.5,10760414.65,188307256.4
02/01/2019 15:00,10760398.84,13155612.7,164508.088,17.5,10760398.84,188306979.6
02/01/2019 16:00,10760383.53,3972947.553,1241528.212,17.5,10760383.53,188306711.7
02/01/2019 17:00,10760368.29,0,4329368.948,17.5,10760368.29,188306445.1
02/01/2019 18:00,10760352.21,0,7530477.644,17.5,10760352.21,188306163.6
02/01/2019 19:00,10760340.57,0,7744731.721,17.5,10760340.57,188305959.9
02/01/2019 20:00,10760339.04,0,5329902.808,17.5,10760339.04,188305933.1
02/01/2019 21:00,10760354.92,0,2141184.041,17.5,10760354.92,188306211.1
02/01/2019 22:00,10760384.58,0,1475899.7,17.5,10760384.58,188306730.1
02/01/2019 23:00,10760389.62,0,3131748.651,17.5,10760389.62,188306818.4
03/01/2019 0:00,10760368.9,0,5842436.391,17.5,10760368.9,188306455.8
03/01/2019 1:00,10760354.35,0,7532454.463,17.5,10760354.35,188306201.1
03/01/2019 2:00,10760359.3,0,7810153.445,17.5,10760359.3,188306287.7
03/01/2019 3:00,10760365.31,0,7152066.635,17.5,10760365.31,188306392.9
03/01/2019 4:00,10760363.9,0,6145412.931,17.5,10760363.9,188306368.2
03/01/2019 5:00,10760372.71,0,5327340.43,17.5,10760372.71,188306522.4
03/01/2019 6:00,10760378.06,0,4481363.243,17.5,10760378.06,188306616.1
03/01/2019 7:00,10760378.84,821857.267,4270091.691,17.5,10760378.84,188306629.7
03/01/2019 8:00,10760376.54,7130019.256,3401704.296,17.5,10760376.54,188306589.4
03/01/2019 9:00,10760376.34,15842605.1,864738.335,17.5,10760376.34,188306586
03/01/2019 10:00,10760383.73,22767802.49,52940.711,17.5,10760383.73,188306715.2
03/01/2019 11:00,10760399.49,30106176.58,0,17.5,10760399.49,188306991
03/01/2019 12:00,10760409.26,30697669.23,15894.822,17.5,10760409.26,188307162.1
03/01/2019 13:00,10760410.44,28075211.43,40126.484,17.5,10760410.44,188307182.7
03/01/2019 14:00,10760401.99,20103770.96,25493.015,17.5,10760401.99,188307034.8
03/01/2019 15:00,10760387.21,11979527.22,33776.328,17.5,10760387.21,188306776.1
03/01/2019 16:00,10760372.92,3427899.693,406814.508,17.5,10760372.92,188306526.1
03/01/2019 17:00,10760358.71,0,1377873.84,17.5,10760358.71,188306277.4
03/01/2019 18:00,10760343.65,0,1454903.601,17.5,10760343.65,188306013.9
03/01/2019 19:00,10760332.93,0,940139.527,17.5,10760332.93,188305826.2
03/01/2019 20:00,10760332.1,0,665179.669,17.5,10760332.1,188305811.7
03/01/2019 21:00,10760348.39,0,261615.181,17.5,10760348.39,188306096.8
03/01/2019 22:00,10760378.32,0,96479.574,17.5,10760378.32,188306620.5
03/01/2019 23:00,10760384.14,0,139748.392,17.5,10760384.14,188306722.4
04/01/2019 0:00,10760364.53,0,147727.368,17.5,10760364.53,188306379.3
04/01/2019 1:00,10760350.96,0,428156.309,17.5,10760350.96,188306141.7
04/01/2019 2:00,10760356.69,0,693892.323,17.5,10760356.69,188306242.1
04/01/2019 3:00,10760363.51,0,582622.964,17.5,10760363.51,188306361.4
04/01/2019 4:00,10760362.95,0,516082.184,17.5,10760362.95,188306351.6
04/01/2019 5:00,10760372.61,0,339002.725,17.5,10760372.61,188306520.6
04/01/2019 6:00,10760378.82,0,246884.989,17.5,10760378.82,188306629.4
04/01/2019 7:00,10760380.46,218572.017,220019.155,17.5,10760380.46,188306658.1
04/01/2019 8:00,10760378.98,4029075.238,440506.737,17.5,10760378.98,188306632.2
04/01/2019 9:00,10760379.6,11018516.43,666674.718,17.5,10760379.6,188306643
04/01/2019 10:00,10760387.84,18854004.25,1286149.821,17.5,10760387.84,188306787.3
04/01/2019 11:00,10760404.56,22535212.13,3414087.826,17.5,10760404.56,188307079.9
04/01/2019 12:00,10760415.24,23032989.15,6107263.309,17.5,10760415.24,188307266.7
04/01/2019 13:00,10760417.16,20268296.12,8125029.489,17.5,10760417.16,188307300.4
04/01/2019 14:00,10760409.24,14235023.78,7956930.345,17.5,10760409.24,188307161.7
04/01/2019 15:00,10760394.77,7436508.546,7531062.327,17.5,10760394.77,188306908.5
04/01/2019 16:00,10760380.72,1813591.399,7530593.429,17.5,10760380.72,188306662.5
04/01/2019 17:00,10760366.64,0,4837344.618,17.5,10760366.64,188306416.1
04/01/2019 18:00,10760351.6,0,1994180.83,17.5,10760351.6,188306153
04/01/2019 19:00,10760340.91,0,524620.992,17.5,10760340.91,188305965.9
04/01/2019 20:00,10760340.29,0,865687.641,17.5,10760340.29,188305955
04/01/2019 21:00,10760357.16,0,4524910.789,17.5,10760357.16,188306250.2
04/01/2019 22:00,10760387.97,0,10858510.21,17.5,10760387.97,188306789.5
04/01/2019 23:00,10760394.02,0,14718262.22,17.5,10760394.02,188306895.4
05/01/2019 0:00,10760373.95,0,13404116.96,17.5,10760373.95,188306544
05/01/2019 1:00,10760360,0,8820536.465,17.5,10760360,188306300
05/01/2019 2:00,10760365.82,0,4968683.896,17.5,10760365.82,188306401.8
05/01/2019 3:00,10760372.7,0,3348733.208,17.5,10760372.7,188306522.2
05/01/2019 4:00,10760371.97,0,2517500.49,17.5,10760371.97,188306509.5
05/01/2019 5:00,10760381.67,0,1691291.919,17.5,10760381.67,188306679.3
05/01/2019 6:00,10760387.8,0,1192582.808,17.5,10760387.8,188306786.5
05/01/2019 7:00,10760389.21,974385.435,1549886.634,17.5,10760389.21,188306811.1
05/01/2019 8:00,10760387.39,8879218.13,1213124.901,17.5,10760387.39,188306779.3
05/01/2019 9:00,10760387.68,18917398.37,432485.221,17.5,10760387.68,188306784.4
05/01/2019 10:00,10760395.73,26467779.89,312892.721,17.5,10760395.73,188306925.3
05/01/2019 11:00,10760412.38,27895273.87,179165.339,17.5,10760412.38,188307216.6
05/01/2019 12:00,10760422.8,28829331.93,70151.541,17.5,10760422.8,188307399.1
05/01/2019 13:00,10760424.29,26378252.71,198106.596,17.5,10760424.29,188307425
05/01/2019 14:00,10760415.74,18758224.21,1564896.33,17.5,10760415.74,188307275.5
05/01/2019 15:00,10760400.57,10983075.39,5240398.457,17.5,10760400.57,188307009.9
05/01/2019 16:00,10760385.82,3141736.923,13789808.48,17.5,10760385.82,188306751.9
05/01/2019 17:00,10760371.08,0,26076873.74,17.5,10760371.08,188306493.9
05/01/2019 18:00,10760355.41,0,34448594.23,17.5,10760355.41,188306219.6
05/01/2019 19:00,10760344.14,0,38332930.98,17.5,10760344.14,188306022.5
05/01/2019 20:00,10760343.06,0,38891561.15,17.5,10760343.06,188306003.5
05/01/2019 21:00,10760359.58,0,37413508.37,17.5,10760359.58,188306292.7
05/01/2019 22:00,10760390.09,0,35535920.5,17.5,10760390.09,188306826.5
05/01/2019 23:00,10760395.64,0,33807674.67,17.5,10760395.64,188306923.8
06/01/2019 0:00,10760374.99,0,31757459.78,17.5,10760374.99,188306562.3
06/01/2019 1:00,10760360.53,0,28789831.88,17.5,10760360.53,188306309.3
06/01/2019 2:00,10760365.89,0,25223289.1,17.5,10760365.89,188306403.1
06/01/2019 3:00,10760372.31,0,21673017.67,17.5,10760372.31,188306515.3
06/01/2019 4:00,10760371.13,0,18201245.84,17.5,10760371.13,188306494.7
06/01/2019 5:00,10760380.36,0,13837152.95,17.5,10760380.36,188306656.2
06/01/2019 6:00,10760386.03,0,10567224.94,17.5,10760386.03,188306755.4
06/01/2019 7:00,10760387,838120.049,8811978.757,17.5,10760387,188306772.6
06/01/2019 8:00,10760384.8,8687559.014,6318233.523,17.5,10760384.8,188306734
06/01/2019 9:00,10760384.72,20400768.58,4640588.096,17.5,10760384.72,188306732.5
06/01/2019 10:00,10760392.35,27958635.17,5462630.002,17.5,10760392.35,188306866.1
06/01/2019 11:00,10760408.52,33132210.48,5552577.706,17.5,10760408.52,188307149
06/01/2019 12:00,10760418.54,33843002.79,3990120.467,17.5,10760418.54,188307324.4
06/01/2019 13:00,10760419.73,31524604.3,3172826.322,17.5,10760419.73,188307345.3
06/01/2019 14:00,10760411.04,25956051.19,2884498.101,17.5,10760411.04,188307193.3
06/01/2019 15:00,10760395.85,17283679.53,2688062.001,17.5,10760395.85,188306927.4
06/01/2019 16:00,10760381.14,6182553.414,3358105.3,17.5,10760381.14,188306670
06/01/2019 17:00,10760366.49,0,4237439.565,17.5,10760366.49,188306413.5
06/01/2019 18:00,10760350.95,0,3896318.351,17.5,10760350.95,188306141.6
06/01/2019 19:00,10760339.82,0,2326864.401,17.5,10760339.82,188305946.9
06/01/2019 20:00,10760338.77,0,419151.476,17.5,10760338.77,188305928.5
06/01/2019 21:00,10760355.15,0,99000.699,17.5,10760355.15,188306215.1
06/01/2019 22:00,10760385.37,0,690034.733,17.5,10760385.37,188306743.9
06/01/2019 23:00,10760390.98,0,2416497.1,17.5,10760390.98,188306842.2
07/01/2019 0:00,10760370.71,0,4196687.721,17.5,10760370.71,188306487.4
07/01/2019 1:00,10760356.58,0,6126905.248,17.5,10760356.58,188306240.1
07/01/2019 2:00,10760362.05,0,8262367.053,17.5,10760362.05,188306335.9
07/01/2019 3:00,10760368.6,0,9575398.754,17.5,10760368.6,188306450.4
07/01/2019 4:00,10760367.64,0,8782507.415,17.5,10760367.64,188306433.7
07/01/2019 5:00,10760377,0,6989633.043,17.5,10760377,188306597.6
07/01/2019 6:00,10760382.86,0,4539111.208,17.5,10760382.86,188306700
07/01/2019 7:00,10760384.07,2128054.712,2195401.661,17.5,10760384.07,188306721.2
07/01/2019 8:00,10760382.12,13492509.76,349897.865,17.5,10760382.12,188306687
07/01/2019 9:00,10760382.27,23585642.7,24602.077,17.5,10760382.27,188306689.7
07/01/2019 10:00,10760390.09,30476588.33,6520.593,17.5,10760390.09,188306826.5
07/01/2019 11:00,10760406.39,31692166.56,5603.135,17.5,10760406.39,188307111.9
07/01/2019 12:00,10760416.59,31119535.57,10015.987,17.5,10760416.59,188307290.3
07/01/2019 13:00,10760417.98,24259976.38,34211.107,17.5,10760417.98,188307314.7
07/01/2019 14:00,10760409.52,12400740.72,103500.509,17.5,10760409.52,188307166.5
07/01/2019 15:00,10760394.54,6287664.338,246521.475,17.5,10760394.54,188306904.4
07/01/2019 16:00,10760380,1737512.318,387601.728,17.5,10760380,188306650
07/01/2019 17:00,10760365.48,0,760151.926,17.5,10760365.48,188306395.8
07/01/2019 18:00,10760350.05,0,1028363.919,17.5,10760350.05,188306125.8
07/01/2019 19:00,10760338.97,0,713105.937,17.5,10760338.97,188305932
07/01/2019 20:00,10760337.93,0,436206.261,17.5,10760337.93,188305913.8
07/01/2019 21:00,10760354.25,0,432878.571,17.5,10760354.25,188306199.3
07/01/2019 22:00,10760384.34,0,895982.426,17.5,10760384.34,188306726
07/01/2019 23:00,10760389.86,0,2370156.182,17.5,10760389.86,188306822.5
08/01/2019 0:00,10760369.55,0,7730784.382,17.5,10760369.55,188306467
08/01/2019 1:00,10760355.34,0,13453932.64,17.5,10760355.34,188306218.4
08/01/2019 2:00,10760360.65,0,16975184.49,17.5,10760360.65,188306311.4
08/01/2019 3:00,10760367,0,17539119.62,17.5,10760367,188306422.6
08/01/2019 4:00,10760365.86,0,13285871.23,17.5,10760365.86,188306402.6
08/01/2019 5:00,10760374.97,0,8280081.117,17.5,10760374.97,188306562
08/01/2019 6:00,10760380.56,0,3867678.935,17.5,10760380.56,188306659.8
08/01/2019 7:00,10760381.51,1220317.898,1578404.068,17.5,10760381.51,188306676.4
08/01/2019 8:00,10760379.3,9482348.959,665836.366,17.5,10760379.3,188306637.8
08/01/2019 9:00,10760379.17,18981053.04,580091.102,17.5,10760379.17,188306635.4
08/01/2019 10:00,10760386.62,25813254.83,1065857.808,17.5,10760386.62,188306765.8
08/01/2019 11:00,10760402.44,28835505.33,1762421.029,17.5,10760402.44,188307042.8
08/01/2019 12:00,10760412.18,29283111.38,1752453.454,17.5,10760412.18,188307213.2
08/01/2019 13:00,10760413.19,26959077.61,1310793.937,17.5,10760413.19,188307230.9
08/01/2019 14:00,10760404.45,22217971.78,1054687.576,17.5,10760404.45,188307077.8
08/01/2019 15:00,10760389.28,13836562.83,809594.852,17.5,10760389.28,188306812.4
08/01/2019 16:00,10760374.57,4308667.485,852957.684,17.5,10760374.57,188306555
08/01/2019 17:00,10760359.89,0,765659.349,17.5,10760359.89,188306298.1
08/01/2019 18:00,10760344.34,0,296360.85,17.5,10760344.34,188306026
08/01/2019 19:00,10760333.11,0,39966.394,17.5,10760333.11,188305829.4
08/01/2019 20:00,10760331.74,0,27832.353,17.5,10760331.74,188305805.4
08/01/2019 21:00,10760347.4,0,287352.597,17.5,10760347.4,188306079.5
08/01/2019 22:00,10760376.54,0,920292.511,17.5,10760376.54,188306589.4
08/01/2019 23:00,10760381.57,0,1391652.108,17.5,10760381.57,188306677.5
09/01/2019 0:00,10760361.35,0,907188.272,17.5,10760361.35,188306323.6
09/01/2019 1:00,10760347.15,0,555951.412,17.5,10760347.15,188306075.1
09/01/2019 2:00,10760352.05,0,1071445.608,17.5,10760352.05,188306160.8
09/01/2019 3:00,10760357.97,0,2732596.091,17.5,10760357.97,188306264.5
09/01/2019 4:00,10760356.61,0,4727007.726,17.5,10760356.61,188306240.7
09/01/2019 5:00,10760365.28,0,5844014.653,17.5,10760365.28,188306392.3
09/01/2019 6:00,10760370.53,0,6085652.649,17.5,10760370.53,188306484.3
09/01/2019 7:00,10760371.31,1953564.342,5790367.622,17.5,10760371.31,188306497.9
09/01/2019 8:00,10760369.06,13229216.82,3400953.846,17.5,10760369.06,188306458.6
09/01/2019 9:00,10760368.88,23914103.99,911613.555,17.5,10760368.88,188306455.3
09/01/2019 10:00,10760376.12,30892805.42,229281.546,17.5,10760376.12,188306582.1
09/01/2019 11:00,10760391.58,33545273.1,32080.183,17.5,10760391.58,188306852.6
09/01/2019 12:00,10760401.17,34136707.67,9591.764,17.5,10760401.17,188307020.5
09/01/2019 13:00,10760402.34,31746068.46,15881.703,17.5,10760402.34,188307041
09/01/2019 14:00,10760394.08,26681331.26,26464.341,17.5,10760394.08,188306896.4
09/01/2019 15:00,10760379.62,17977700,41411.981,17.5,10760379.62,188306643.3
09/01/2019 16:00,10760365.65,6600577.707,237531.897,17.5,10760365.65,188306398.8
09/01/2019 17:00,10760351.76,0,1780254.589,17.5,10760351.76,188306155.7
09/01/2019 18:00,10760337.05,0,4489169.711,17.5,10760337.05,188305898.4
09/01/2019 19:00,10760326.59,0,7366954.454,17.5,10760326.59,188305715.4
09/01/2019 20:00,10760325.85,0,7308266.179,17.5,10760325.85,188305702.4
09/01/2019 21:00,10760341.93,0,5124685.932,17.5,10760341.93,188305983.7
09/01/2019 22:00,10760371.41,0,2891595.173,17.5,10760371.41,188306499.6
09/01/2019 23:00,10760377.24,0,1905378.238,17.5,10760377.24,188306601.6
10/01/2019 0:00,10760358.1,0,1896797.191,17.5,10760358.1,188306266.7
10/01/2019 1:00,10760344.88,0,3059195.706,17.5,10760344.88,188306035.4
10/01/2019 2:00,10760350.65,0,4333360.798,17.5,10760350.65,188306136.3
10/01/2019 3:00,10760357.48,0,2455434.013,17.5,10760357.48,188306256
10/01/2019 4:00,10760357.08,0,1904926.798,17.5,10760357.08,188306248.8
10/01/2019 5:00,10760366.73,0,2654509.996,17.5,10760366.73,188306417.7
10/01/2019 6:00,10760373,0,5949123.401,17.5,10760373,188306527.5
10/01/2019 7:00,10760374.78,1273784.67,7048250.829,17.5,10760374.78,188306558.6
10/01/2019 8:00,10760373.48,8932750.956,5079742.325,17.5,10760373.48,188306535.9
10/01/2019 9:00,10760374.25,17311497.33,2605465.279,17.5,10760374.25,188306549.4
10/01/2019 10:00,10760382.55,21375893.27,4743396.18,17.5,10760382.55,188306694.7
10/01/2019 11:00,10760399.23,20009694.41,8149220.34,17.5,10760399.23,188306986.4
10/01/2019 12:00,10760409.94,23673276.61,11119508.23,17.5,10760409.94,188307174
10/01/2019 13:00,10760412.03,23566208.64,12579491.02,17.5,10760412.03,188307210.5
10/01/2019 14:00,10760404.38,15254762.19,10814292.29,17.5,10760404.38,188307076.6
10/01/2019 15:00,10760390.26,8337349.225,6339577.646,17.5,10760390.26,188306829.5
10/01/2019 16:00,10760376.52,2132762.018,4156412.638,17.5,10760376.52,188306589.1
10/01/2019 17:00,10760362.75,0,4805016.72,17.5,10760362.75,188306348.1
10/01/2019 18:00,10760348.02,0,10566420.88,17.5,10760348.02,188306090.3
10/01/2019 19:00,10760337.57,0,21636630.71,17.5,10760337.57,188305907.5
10/01/2019 20:00,10760337.09,0,28192950.66,17.5,10760337.09,188305899
10/01/2019 21:00,10760353.94,0,30682433.57,17.5,10760353.94,188306193.9
10/01/2019 22:00,10760384.63,0,32143975.55,17.5,10760384.63,188306731
10/01/2019 23:00,10760390.77,0,30883154.27,17.5,10760390.77,188306838.5
11/01/2019 0:00,10760371,0,28974954.35,17.5,10760371,188306492.4
11/01/2019 1:00,10760357.29,0,25947371.68,17.5,10760357.29,188306252.5
11/01/2019 2:00,10760363.19,0,24613201.81,17.5,10760363.19,188306355.9
11/01/2019 3:00,10760370.15,0,23195795.35,17.5,10760370.15,188306477.7
11/01/2019 4:00,10760369.56,0,21609546.6,17.5,10760369.56,188306467.3
11/01/2019 5:00,10760379.32,0,20261087.94,17.5,10760379.32,188306638.2
11/01/2019 6:00,10760385.55,0,18199842.18,17.5,10760385.55,188306747.1
11/01/2019 7:00,10760387.07,860724.443,14998164.45,17.5,10760387.07,188306773.7
11/01/2019 8:00,10760385.39,8287076.684,9952474.858,17.5,10760385.39,188306744.3
11/01/2019 9:00,10760385.8,17975347.24,7106747.342,17.5,10760385.8,188306751.5
11/01/2019 10:00,10760393.94,25937844.3,5286595.662,17.5,10760393.94,188306893.9
11/01/2019 11:00,10760410.64,27610967.93,3696884.484,17.5,10760410.64,188307186.1
11/01/2019 12:00,10760421.15,28206293.74,2398375.965,17.5,10760421.15,188307370.2
11/01/2019 13:00,10760422.76,25681421.38,1460671.423,17.5,10760422.76,188307398.4
11/01/2019 14:00,10760414.38,19302307.89,1101126.86,17.5,10760414.38,188307251.6
11/01/2019 15:00,10760399.37,11253158.58,1536958.689,17.5,10760399.37,188306989
11/01/2019 16:00,10760384.79,3327514.055,4063312.033,17.5,10760384.79,188306733.9
11/01/2019 17:00,10760370.2,0,9587810.587,17.5,10760370.2,188306478.5
11/01/2019 18:00,10760354.67,0,16635867.09,17.5,10760354.67,188306206.7
11/01/2019 19:00,10760343.54,0,23038402.87,17.5,10760343.54,188306011.9
11/01/2019 20:00,10760342.56,0,28252624.79,17.5,10760342.56,188305994.8
11/01/2019 21:00,10760359.18,0,31350576.49,17.5,10760359.18,188306285.6
11/01/2019 22:00,10760389.77,0,31917718.69,17.5,10760389.77,188306821
11/01/2019 23:00,10760395.45,0,29360331.56,17.5,10760395.45,188306920.4
12/01/2019 0:00,10760374.94,0,25481352.02,17.5,10760374.94,188306561.4
12/01/2019 1:00,10760360.61,0,22181825.55,17.5,10760360.61,188306310.7
12/01/2019 2:00,10760366.11,0,20137381.56,17.5,10760366.11,188306406.9
12/01/2019 3:00,10760372.67,0,19247496.65,17.5,10760372.67,188306521.7
12/01/2019 4:00,10760371.64,0,18950511.21,17.5,10760371.64,188306503.8
12/01/2019 5:00,10760381.05,0,18014256.13,17.5,10760381.05,188306668.3
12/01/2019 6:00,10760386.9,0,15136076.43,17.5,10760386.9,188306770.8
12/01/2019 7:00,10760388.07,1016196.239,10352554.26,17.5,10760388.07,188306791.2
12/01/2019 8:00,10760386.05,8792744.075,5153059.696,17.5,10760386.05,188306755.9
12/01/2019 9:00,10760386.18,19226248.5,3367816.804,17.5,10760386.18,188306758.1
12/01/2019 10:00,10760394.06,26338224.13,2317265.43,17.5,10760394.06,188306896.1
12/01/2019 11:00,10760410.54,27167942.15,1251963.3,17.5,10760410.54,188307184.5
12/01/2019 12:00,10760420.88,27909571.15,407550.04,17.5,10760420.88,188307365.3
12/01/2019 13:00,10760422.36,25442571.26,89664.328,17.5,10760422.36,188307391.2
12/01/2019 14:00,10760413.91,20190470.26,50163.574,17.5,10760413.91,188307243.4
12/01/2019 15:00,10760398.91,12169147.28,222749.236,17.5,10760398.91,188306980.9
12/01/2019 16:00,10760384.39,3733025.469,2622049.923,17.5,10760384.39,188306726.8
12/01/2019 17:00,10760369.91,0,10171002.17,17.5,10760369.91,188306473.4
12/01/2019 18:00,10760354.54,0,19950289.36,17.5,10760354.54,188306204.5
12/01/2019 19:00,10760343.61,0,26261476.9,17.5,10760343.61,188306013.2
12/01/2019 20:00,10760342.87,0,26965639.03,17.5,10760342.87,188306000.2
12/01/2019 21:00,10760359.79,0,23404833.58,17.5,10760359.79,188306296.3
12/01/2019 22:00,10760390.78,0,18739624.83,17.5,10760390.78,188306838.7
12/01/2019 23:00,10760396.87,0,17578966.19,17.5,10760396.87,188306945.1
13/01/2019 0:00,10760376.66,0,20785760.3,17.5,10760376.66,188306591.6
13/01/2019 1:00,10760362.65,0,26462643.49,17.5,10760362.65,188306346.4
13/01/2019 2:00,10760368.58,0,30914582.56,17.5,10760368.58,188306450.1
13/01/2019 3:00,10760375.59,0,31279814.89,17.5,10760375.59,188306572.8
13/01/2019 4:00,10760374.95,0,29127533.35,17.5,10760374.95,188306561.6
13/01/2019 5:00,10760384.83,0,25877507.14,17.5,10760384.83,188306734.6
13/01/2019 6:00,10760391.13,0,22977216.16,17.5,10760391.13,188306844.8
13/01/2019 7:00,10760392.67,1821315.641,19028428.05,17.5,10760392.67,188306871.7
13/01/2019 8:00,10760390.95,11165841.42,10531916.02,17.5,10760390.95,188306841.6
13/01/2019 9:00,10760391.36,23801165.94,6743499.878,17.5,10760391.36,188306848.7
13/01/2019 10:00,10760399.59,30838041.8,6235686.918,17.5,10760399.59,188306992.8
13/01/2019 11:00,10760416.49,31622279.3,5753905.035,17.5,10760416.49,188307288.6
13/01/2019 12:00,10760427.11,32169146.23,5051056.66,17.5,10760427.11,188307474.4
13/01/2019 13:00,10760428.67,29685126.76,5104012.183,17.5,10760428.67,188307501.7
13/01/2019 14:00,10760420.07,25075180.09,6215465.589,17.5,10760420.07,188307351.3
13/01/2019 15:00,10760404.74,16187683.19,8182965.979,17.5,10760404.74,188307083
13/01/2019 16:00,10760389.83,5485146.828,11503082.65,17.5,10760389.83,188306821.9
13/01/2019 17:00,10760374.87,0,17103405.03,17.5,10760374.87,188306560.3
13/01/2019 18:00,10760358.95,0,22182593.79,17.5,10760358.95,188306281.6
13/01/2019 19:00,10760347.46,0,25455470.28,17.5,10760347.46,188306080.5
13/01/2019 20:00,10760346.21,0,26443109.07,17.5,10760346.21,188306058.6
13/01/2019 21:00,10760362.7,0,27839883.78,17.5,10760362.7,188306347.2
13/01/2019 22:00,10760393.23,0,28684851.45,17.5,10760393.23,188306881.5
13/01/2019 23:00,10760398.56,0,27994202.95,17.5,10760398.56,188306974.7
14/01/2019 0:00,10760377.47,0,27461350,17.5,10760377.47,188306605.7
14/01/2019 1:00,10760362.62,0,26771455.84,17.5,10760362.62,188306345.8
14/01/2019 2:00,10760367.68,0,26509326.62,17.5,10760367.68,188306434.4
14/01/2019 3:00,10760373.77,0,25379221.88,17.5,10760373.77,188306541
14/01/2019 4:00,10760372.22,0,22398209.43,17.5,10760372.22,188306513.8
14/01/2019 5:00,10760381.07,0,18874486.53,17.5,10760381.07,188306668.7
14/01/2019 6:00,10760386.33,0,16149861.27,17.5,10760386.33,188306760.7
14/01/2019 7:00,10760386.86,2638006.164,14407009.3,17.5,10760386.86,188306770.1
14/01/2019 8:00,10760384.2,14892423.61,5775705.026,17.5,10760384.2,188306723.6
14/01/2019 9:00,10760383.66,25541159.98,448976.039,17.5,10760383.66,188306714
14/01/2019 10:00,10760390.78,32271986.81,104035.52,17.5,10760390.78,188306838.7
14/01/2019 11:00,10760406.37,33724236.41,190765.696,17.5,10760406.37,188307111.5
14/01/2019 12:00,10760415.8,34130747.42,333674.523,17.5,10760415.8,188307276.5
14/01/2019 13:00,10760416.44,31385628.33,276920.607,17.5,10760416.44,188307287.8
14/01/2019 14:00,10760407.29,24037475.61,199880.394,17.5,10760407.29,188307127.6
14/01/2019 15:00,10760391.72,15063663.8,310540.177,17.5,10760391.72,188306855.1
14/01/2019 16:00,10760376.67,4824926.726,222635.703,17.5,10760376.67,188306591.7
14/01/2019 17:00,10760361.7,0,175682.58,17.5,10760361.7,188306329.8
14/01/2019 18:00,10760345.92,0,99160.979,17.5,10760345.92,188306053.6
14/01/2019 19:00,10760334.52,0,14767.694,17.5,10760334.52,188305854
14/01/2019 20:00,10760333.06,0,11424.362,17.5,10760333.06,188305828.5
14/01/2019 21:00,10760348.73,0,181018.593,17.5,10760348.73,188306102.7
14/01/2019 22:00,10760377.95,0,541924.953,17.5,10760377.95,188306614.1
14/01/2019 23:00,10760383.01,0,657456.324,17.5,10760383.01,188306702.6
15/01/2019 0:00,10760362.74,0,490931.067,17.5,10760362.74,188306347.9
15/01/2019 1:00,10760348.53,0,185094.24,17.5,10760348.53,188306099.3
15/01/2019 2:00,10760353.52,0,280114.462,17.5,10760353.52,188306186.6
15/01/2019 3:00,10760359.56,0,247039.44,17.5,10760359.56,188306292.4
15/01/2019 4:00,10760358.31,0,36616.642,17.5,10760358.31,188306270.4
15/01/2019 5:00,10760367.13,0,27053.525,17.5,10760367.13,188306424.8
15/01/2019 6:00,10760372.56,0,82935.436,17.5,10760372.56,188306519.7
15/01/2019 7:00,10760373.48,1784414.149,156489.566,17.5,10760373.48,188306535.9
15/01/2019 8:00,10760371.37,11374943.92,399727.151,17.5,10760371.37,188306499
15/01/2019 9:00,10760371.34,21257735.19,728348.455,17.5,10760371.34,188306498.4
15/01/2019 10:00,10760378.79,28499725.99,3504133.389,17.5,10760378.79,188306628.8
15/01/2019 11:00,10760394.51,32448892.16,4137390.128,17.5,10760394.51,188306904
15/01/2019 12:00,10760404.34,32723389.42,3488050.478,17.5,10760404.34,188307076
15/01/2019 13:00,10760405.67,29892380.23,4200947.063,17.5,10760405.67,188307099.3
15/01/2019 14:00,10760397.48,24803458.72,4136849.581,17.5,10760397.48,188306956
15/01/2019 15:00,10760383.01,16699927.31,4204175.745,17.5,10760383.01,188306702.7
15/01/2019 16:00,10760369.02,5982019.666,7317243.683,17.5,10760369.02,188306457.9
15/01/2019 17:00,10760355.08,0,11351016.02,17.5,10760355.08,188306213.9
15/01/2019 18:00,10760340.29,0,15244757.61,17.5,10760340.29,188305955.1
15/01/2019 19:00,10760329.77,0,15623459.73,17.5,10760329.77,188305770.9
15/01/2019 20:00,10760329.03,0,9571061.229,17.5,10760329.03,188305758.1
15/01/2019 21:00,10760345.26,0,6101631.266,17.5,10760345.26,188306042
15/01/2019 22:00,10760374.99,0,6031534.866,17.5,10760374.99,188306562.3
15/01/2019 23:00,10760380.82,0,7292469.265,17.5,10760380.82,188306664.3
16/01/2019 0:00,10760361.42,0,6509500.958,17.5,10760361.42,188306324.9
16/01/2019 1:00,10760347.98,0,3928664.625,17.5,10760347.98,188306089.6
16/01/2019 2:00,10760353.67,0,1788539.742,17.5,10760353.67,188306189.2
16/01/2019 3:00,10760360.41,0,1508950.164,17.5,10760360.41,188306307.2
16/01/2019 4:00,10760359.81,0,2267711.543,17.5,10760359.81,188306296.7
16/01/2019 5:00,10760369.32,0,2384488.093,17.5,10760369.32,188306463.1
16/01/2019 6:00,10760375.39,0,1872911.443,17.5,10760375.39,188306569.3
16/01/2019 7:00,10760376.9,1657538.937,1508057.153,17.5,10760376.9,188306595.7
16/01/2019 8:00,10760375.29,11017211.09,1261785.248,17.5,10760375.29,188306567.5
16/01/2019 9:00,10760375.72,18482967.07,628214.569,17.5,10760375.72,188306575
16/01/2019 10:00,10760383.67,16811505.58,1426855.333,17.5,10760383.67,188306714.2
16/01/2019 11:00,10760399.96,12430666.62,3568580.755,17.5,10760399.96,188306999.2
16/01/2019 12:00,10760410.22,18701464.26,4994757.397,17.5,10760410.22,188307178.8
16/01/2019 13:00,10760411.78,25372351.12,5904391.616,17.5,10760411.78,188307206.2
16/01/2019 14:00,10760403.59,21642007.85,6447535.458,17.5,10760403.59,188307062.8
16/01/2019 15:00,10760388.93,13414188.42,8328218.137,17.5,10760388.93,188306806.3
16/01/2019 16:00,10760374.67,4353766.178,15333881.26,17.5,10760374.67,188306556.7
16/01/2019 17:00,10760360.37,0,23660260.15,17.5,10760360.37,188306306.5
16/01/2019 18:00,10760345.14,0,24435337.16,17.5,10760345.14,188306039.9
16/01/2019 19:00,10760334.17,0,21300351.11,17.5,10760334.17,188305847.9
16/01/2019 20:00,10760333.06,0,16610941.74,17.5,10760333.06,188305828.5
16/01/2019 21:00,10760349.03,0,10702432.1,17.5,10760349.03,188306108
16/01/2019 22:00,10760378.55,0,5298188.752,17.5,10760378.55,188306624.6
16/01/2019 23:00,10760383.83,0,2497998.083,17.5,10760383.83,188306717.1
17/01/2019 0:00,10760363.68,0,1480477.453,17.5,10760363.68,188306364.4
17/01/2019 1:00,10760349.55,0,1158292.675,17.5,10760349.55,188306117.2
17/01/2019 2:00,10760354.64,0,1767805.336,17.5,10760354.64,188306206.2
17/01/2019 3:00,10760360.76,0,4567471.41,17.5,10760360.76,188306313.2
17/01/2019 4:00,10760359.52,0,10170950.26,17.5,10760359.52,188306291.6
17/01/2019 5:00,10760368.38,0,15855662.8,17.5,10760368.38,188306446.7
17/01/2019 6:00,10760373.81,0,18349917.71,17.5,10760373.81,188306541.7
17/01/2019 7:00,10760374.73,1720876.642,16507190.36,17.5,10760374.73,188306557.7
17/01/2019 8:00,10760372.58,11505260.83,8573502.245,17.5,10760372.58,188306520.2
17/01/2019 9:00,10760372.52,22134616.39,1670448.224,17.5,10760372.52,188306519.2
17/01/2019 10:00,10760379.98,29621415.43,447133.691,17.5,10760379.98,188306649.6
17/01/2019 11:00,10760395.75,32347628.34,873436.812,17.5,10760395.75,188306925.6
17/01/2019 12:00,10760405.62,32933304.8,719435.889,17.5,10760405.62,188307098.3
17/01/2019 13:00,10760406.99,30515004.33,419277.159,17.5,10760406.99,188307122.3
17/01/2019 14:00,10760398.83,26081191.16,379156.298,17.5,10760398.83,188306979.6
17/01/2019 15:00,10760384.41,17294164.87,674277.382,17.5,10760384.41,188306727.2
17/01/2019 16:00,10760370.5,6117471.84,1654894.211,17.5,10760370.5,188306483.7
17/01/2019 17:00,10760356.67,8308.946,2106928.865,17.5,10760356.67,188306241.7
17/01/2019 18:00,10760342.02,0,955299.539,17.5,10760342.02,188305985.3
17/01/2019 19:00,10760331.68,0,39346.871,17.5,10760331.68,188305804.4
17/01/2019 20:00,10760331.21,0,32384.546,17.5,10760331.21,188305796.2
17/01/2019 21:00,10760347.86,0,672160.468,17.5,10760347.86,188306087.6
17/01/2019 22:00,10760378.2,0,914846.625,17.5,10760378.2,188306618.6
17/01/2019 23:00,10760384.5,0,325669.203,17.5,10760384.5,188306728.7
18/01/2019 0:00,10760365.34,0,152495.717,17.5,10760365.34,188306393.4
18/01/2019 1:00,10760352.17,0,130575.495,17.5,10760352.17,188306163
18/01/2019 2:00,10760358.38,0,494012.639,17.5,10760358.38,188306271.6
18/01/2019 3:00,10760365.68,0,2082606.48,17.5,10760365.68,188306399.4
18/01/2019 4:00,10760365.55,0,4138939.794,17.5,10760365.55,188306397.1
18/01/2019 5:00,10760375.71,0,5798135.704,17.5,10760375.71,188306574.8
18/01/2019 6:00,10760382.38,0,7072431.212,17.5,10760382.38,188306691.7
18/01/2019 7:00,10760384.42,1233766.404,6919129.04,17.5,10760384.42,188306727.4
18/01/2019 8:00,10760383.27,4194670.106,4563475.917,17.5,10760383.27,188306707.3
18/01/2019 9:00,10760384.2,5991707.617,1219555.629,17.5,10760384.2,188306723.6
18/01/2019 10:00,10760392.82,12810075.89,87005.736,17.5,10760392.82,188306874.3
18/01/2019 11:00,10760409.98,20579937.84,12739.343,17.5,10760409.98,188307174.6
18/01/2019 12:00,10760420.96,24063876.37,38686.364,17.5,10760420.96,188307366.9
18/01/2019 13:00,10760423.02,20495722.86,32444.994,17.5,10760423.02,188307402.9
18/01/2019 14:00,10760415.02,13312342.04,514447.288,17.5,10760415.02,188307262.8
18/01/2019 15:00,10760400.31,9891488.789,2350259.307,17.5,10760400.31,188307005.4
18/01/2019 16:00,10760385.94,3270670.509,6554386.229,17.5,10760385.94,188306754
18/01/2019 17:00,10760371.48,0,14899768.44,17.5,10760371.48,188306500.9
18/01/2019 18:00,10760355.99,0,22432929.87,17.5,10760355.99,188306229.9
18/01/2019 19:00,10760344.85,0,25509798.36,17.5,10760344.85,188306034.9
18/01/2019 20:00,10760343.84,0,24989405.28,17.5,10760343.84,188306017.2
18/01/2019 21:00,10760360.43,0,23194752.61,17.5,10760360.43,188306307.5
18/01/2019 22:00,10760390.98,0,21675046.51,17.5,10760390.98,188306842.1
18/01/2019 23:00,10760396.47,0,20741654.04,17.5,10760396.47,188306938.2
19/01/2019 0:00,10760375.65,0,20734201.1,17.5,10760375.65,188306573.9
19/01/2019 1:00,10760361.02,0,21820397.35,17.5,10760361.02,188306317.9
19/01/2019 2:00,10760366.21,0,16537512.29,17.5,10760366.21,188306408.6
19/01/2019 3:00,10760372.41,0,16397833.4,17.5,10760372.41,188306517.2
19/01/2019 4:00,10760371,0,24325441.6,17.5,10760371,188306492.5
19/01/2019 5:00,10760379.97,0,31540360.54,17.5,10760379.97,188306649.5
19/01/2019 6:00,10760385.36,0,28188734.58,17.5,10760385.36,188306743.8
19/01/2019 7:00,10760386.06,933881.377,20505875.58,17.5,10760386.06,188306756.1
19/01/2019 8:00,10760383.59,6610162.333,10719051.1,17.5,10760383.59,188306712.7
19/01/2019 9:00,10760383.23,14592356.1,12539819.6,17.5,10760383.23,188306706.5
19/01/2019 10:00,10760390.57,18120638.4,7927516.645,17.5,10760390.57,188306835
19/01/2019 11:00,10760406.4,20172058.54,4414191.58,17.5,10760406.4,188307112
19/01/2019 12:00,10760416.13,20715390.84,1986720.982,17.5,10760416.13,188307282.2
19/01/2019 13:00,10760417.1,19968604.25,667747.779,17.5,10760417.1,188307299.2
19/01/2019 14:00,10760408.29,17190831,406630.16,17.5,10760408.29,188307145.1
19/01/2019 15:00,10760393.07,12559436.12,480174.621,17.5,10760393.07,188306878.7
19/01/2019 16:00,10760378.38,5089030.535,660349.017,17.5,10760378.38,188306621.7
19/01/2019 17:00,10760363.8,1544.799,623412.008,17.5,10760363.8,188306366.4
19/01/2019 18:00,10760348.39,0,585943.444,17.5,10760348.39,188306096.9
19/01/2019 19:00,10760337.41,0,370506.096,17.5,10760337.41,188305904.6
19/01/2019 20:00,10760336.47,0,85254.088,17.5,10760336.47,188305888.2
19/01/2019 21:00,10760352.89,0,92632.565,17.5,10760352.89,188306175.6
19/01/2019 22:00,10760383.14,0,665404.896,17.5,10760383.14,188306705
19/01/2019 23:00,10760388.98,0,3197372.555,17.5,10760388.98,188306807.2
20/01/2019 0:00,10760369.1,0,7759685.205,17.5,10760369.1,188306459.3
20/01/2019 1:00,10760355.35,0,12521720.49,17.5,10760355.35,188306218.5
20/01/2019 2:00,10760361.16,0,14085938.39,17.5,10760361.16,188306320.2
20/01/2019 3:00,10760368.07,0,12317151.14,17.5,10760368.07,188306441.3
20/01/2019 4:00,10760367.54,0,8905669.954,17.5,10760367.54,188306431.9
20/01/2019 5:00,10760377.36,0,7937523.073,17.5,10760377.36,188306603.7
20/01/2019 6:00,10760383.71,0,6393647.858,17.5,10760383.71,188306714.9
20/01/2019 7:00,10760385.44,429231.618,2640261.854,17.5,10760385.44,188306745.2
20/01/2019 8:00,10760384.02,1427631.142,4701192.238,17.5,10760384.02,188306720.3
20/01/2019 9:00,10760384.73,2637086.995,18152252.53,17.5,10760384.73,188306732.8
20/01/2019 10:00,10760393.18,8235516.416,5261773.803,17.5,10760393.18,188306880.7
20/01/2019 11:00,10760410.25,18195382.29,3350732.205,17.5,10760410.25,188307179.3
20/01/2019 12:00,10760421.19,7439254.029,4369250.439,17.5,10760421.19,188307370.9
20/01/2019 13:00,10760423.27,15240814.39,1398219.286,17.5,10760423.27,188307407.3
20/01/2019 14:00,10760415.37,19700567.08,715845.069,17.5,10760415.37,188307268.9
20/01/2019 15:00,10760400.82,12789111.44,921370.053,17.5,10760400.82,188307014.3
20/01/2019 16:00,10760386.68,3788196.658,2536990.299,17.5,10760386.68,188306766.9
20/01/2019 17:00,10760372.51,0,7495989.174,17.5,10760372.51,188306518.9
20/01/2019 18:00,10760357.36,0,6447823.068,17.5,10760357.36,188306253.8
20/01/2019 19:00,10760346.62,0,8486755.553,17.5,10760346.62,188306065.8
20/01/2019 20:00,10760346.1,0,6372435.262,17.5,10760346.1,188306056.8
20/01/2019 21:00,10760363.39,0,4866937.259,17.5,10760363.39,188306359.3
20/01/2019 22:00,10760394.87,0,2585549.755,17.5,10760394.87,188306910.3
20/01/2019 23:00,10760401.17,0,1428263.768,17.5,10760401.17,188307020.4
21/01/2019 0:00,10760380.85,0,578639.228,17.5,10760380.85,188306664.8
21/01/2019 1:00,10760366.76,0,210375.387,17.5,10760366.76,188306418.2
21/01/2019 2:00,10760372.79,0,786234.09,17.5,10760372.79,188306523.8
21/01/2019 3:00,10760379.9,0,1941716.591,17.5,10760379.9,188306648.3
21/01/2019 4:00,10760379.26,0,4177545.123,17.5,10760379.26,188306637
21/01/2019 5:00,10760389.23,0,3668939.22,17.5,10760389.23,188306811.5
21/01/2019 6:00,10760395.55,0,3027094.787,17.5,10760395.55,188306922.2
21/01/2019 7:00,10760397.05,224959.97,3662749.96,17.5,10760397.05,188306948.4
21/01/2019 8:00,10760395.24,2159202.458,4079866.337,17.5,10760395.24,188306916.7
21/01/2019 9:00,10760395.57,4991612.977,3104631.089,17.5,10760395.57,188306922.5
21/01/2019 10:00,10760403.8,9221011.531,2850182.036,17.5,10760403.8,188307066.5
21/01/2019 11:00,10760420.79,14077487.55,2846037.081,17.5,10760420.79,188307363.7
21/01/2019 12:00,10760431.41,18684225.97,2598753.702,17.5,10760431.41,188307549.6
21/01/2019 13:00,10760432.88,18942254.19,2407012.809,17.5,10760432.88,188307575.4
21/01/2019 14:00,10760424.1,14043853.17,2875665.79,17.5,10760424.1,188307421.8
21/01/2019 15:00,10760408.54,8503683.385,4495315.938,17.5,10760408.54,188307149.5
21/01/2019 16:00,10760393.41,2892208.204,6557624.092,17.5,10760393.41,188306884.6
21/01/2019 17:00,10760378.26,0,9744842.035,17.5,10760378.26,188306619.5
21/01/2019 18:00,10760362.14,0,9492188.539,17.5,10760362.14,188306337.5
21/01/2019 19:00,10760350.52,0,6504241.168,17.5,10760350.52,188306134
21/01/2019 20:00,10760349.24,0,2691889.972,17.5,10760349.24,188306111.7
21/01/2019 21:00,10760365.87,0,329518.545,17.5,10760365.87,188306402.7
21/01/2019 22:00,10760396.67,0,47516.208,17.5,10760396.67,188306941.8
21/01/2019 23:00,10760402.08,0,312868.021,17.5,10760402.08,188307036.4
22/01/2019 0:00,10760380.85,0,1789079.51,17.5,10760380.85,188306664.8
22/01/2019 1:00,10760365.93,0,3624957.108,17.5,10760365.93,188306403.7
22/01/2019 2:00,10760371.11,0,4599759.8,17.5,10760371.11,188306494.4
22/01/2019 3:00,10760377.36,0,5419744.503,17.5,10760377.36,188306603.7
22/01/2019 4:00,10760375.9,0,6033834.919,17.5,10760375.9,188306578.3
22/01/2019 5:00,10760384.98,0,5495720.948,17.5,10760384.98,188306737.1
22/01/2019 6:00,10760390.45,0,3672603.24,17.5,10760390.45,188306832.8
22/01/2019 7:00,10760391.17,1636654.52,1969662.428,17.5,10760391.17,188306845.5
22/01/2019 8:00,10760388.69,9551379.701,636156.414,17.5,10760388.69,188306802.1
22/01/2019 9:00,10760388.36,20568145.46,105958.127,17.5,10760388.36,188306796.3
22/01/2019 10:00,10760395.83,29558039.99,7430.437,17.5,10760395.83,188306927
22/01/2019 11:00,10760411.9,32125668.73,25923.035,17.5,10760411.9,188307208.3
22/01/2019 12:00,10760421.79,32138652.74,142108.116,17.5,10760421.79,188307381.3
22/01/2019 13:00,10760422.79,29354681.35,580879.457,17.5,10760422.79,188307398.8
22/01/2019 14:00,10760413.87,24656852.78,1075120.791,17.5,10760413.87,188307242.7
22/01/2019 15:00,10760398.43,16224433.77,1193118.86,17.5,10760398.43,188306972.5
22/01/2019 16:00,10760383.51,6034447.946,1445203.589,17.5,10760383.51,188306711.5
22/01/2019 17:00,10760368.68,45172.229,3667898.208,17.5,10760368.68,188306452
22/01/2019 18:00,10760353.01,0,8571040.406,17.5,10760353.01,188306177.7
22/01/2019 19:00,10760341.79,0,14394133.42,17.5,10760341.79,188305981.4
22/01/2019 20:00,10760340.74,0,19074952.07,17.5,10760340.74,188305962.9
22/01/2019 21:00,10760357.24,0,21302131.19,17.5,10760357.24,188306251.7
22/01/2019 22:00,10760387.69,0,20786189.88,17.5,10760387.69,188306784.6
22/01/2019 23:00,10760393.41,0,17379878.07,17.5,10760393.41,188306884.7
23/01/2019 0:00,10760373.11,0,13007273.43,17.5,10760373.11,188306529.4
23/01/2019 1:00,10760358.99,0,9867076.308,17.5,10760358.99,188306282.3
23/01/2019 2:00,10760364.63,0,8032932.649,17.5,10760364.63,188306381
23/01/2019 3:00,10760371.35,0,7866525.063,17.5,10760371.35,188306498.7
23/01/2019 4:00,10760370.54,0,9332245.654,17.5,10760370.54,188306484.4
23/01/2019 5:00,10760380.14,0,11036995.19,17.5,10760380.14,188306652.5
23/01/2019 6:00,10760386.22,0,11851511.94,17.5,10760386.22,188306758.9
23/01/2019 7:00,10760387.62,1863743.381,9989829.184,17.5,10760387.62,188306783.4
23/01/2019 8:00,10760385.84,9106252.75,5170065.831,17.5,10760385.84,188306752.2
23/01/2019 9:00,10760386.19,21772556.24,3355375.064,17.5,10760386.19,188306758.3
23/01/2019 10:00,10760394.28,30468580.34,1990873.183,17.5,10760394.28,188306899.9
23/01/2019 11:00,10760410.97,33678200.48,367784.03,17.5,10760410.97,188307191.9
23/01/2019 12:00,10760421.48,33631831.17,3570.169,17.5,10760421.48,188307375.9
23/01/2019 13:00,10760423.09,30927262.24,50,17.5,10760423.09,188307404.1
23/01/2019 14:00,10760414.72,23353445.05,530.776,17.5,10760414.72,188307257.5
23/01/2019 15:00,10760399.72,14940947.37,63985.451,17.5,10760399.72,188306995.2
23/01/2019 16:00,10760385.16,5398980.808,1323612.673,17.5,10760385.16,188306740.3
23/01/2019 17:00,10760370.59,43536.279,7631591.372,17.5,10760370.59,188306485.2
23/01/2019 18:00,10760355.07,0,16579384.45,17.5,10760355.07,188306213.7
23/01/2019 19:00,10760343.95,0,21693006.87,17.5,10760343.95,188306019.1
23/01/2019 20:00,10760342.99,0,20093072.46,17.5,10760342.99,188306002.4
23/01/2019 21:00,10760359.65,0,15019377.03,17.5,10760359.65,188306293.9
23/01/2019 22:00,10760390.3,0,10728371.69,17.5,10760390.3,188306830.3
23/01/2019 23:00,10760396,0,8023312.321,17.5,10760396,188306930
24/01/2019 0:00,10760375.46,0,6388526.341,17.5,10760375.46,188306570.5
24/01/2019 1:00,10760361.11,0,5738361.212,17.5,10760361.11,188306319.4
24/01/2019 2:00,10760366.59,0,6327221.712,17.5,10760366.59,188306415.3
24/01/2019 3:00,10760373.13,0,7689244.231,17.5,10760373.13,188306529.7
24/01/2019 4:00,10760372.06,0,8722263.693,17.5,10760372.06,188306511
24/01/2019 5:00,10760381.41,0,8772270.832,17.5,10760381.41,188306674.6
24/01/2019 6:00,10760387.19,0,8126284.705,17.5,10760387.19,188306775.8
24/01/2019 7:00,10760388.26,2433447.138,6938396.127,17.5,10760388.26,188306794.6
24/01/2019 8:00,10760386.13,12835261.85,2851766.852,17.5,10760386.13,188306757.2
24/01/2019 9:00,10760386.11,23141721.18,433204.446,17.5,10760386.11,188306757
24/01/2019 10:00,10760393.84,30119071.7,26264.713,17.5,10760393.84,188306892.1
24/01/2019 11:00,10760410.11,33972951.54,21163.327,17.5,10760410.11,188307177
24/01/2019 12:00,10760420.21,34650151.38,36066.366,17.5,10760420.21,188307353.7
24/01/2019 13:00,10760421.44,32245359.71,70976.134,17.5,10760421.44,188307375.1
24/01/2019 14:00,10760412.73,27080845.53,207865.923,17.5,10760412.73,188307222.7
24/01/2019 15:00,10760397.47,18216228.5,630645.857,17.5,10760397.47,188306955.7
24/01/2019 16:00,10760382.69,7083682.153,1678423.582,17.5,10760382.69,188306697
24/01/2019 17:00,10760367.94,95376.083,3477564.164,17.5,10760367.94,188306438.9
24/01/2019 18:00,10760352.3,0,4732463.153,17.5,10760352.3,188306165.3
24/01/2019 19:00,10760341.07,0,4332561.245,17.5,10760341.07,188305968.8
24/01/2019 20:00,10760339.96,0,2415166.259,17.5,10760339.96,188305949.2
24/01/2019 21:00,10760356.31,0,891920.251,17.5,10760356.31,188306235.4
24/01/2019 22:00,10760386.54,0,1047008.44,17.5,10760386.54,188306764.4
24/01/2019 23:00,10760392.07,0,3500264.447,17.5,10760392.07,188306861.1
25/01/2019 0:00,10760371.63,0,8298758.243,17.5,10760371.63,188306503.6
25/01/2019 1:00,10760357.36,0,12427460.25,17.5,10760357.36,188306253.8
25/01/2019 2:00,10760362.74,0,12738403.23,17.5,10760362.74,188306348
25/01/2019 3:00,10760369.18,0,9924240.681,17.5,10760369.18,188306460.7
25/01/2019 4:00,10760368.11,0,6815351.19,17.5,10760368.11,188306442
25/01/2019 5:00,10760377.38,0,4177247.69,17.5,10760377.38,188306604.1
25/01/2019 6:00,10760383.12,0,2218530.254,17.5,10760383.12,188306704.6
25/01/2019 7:00,10760384.22,3703623.694,1074773.479,17.5,10760384.22,188306723.9
25/01/2019 8:00,10760382.17,16059334.48,123733.746,17.5,10760382.17,188306687.9
25/01/2019 9:00,10760382.22,26374868.43,11325.955,17.5,10760382.22,188306688.9
25/01/2019 10:00,10760389.95,32962634.25,3416158.876,17.5,10760389.95,188306824.1
25/01/2019 11:00,10760406.17,35433562.04,5518570.136,17.5,10760406.17,188307108
25/01/2019 12:00,10760416.29,35845727.63,6382721.955,17.5,10760416.29,188307285.1
25/01/2019 13:00,10760417.63,33146511.1,5872358.699,17.5,10760417.63,188307308.5
25/01/2019 14:00,10760409.13,26706924.26,4420203.179,17.5,10760409.13,188307159.8
25/01/2019 15:00,10760394.14,17676614.93,3962713.131,17.5,10760394.14,188306897.5
25/01/2019 16:00,10760379.62,6677050.362,6845516.761,17.5,10760379.62,188306643.3
25/01/2019 17:00,10760365.13,90522.661,14930568.58,17.5,10760365.13,188306389.7
25/01/2019 18:00,10760349.75,0,21071746.75,17.5,10760349.75,188306120.6
25/01/2019 19:00,10760338.74,0,22076371.5,17.5,10760338.74,188305927.9
25/01/2019 20:00,10760337.76,0,19858861.24,17.5,10760337.76,188305910.8
25/01/2019 21:00,10760354.16,0,15880413.06,17.5,10760354.16,188306197.8
25/01/2019 22:00,10760384.36,0,11119367.35,17.5,10760384.36,188306726.3
25/01/2019 23:00,10760390.02,0,6186947.333,17.5,10760390.02,188306825.4
26/01/2019 0:00,10760369.85,0,2609555.815,17.5,10760369.85,188306472.3
26/01/2019 1:00,10760355.79,0,885399.382,17.5,10760355.79,188306226.2
26/01/2019 2:00,10760361.28,0,289788.711,17.5,10760361.28,188306322.5
26/01/2019 3:00,10760367.84,0,197950.748,17.5,10760367.84,188306437.2
26/01/2019 4:00,10760366.91,0,149273.655,17.5,10760366.91,188306420.9
26/01/2019 5:00,10760376.28,0,347891.815,17.5,10760376.28,188306584.8
26/01/2019 6:00,10760382.13,0,1153064.159,17.5,10760382.13,188306687.3
26/01/2019 7:00,10760383.35,2710016.724,2488761.996,17.5,10760383.35,188306708.6
26/01/2019 8:00,10760381.41,13317200.55,1807691.411,17.5,10760381.41,188306674.7
26/01/2019 9:00,10760381.57,23354059.82,389346.064,17.5,10760381.57,188306677.4
26/01/2019 10:00,10760389.37,29815112.01,58891.437,17.5,10760389.37,188306814
26/01/2019 11:00,10760405.65,32320313.52,143346.195,17.5,10760405.65,188307098.8
26/01/2019 12:00,10760415.82,32901003.96,87101.46,17.5,10760415.82,188307276.9
26/01/2019 13:00,10760417.21,30813793.71,16793.347,17.5,10760417.21,188307301.2
26/01/2019 14:00,10760408.76,26132482.48,4042.604,17.5,10760408.76,188307153.3
26/01/2019 15:00,10760393.8,17031286.51,47215.837,17.5,10760393.8,188306891.6
26/01/2019 16:00,10760379.29,6149690.807,688965.491,17.5,10760379.29,188306637.6
26/01/2019 17:00,10760364.8,98798.023,1964349.343,17.5,10760364.8,188306383.9
26/01/2019 18:00,10760349.4,0,3088956.498,17.5,10760349.4,188306114.4
26/01/2019 19:00,10760338.35,0,3452153.6,17.5,10760338.35,188305921.1
26/01/2019 20:00,10760337.31,0,2615332.757,17.5,10760337.31,188305902.9
26/01/2019 21:00,10760353.61,0,1271111.998,17.5,10760353.61,188306188.1
26/01/2019 22:00,10760383.66,0,788738.068,17.5,10760383.66,188306714
26/01/2019 23:00,10760389.18,0,1535215.032,17.5,10760389.18,188306810.7
27/01/2019 0:00,10760368.92,0,4137704.168,17.5,10760368.92,188306456.2
27/01/2019 1:00,10760354.76,0,8993678.403,17.5,10760354.76,188306208.3
27/01/2019 2:00,10760360.1,0,14287416.46,17.5,10760360.1,188306301.7
27/01/2019 3:00,10760366.47,0,16654182.61,17.5,10760366.47,188306413.2
27/01/2019 4:00,10760365.37,0,16639300.89,17.5,10760365.37,188306394
27/01/2019 5:00,10760374.51,0,14143556.44,17.5,10760374.51,188306553.9
27/01/2019 6:00,10760380.14,0,10376886.15,17.5,10760380.14,188306652.5
27/01/2019 7:00,10760381.15,2258092.809,7172928.828,17.5,10760381.15,188306670.1
27/01/2019 8:00,10760379.01,12214220.79,2677662.54,17.5,10760379.01,188306632.7
27/01/2019 9:00,10760378.95,22742868.55,196681.809,17.5,10760378.95,188306631.6
27/01/2019 10:00,10760386.47,30030053.31,566473.106,17.5,10760386.47,188306763.3
27/01/2019 11:00,10760402.39,32662630.99,862151.486,17.5,10760402.39,188307041.8
27/01/2019 12:00,10760412.23,33549897.62,801920.654,17.5,10760412.23,188307214.1
27/01/2019 13:00,10760413.36,31175966.07,406209.262,17.5,10760413.36,188307233.8
27/01/2019 14:00,10760404.74,26238151.03,98484.371,17.5,10760404.74,188307082.9
27/01/2019 15:00,10760389.68,17379738.56,20146.002,17.5,10760389.68,188306819.5
27/01/2019 16:00,10760375.09,6626607.912,94177.07,17.5,10760375.09,188306564.1
27/01/2019 17:00,10760360.54,120344.678,238208.363,17.5,10760360.54,188306309.4
27/01/2019 18:00,10760345.1,0,347868.982,17.5,10760345.1,188306039.3
27/01/2019 19:00,10760333.99,0,417300.258,17.5,10760333.99,188305844.8
27/01/2019 20:00,10760332.77,0,351673.988,17.5,10760332.77,188305823.4
27/01/2019 21:00,10760348.64,0,355979.733,17.5,10760348.64,188306101.2
27/01/2019 22:00,10760378.06,0,1599122.67,17.5,10760378.06,188306616.1
27/01/2019 23:00,10760383.3,0,6627738.191,17.5,10760383.3,188306707.7
28/01/2019 0:00,10760363.16,0,13712653.74,17.5,10760363.16,188306355.2
28/01/2019 1:00,10760349.04,0,16951651.27,17.5,10760349.04,188306108.2
28/01/2019 2:00,10760354.12,0,13855165.94,17.5,10760354.12,188306197.2
28/01/2019 3:00,10760360.24,0,9721893.333,17.5,10760360.24,188306304.1
28/01/2019 4:00,10760359.01,0,7140595.199,17.5,10760359.01,188306282.7
28/01/2019 5:00,10760367.86,0,5260652.592,17.5,10760367.86,188306437.5
28/01/2019 6:00,10760373.27,0,6284507.748,17.5,10760373.27,188306532.2
28/01/2019 7:00,10760374.15,3692950.162,7103071.051,17.5,10760374.15,188306547.7
28/01/2019 8:00,10760371.96,15874412.33,2836768.511,17.5,10760371.96,188306509.4
28/01/2019 9:00,10760371.83,26489214.72,168687.147,17.5,10760371.83,188306507.1
28/01/2019 10:00,10760379.17,33252919.77,745.146,17.5,10760379.17,188306635.4
28/01/2019 11:00,10760394.75,34780605.89,61531.597,17.5,10760394.75,188306908.2
28/01/2019 12:00,10760404.4,35166785.97,82913.76,17.5,10760404.4,188307077
28/01/2019 13:00,10760405.52,32552364.53,122188.481,17.5,10760405.52,188307096.6
28/01/2019 14:00,10760397.1,27061726.21,106212.088,17.5,10760397.1,188306949.2
28/01/2019 15:00,10760382.4,18156589.64,191905.29,17.5,10760382.4,188306691.9
28/01/2019 16:00,10760368.16,7100301.927,399563.596,17.5,10760368.16,188306442.9
28/01/2019 17:00,10760353.99,152082.206,1206820.858,17.5,10760353.99,188306194.7
28/01/2019 18:00,10760338.96,0,1930221.62,17.5,10760338.96,188305931.8
28/01/2019 19:00,10760328.19,0,1983242.553,17.5,10760328.19,188305743.4
28/01/2019 20:00,10760327.16,0,719339.678,17.5,10760327.16,188305725.4
28/01/2019 21:00,10760342.97,0,47983.086,17.5,10760342.97,188306001.9
28/01/2019 22:00,10760372.14,0,199468.857,17.5,10760372.14,188306512.5
28/01/2019 23:00,10760377.54,0,1030461.592,17.5,10760377.54,188306607
29/01/2019 0:00,10760357.95,0,2455297.192,17.5,10760357.95,188306264.1
29/01/2019 1:00,10760344.28,0,4485421.401,17.5,10760344.28,188306024.9
29/01/2019 2:00,10760349.55,0,7105871.059,17.5,10760349.55,188306117
29/01/2019 3:00,10760355.84,0,6864243.808,17.5,10760355.84,188306227.2
29/01/2019 4:00,10760354.89,0,4712913.726,17.5,10760354.89,188306210.5
29/01/2019 5:00,10760363.9,0,4785852.578,17.5,10760363.9,188306368.2
29/01/2019 6:00,10760369.51,0,5478087.722,17.5,10760369.51,188306466.5
29/01/2019 7:00,10760370.64,3371328.091,3662716.948,17.5,10760370.64,188306486.2
29/01/2019 8:00,10760368.71,14877388.78,903198.978,17.5,10760368.71,188306452.5
29/01/2019 9:00,10760368.81,25282316.07,72558.005,17.5,10760368.81,188306454.2
29/01/2019 10:00,10760376.3,31796929.81,336930.172,17.5,10760376.3,188306585.2
29/01/2019 11:00,10760391.97,32160674.26,1736161.528,17.5,10760391.97,188306859.4
29/01/2019 12:00,10760401.73,31726009.39,2736677.049,17.5,10760401.73,188307030.3
29/01/2019 13:00,10760403,28674255.72,2513939.692,17.5,10760403,188307052.4
29/01/2019 14:00,10760394.75,22040208.38,3983551.945,17.5,10760394.75,188306908.1
29/01/2019 15:00,10760380.21,13113818.22,8004327.302,17.5,10760380.21,188306653.7
29/01/2019 16:00,10760366.11,4114797.99,13525147.8,17.5,10760366.11,188306406.9
29/01/2019 17:00,10760352.01,47108.393,18200699.57,17.5,10760352.01,188306160.2
29/01/2019 18:00,10760337.05,0,18515924.87,17.5,10760337.05,188305898.3
29/01/2019 19:00,10760326.28,0,14905363.65,17.5,10760326.28,188305709.9
29/01/2019 20:00,10760325.18,0,11252557.88,17.5,10760325.18,188305690.6
29/01/2019 21:00,10760340.78,0,6059559.998,17.5,10760340.78,188305963.7
29/01/2019 22:00,10760369.64,0,4816594.922,17.5,10760369.64,188306468.8
29/01/2019 23:00,10760374.87,0,7421060.117,17.5,10760374.87,188306560.3
30/01/2019 0:00,10760355.28,0,8948228.296,17.5,10760355.28,188306217.5
30/01/2019 1:00,10760341.6,0,7755606.555,17.5,10760341.6,188305977.9
30/01/2019 2:00,10760346.71,0,3686400.437,17.5,10760346.71,188306067.5
30/01/2019 3:00,10760352.86,0,3560515.753,17.5,10760352.86,188306175.1
30/01/2019 4:00,10760351.85,0,4431637.917,17.5,10760351.85,188306157.3
30/01/2019 5:00,10760360.74,0,4141075.713,17.5,10760360.74,188306313
30/01/2019 6:00,10760366.31,0,3983075.684,17.5,10760366.31,188306410.4
30/01/2019 7:00,10760367.47,1136378.021,2903859.526,17.5,10760367.47,188306430.7
30/01/2019 8:00,10760365.65,6490346.14,1169275.267,17.5,10760365.65,188306398.9
30/01/2019 9:00,10760365.9,14043674.7,456069.951,17.5,10760365.9,188306403.3
30/01/2019 10:00,10760373.56,22719667.83,457621.888,17.5,10760373.56,188306537.2
30/01/2019 11:00,10760389.42,28164238.5,1144494.582,17.5,10760389.42,188306814.8
30/01/2019 12:00,10760399.52,28444052.08,1965561.037,17.5,10760399.52,188306991.6
30/01/2019 13:00,10760401.27,25427291.11,1473181.764,17.5,10760401.27,188307022.2
30/01/2019 14:00,10760393.64,18567543.03,505277.222,17.5,10760393.64,188306888.7
30/01/2019 15:00,10760379.81,11284199.21,384660.64,17.5,10760379.81,188306646.6
30/01/2019 16:00,10760366.46,3957991.557,2258640.953,17.5,10760366.46,188306413
30/01/2019 17:00,10760353.17,41720.211,12835338.54,17.5,10760353.17,188306180.5
30/01/2019 18:00,10760339.05,0,25538075.3,17.5,10760339.05,188305933.3
30/01/2019 19:00,10760329.17,0,31669261.94,17.5,10760329.17,188305760.5
30/01/2019 20:00,10760329.09,0,28814148.2,17.5,10760329.09,188305759.1
30/01/2019 21:00,10760346.04,0,22700095.13,17.5,10760346.04,188306055.7
30/01/2019 22:00,10760376.66,0,18987037.45,17.5,10760376.66,188306591.6
30/01/2019 23:00,10760383.38,0,22727161.17,17.5,10760383.38,188306709.1
31/01/2019 0:00,10760364.7,0,24833900.93,17.5,10760364.7,188306382.2
31/01/2019 1:00,10760351.97,0,16252962.15,17.5,10760351.97,188306159.4
31/01/2019 2:00,10760358.59,0,6744158.714,17.5,10760358.59,188306275.3
31/01/2019 3:00,10760366.31,0,2618655.055,17.5,10760366.31,188306410.5
31/01/2019 4:00,10760366.61,0,2150656.736,17.5,10760366.61,188306415.6
31/01/2019 5:00,10760377.22,0,2910419.059,17.5,10760377.22,188306601.3
31/01/2019 6:00,10760384.35,0,2856786.993,17.5,10760384.35,188306726.2
31/01/2019 7:00,10760386.83,1428766.238,1652210.989,17.5,10760386.83,188306769.5
31/01/2019 8:00,10760386.1,7440337.781,394884.562,17.5,10760386.1,188306756.7
31/01/2019 9:00,10760387.45,14239471.29,68930.749,17.5,10760387.45,188306780.3
31/01/2019 10:00,10760396.55,19511114.76,68195.645,17.5,10760396.55,188306939.6
31/01/2019 11:00,10760414.3,21493141.89,18519.285,17.5,10760414.3,188307250.3
31/01/2019 12:00,10760425.84,20182120.2,350,17.5,10760425.84,188307452.1
31/01/2019 13:00,10760428.34,16821870.95,106291.381,17.5,10760428.34,188307496
31/01/2019 14:00,10760420.65,11456094.21,1495354.235,17.5,10760420.65,188307361.3
31/01/2019 15:00,10760406.12,6843152.438,5286013.322,17.5,10760406.12,188307107.1
31/01/2019 16:00,10760391.91,3328516.449,10118017.56,17.5,10760391.91,188306858.4
31/01/2019 17:00,10760377.56,92154.039,16918418.31,17.5,10760377.56,188306607.3
31/01/2019 18:00,10760362.14,0,22882152.56,17.5,10760362.14,188306337.4
31/01/2019 19:00,10760351.09,0,23742160.32,17.5,10760351.09,188306144.1
31/01/2019 20:00,10760350.34,0,20784969.32,17.5,10760350.34,188306131
31/01/2019 21:00,10760367.52,0,16351560.48,17.5,10760367.52,188306431.7
31/01/2019 22:00,10760398.95,0,12836294.2,17.5,10760398.95,188306981.6
31/01/2019 23:00,10760404.82,0,11659687.98,17.5,10760404.82,188307084.3
01/02/2019 0:00,10760383.8,0,10878719.44,17.5,10760383.8,188306716.4
01/02/2019 1:00,10760369.05,0,10232812.14,17.5,10760369.05,188306458.4
01/02/2019 2:00,10760374.52,0,10506523.39,17.5,10760374.52,188306554.2
01/02/2019 3:00,10760381.02,0,11776937.68,17.5,10760381.02,188306667.9
01/02/2019 4:00,10760379.7,0,11583059.25,17.5,10760379.7,188306644.7
01/02/2019 5:00,10760388.96,0,8923971.96,17.5,10760388.96,188306806.9
01/02/2019 6:00,10760394.54,0,7161476.969,17.5,10760394.54,188306904.4
01/02/2019 7:00,10760395.27,1838059.727,6386774.909,17.5,10760395.27,188306917.2
01/02/2019 8:00,10760392.71,9754753.251,7479129.342,17.5,10760392.71,188306872.4
01/02/2019 9:00,10760392.28,24100525.83,12920898.54,17.5,10760392.28,188306864.9
01/02/2019 10:00,10760399.67,31492509.31,17162690.13,17.5,10760399.67,188306994.3
01/02/2019 11:00,10760415.7,35194139.59,20184079,17.5,10760415.7,188307274.8
01/02/2019 12:00,10760425.42,35769631.51,22181023.96,17.5,10760425.42,188307444.8
01/02/2019 13:00,10760426.12,33232229.09,22181272.1,17.5,10760426.12,188307457.1
01/02/2019 14:00,10760416.78,28072760.11,20784518.54,17.5,10760416.78,188307293.7
01/02/2019 15:00,10760400.86,19276393.42,18348810.28,17.5,10760400.86,188307015
01/02/2019 16:00,10760385.45,8159017.581,14342170.19,17.5,10760385.45,188306745.3
01/02/2019 17:00,10760370.12,282912.998,11163674.72,17.5,10760370.12,188306477
01/02/2019 18:00,10760353.94,0,9986092.128,17.5,10760353.94,188306193.9
01/02/2019 19:00,10760342.23,0,10294118.4,17.5,10760342.23,188305989
01/02/2019 20:00,10760340.68,0,12390642.94,17.5,10760340.68,188305961.9
01/02/2019 21:00,10760356.63,0,17428035.24,17.5,10760356.63,188306241
01/02/2019 22:00,10760386.41,0,23741867.04,17.5,10760386.41,188306762.1
01/02/2019 23:00,10760391.46,0,27683381.03,17.5,10760391.46,188306850.5
02/02/2019 0:00,10760370.6,0,28673640.29,17.5,10760370.6,188306485.6
02/02/2019 1:00,10760355.94,0,28128510.96,17.5,10760355.94,188306228.9
02/02/2019 2:00,10760360.85,0,26916990.77,17.5,10760360.85,188306314.9
02/02/2019 3:00,10760366.81,0,24869715.02,17.5,10760366.81,188306419.2
02/02/2019 4:00,10760365.3,0,22326242.55,17.5,10760365.3,188306392.7
02/02/2019 5:00,10760374.03,0,18488816.34,17.5,10760374.03,188306545.5
02/02/2019 6:00,10760379.25,0,13936679.23,17.5,10760379.25,188306636.8
02/02/2019 7:00,10760379.85,4548818.305,9377541.561,17.5,10760379.85,188306647.4
02/02/2019 8:00,10760377.34,16611383.55,2972492.979,17.5,10760377.34,188306603.4
02/02/2019 9:00,10760376.9,26856281.61,1176668.953,17.5,10760376.9,188306595.7
02/02/2019 10:00,10760384.01,33565838.73,1407422.281,17.5,10760384.01,188306720.2
02/02/2019 11:00,10760399.44,36806465.13,1964897.589,17.5,10760399.44,188306990.3
02/02/2019 12:00,10760408.83,37437379.04,2701411.837,17.5,10760408.83,188307154.5
02/02/2019 13:00,10760409.57,35004260.96,3418042.494,17.5,10760409.57,188307167.4
02/02/2019 14:00,10760400.65,29451228.09,3849290.995,17.5,10760400.65,188307011.4
02/02/2019 15:00,10760385.4,20775885.96,3661384.207,17.5,10760385.4,188306744.6
02/02/2019 16:00,10760370.64,9305010.083,3362498.057,17.5,10760370.64,188306486.1
02/02/2019 17:00,10760355.93,397469.42,3456246.035,17.5,10760355.93,188306228.8
02/02/2019 18:00,10760340.39,0,3612639.307,17.5,10760340.39,188305956.8
02/02/2019 19:00,10760329.13,0,3561165.73,17.5,10760329.13,188305759.8
02/02/2019 20:00,10760327.63,0,2893309.313,17.5,10760327.63,188305733.6
02/02/2019 21:00,10760342.96,0,2946620.01,17.5,10760342.96,188306001.7
02/02/2019 22:00,10760371.56,0,5773393.462,17.5,10760371.56,188306502.4
02/02/2019 23:00,10760376.37,0,11762011.32,17.5,10760376.37,188306586.5
03/02/2019 0:00,10760356.27,0,18200252.95,17.5,10760356.27,188306234.7
03/02/2019 1:00,10760342.11,0,21908299.62,17.5,10760342.11,188305987
03/02/2019 2:00,10760346.78,0,22369555.5,17.5,10760346.78,188306068.6
03/02/2019 3:00,10760352.44,0,20940598.59,17.5,10760352.44,188306167.8
03/02/2019 4:00,10760350.92,0,18143721.6,17.5,10760350.92,188306141.1
03/02/2019 5:00,10760359.24,0,14609361.87,17.5,10760359.24,188306286.7
03/02/2019 6:00,10760364.19,0,11505974.94,17.5,10760364.19,188306373.2
03/02/2019 7:00,10760364.7,5258478.213,9243411.595,17.5,10760364.7,188306382.3
03/02/2019 8:00,10760362.23,17509704.17,4065727.41,17.5,10760362.23,188306339
03/02/2019 9:00,10760361.76,27601993.11,1021898.595,17.5,10760361.76,188306330.7
03/02/2019 10:00,10760368.54,33970639.91,1041447.657,17.5,10760368.54,188306449.5
03/02/2019 11:00,10760383.32,36473605.89,1171139.612,17.5,10760383.32,188306708.1
03/02/2019 12:00,10760392.31,36939493.51,1528283.257,17.5,10760392.31,188306865.4
03/02/2019 13:00,10760393,34420201.72,1642081.584,17.5,10760393,188306877.6
03/02/2019 14:00,10760384.46,29179564.26,1455147.131,17.5,10760384.46,188306728
03/02/2019 15:00,10760369.85,20534136.32,1069110.323,17.5,10760369.85,188306472.3
03/02/2019 16:00,10760355.72,9194053.852,849096.607,17.5,10760355.72,188306225
03/02/2019 17:00,10760341.66,414812.234,677303.028,17.5,10760341.66,188305979.1
03/02/2019 18:00,10760326.82,0,513010.095,17.5,10760326.82,188305719.3
03/02/2019 19:00,10760316.1,0,392063.409,17.5,10760316.1,188305531.7
03/02/2019 20:00,10760314.77,0,726916.159,17.5,10760314.77,188305508.5
03/02/2019 21:00,10760329.63,0,2468173.183,17.5,10760329.63,188305768.5
03/02/2019 22:00,10760357.3,0,3952671.011,17.5,10760357.3,188306252.7
03/02/2019 23:00,10760362.11,0,4138914.834,17.5,10760362.11,188306336.8
04/02/2019 0:00,10760342.95,0,4787441.098,17.5,10760342.95,188306001.6
04/02/2019 1:00,10760329.51,0,5287310.331,17.5,10760329.51,188305766.4
04/02/2019 2:00,10760334.21,0,5658782.971,17.5,10760334.21,188305848.6
04/02/2019 3:00,10760339.89,0,3205439.306,17.5,10760339.89,188305948
04/02/2019 4:00,10760338.64,0,1989723.031,17.5,10760338.64,188305926.3
04/02/2019 5:00,10760346.91,0,2698523.313,17.5,10760346.91,188306071
04/02/2019 6:00,10760351.94,0,3196963.339,17.5,10760351.94,188306159
04/02/2019 7:00,10760352.7,4452632.001,3073001.626,17.5,10760352.7,188306172.3
04/02/2019 8:00,10760350.57,14005254.86,1302995.79,17.5,10760350.57,188306134.9
04/02/2019 9:00,10760350.37,24963100.12,295756.753,17.5,10760350.37,188306131.5
04/02/2019 10:00,10760357.21,30642256.45,89385.638,17.5,10760357.21,188306251.2
04/02/2019 11:00,10760371.82,35020418.99,1900.652,17.5,10760371.82,188306506.9
04/02/2019 12:00,10760380.83,34259048.86,5741.911,17.5,10760380.83,188306664.4
04/02/2019 13:00,10760381.79,29594218.91,34372.413,17.5,10760381.79,188306681.3
04/02/2019 14:00,10760373.76,25849917.94,64143.367,17.5,10760373.76,188306540.7
04/02/2019 15:00,10760359.81,13673743.9,72789.184,17.5,10760359.81,188306296.6
04/02/2019 16:00,10760346.3,4433155.413,99654.293,17.5,10760346.3,188306060.2
04/02/2019 17:00,10760332.84,95276.235,45526.719,17.5,10760332.84,188305824.6
04/02/2019 18:00,10760318.58,0,14835.782,17.5,10760318.58,188305575.2
04/02/2019 19:00,10760308.32,0,42535.667,17.5,10760308.32,188305395.7
04/02/2019 20:00,10760307.22,0,102925.534,17.5,10760307.22,188305376.3
04/02/2019 21:00,10760321.92,0,92057.585,17.5,10760321.92,188305633.5
04/02/2019 22:00,10760349.15,0,98333.273,17.5,10760349.15,188306110.1
04/02/2019 23:00,10760354.06,0,38392.88,17.5,10760354.06,188306196
05/02/2019 0:00,10760335.52,0,39380.793,17.5,10760335.52,188305871.7
05/02/2019 1:00,10760322.57,0,234731.027,17.5,10760322.57,188305645
05/02/2019 2:00,10760327.39,0,847220.252,17.5,10760327.39,188305729.3
05/02/2019 3:00,10760333.17,0,2138933.821,17.5,10760333.17,188305830.5
05/02/2019 4:00,10760332.19,0,2819364.198,17.5,10760332.19,188305813.3
05/02/2019 5:00,10760340.55,0,3898121.375,17.5,10760340.55,188305959.6
05/02/2019 6:00,10760345.76,0,6683584.389,17.5,10760345.76,188306050.8
05/02/2019 7:00,10760346.79,4078917.236,9998897.161,17.5,10760346.79,188306068.9
05/02/2019 8:00,10760345,14811670.31,6881782.043,17.5,10760345,188306037.5
05/02/2019 9:00,10760345.14,24926678.82,4471788.055,17.5,10760345.14,188306039.9
05/02/2019 10:00,10760352.23,31398502.84,1407397.805,17.5,10760352.23,188306164.1
05/02/2019 11:00,10760367.04,33226420.32,131926.767,17.5,10760367.04,188306423.2
05/02/2019 12:00,10760376.37,33638733.5,29279.531,17.5,10760376.37,188306586.5
05/02/2019 13:00,10760377.79,31387938.63,27965.405,17.5,10760377.79,188306611.4
05/02/2019 14:00,10760370.35,26905124.07,20363.901,17.5,10760370.35,188306481.1
05/02/2019 15:00,10760357.04,18131784.97,37888.806,17.5,10760357.04,188306248.2
05/02/2019 16:00,10760344.17,7630966.416,115470.16,17.5,10760344.17,188306023
05/02/2019 17:00,10760331.34,345855.224,260857.213,17.5,10760331.34,188305798.5
05/02/2019 18:00,10760317.71,0,549127.724,17.5,10760317.71,188305560
05/02/2019 19:00,10760308.06,0,679149.053,17.5,10760308.06,188305391.1
05/02/2019 20:00,10760307.56,0,94078.386,17.5,10760307.56,188305382.3
05/02/2019 21:00,10760322.94,0,133372.39,17.5,10760322.94,188305651.4
05/02/2019 22:00,10760350.99,0,9952328.731,17.5,10760350.99,188306142.4
05/02/2019 23:00,10760356.7,0,35893096.69,17.5,10760356.7,188306242.2
06/02/2019 0:00,10760338.77,0,43751676.89,17.5,10760338.77,188305928.5
06/02/2019 1:00,10760326.43,0,43688003.88,17.5,10760326.43,188305712.5
06/02/2019 2:00,10760332.04,0,40821134.45,17.5,10760332.04,188305810.7
06/02/2019 3:00,10760338.67,0,33533899.1,17.5,10760338.67,188305926.7
06/02/2019 4:00,10760338.43,0,26076939.37,17.5,10760338.43,188305922.5
06/02/2019 5:00,10760347.72,0,19289819.41,17.5,10760347.72,188306085
06/02/2019 6:00,10760353.81,0,14398922.88,17.5,10760353.81,188306191.6
06/02/2019 7:00,10760355.62,4090752.241,10867535.17,17.5,10760355.62,188306223.4
06/02/2019 8:00,10760354.52,15827657.96,9293949.126,17.5,10760354.52,188306204.2
06/02/2019 9:00,10760355.38,27839043.69,5933767.038,17.5,10760355.38,188306219.1
06/02/2019 10:00,10760363.38,34854188.32,377496.748,17.5,10760363.38,188306359.2
06/02/2019 11:00,10760379.35,37020779.65,1255313.519,17.5,10760379.35,188306638.6
06/02/2019 12:00,10760389.66,37592487.07,3449854.403,17.5,10760389.66,188306819.1
06/02/2019 13:00,10760391.77,35189943.32,4846779.634,17.5,10760391.77,188306856
06/02/2019 14:00,10760384.62,29243471.83,3680782.99,17.5,10760384.62,188306730.8
06/02/2019 15:00,10760371.3,20552893.05,2429282.322,17.5,10760371.3,188306497.8
06/02/2019 16:00,10760358.35,9255683.399,4172484.81,17.5,10760358.35,188306271
06/02/2019 17:00,10760345.35,521015.737,14020408.17,17.5,10760345.35,188306043.5
06/02/2019 18:00,10760331.43,0,27400231.76,17.5,10760331.43,188305800
06/02/2019 19:00,10760321.58,0,35021881.25,17.5,10760321.58,188305627.7
06/02/2019 20:00,10760321.23,0,36028393.93,17.5,10760321.23,188305621.6
06/02/2019 21:00,10760337.42,0,34282316.32,17.5,10760337.42,188305904.8
06/02/2019 22:00,10760366.82,0,32298352.42,17.5,10760366.82,188306419.3
06/02/2019 23:00,10760372.83,0,31457637.93,17.5,10760372.83,188306524.5
07/02/2019 0:00,10760354.1,0,31667688.3,17.5,10760354.1,188306196.7
07/02/2019 1:00,10760341.16,0,31274946.29,17.5,10760341.16,188305970.3
07/02/2019 2:00,10760346.96,0,29692554.49,17.5,10760346.96,188306071.8
07/02/2019 3:00,10760353.78,0,29273217.44,17.5,10760353.78,188306191.2
07/02/2019 4:00,10760353.4,0,30941372.49,17.5,10760353.4,188306184.4
07/02/2019 5:00,10760362.94,0,30951841.64,17.5,10760362.94,188306351.4
07/02/2019 6:00,10760369.11,0,29323929.19,17.5,10760369.11,188306459.3
07/02/2019 7:00,10760370.8,2671451.26,24084655.94,17.5,10760370.8,188306488.9
07/02/2019 8:00,10760369.43,10994143.39,12735069.71,17.5,10760369.43,188306464.9
07/02/2019 9:00,10760370.08,21510749.58,8780811.398,17.5,10760370.08,188306476.4
07/02/2019 10:00,10760378.17,29698675.4,6208338.4,17.5,10760378.17,188306617.9
07/02/2019 11:00,10760394.51,33328098.41,5087901.039,17.5,10760394.51,188306903.9
07/02/2019 12:00,10760404.96,33467876.19,7095686.694,17.5,10760404.96,188307086.7
07/02/2019 13:00,10760406.86,30796922.2,7356502.143,17.5,10760406.86,188307120.1
07/02/2019 14:00,10760399.17,23878937.72,4803177.619,17.5,10760399.17,188306985.4
07/02/2019 15:00,10760385.09,16295364.48,1739926.605,17.5,10760385.09,188306739.1
07/02/2019 16:00,10760371.42,7493265.004,154309.788,17.5,10760371.42,188306499.9
07/02/2019 17:00,10760357.73,481568.463,406192.357,17.5,10760357.73,188306260.3
07/02/2019 18:00,10760343.13,0,3558528.789,17.5,10760343.13,188306004.7
07/02/2019 19:00,10760332.76,0,10942029.95,17.5,10760332.76,188305823.3
07/02/2019 20:00,10760332.23,0,19834507.75,17.5,10760332.23,188305814
07/02/2019 21:00,10760348.79,0,24907771.26,17.5,10760348.79,188306103.8
07/02/2019 22:00,10760378.99,0,24132627.03,17.5,10760378.99,188306632.3
07/02/2019 23:00,10760385,0,18731764.97,17.5,10760385,188306737.6
08/02/2019 0:00,10760365.48,0,11442689.97,17.5,10760365.48,188306395.9
08/02/2019 1:00,10760351.94,0,4952764.373,17.5,10760351.94,188306158.9
08/02/2019 2:00,10760357.71,0,4352774.961,17.5,10760357.71,188306259.9
08/02/2019 3:00,10760364.51,0,5758961.34,17.5,10760364.51,188306379
08/02/2019 4:00,10760363.87,0,6914592.664,17.5,10760363.87,188306367.7
08/02/2019 5:00,10760373.41,0,8127305.831,17.5,10760373.41,188306534.7
08/02/2019 6:00,10760379.45,0,9692433.727,17.5,10760379.45,188306640.4
08/02/2019 7:00,10760380.84,6556216.819,9873913.342,17.5,10760380.84,188306664.7
08/02/2019 8:00,10760379.06,18921795.96,10968506.65,17.5,10760379.06,188306633.5
08/02/2019 9:00,10760379.32,29318001.76,15061816.06,17.5,10760379.32,188306638
08/02/2019 10:00,10760387.13,35864753.56,18477537.13,17.5,10760387.13,188306774.8
08/02/2019 11:00,10760403.33,37460374.71,25378980.18,17.5,10760403.33,188307058.2
08/02/2019 12:00,10760413.4,37702477.79,30188436.93,17.5,10760413.4,188307234.5
08/02/2019 13:00,10760414.68,35051731.36,32464724.62,17.5,10760414.68,188307257
08/02/2019 14:00,10760406.13,28093727.39,33859873.23,17.5,10760406.13,188307107.2
08/02/2019 15:00,10760391.06,19286959.18,33915157.63,17.5,10760391.06,188306843.6
08/02/2019 16:00,10760376.39,8472261.164,33258338.68,17.5,10760376.39,188306586.9
08/02/2019 17:00,10760361.7,532560.847,36924212.41,17.5,10760361.7,188306329.8
08/02/2019 18:00,10760346.09,0,41028962.98,17.5,10760346.09,188306056.5
08/02/2019 19:00,10760334.75,0,39604609.87,17.5,10760334.75,188305858.2
08/02/2019 20:00,10760333.3,0,35186940.12,17.5,10760333.3,188305832.8
08/02/2019 21:00,10760348.91,0,29626042.8,17.5,10760348.91,188306106
08/02/2019 22:00,10760378,0,24407490.53,17.5,10760378,188306615.1
08/02/2019 23:00,10760382.85,0,21158697.26,17.5,10760382.85,188306699.8
09/02/2019 0:00,10760362.32,0,19270952.55,17.5,10760362.32,188306340.7
09/02/2019 1:00,10760347.83,0,16509003.79,17.5,10760347.83,188306087
09/02/2019 2:00,10760352.46,0,14399463.9,17.5,10760352.46,188306168.1
09/02/2019 3:00,10760358.09,0,11949865.04,17.5,10760358.09,188306266.5
09/02/2019 4:00,10760356.41,0,9811330.043,17.5,10760356.41,188306237.1
09/02/2019 5:00,10760364.72,0,9213730.617,17.5,10760364.72,188306382.6
09/02/2019 6:00,10760369.61,0,9202458.377,17.5,10760369.61,188306468.1
09/02/2019 7:00,10760370.01,7373098.853,8905137.05,17.5,10760370.01,188306475.2
09/02/2019 8:00,10760367.4,19703487.27,2663534.871,17.5,10760367.4,188306429.5
09/02/2019 9:00,10760366.84,29687742.56,699962.088,17.5,10760366.84,188306419.7
09/02/2019 10:00,10760373.67,36194338.53,388949.742,17.5,10760373.67,188306539.2
09/02/2019 11:00,10760388.64,39243529.45,247548.314,17.5,10760388.64,188306801.2
09/02/2019 12:00,10760397.78,39696003.78,155547.467,17.5,10760397.78,188306961.2
09/02/2019 13:00,10760398.58,37196273.02,109007.298,17.5,10760398.58,188306975.1
09/02/2019 14:00,10760390.05,31602303.86,67114.262,17.5,10760390.05,188306825.9
09/02/2019 15:00,10760375.43,22908062.42,26465.485,17.5,10760375.43,188306570
09/02/2019 16:00,10760361.34,11194486.89,92585.676,17.5,10760361.34,188306323.5
09/02/2019 17:00,10760347.39,746468.876,4529815.734,17.5,10760347.39,188306079.2
09/02/2019 18:00,10760332.67,0,13577630.1,17.5,10760332.67,188305821.7
09/02/2019 19:00,10760322.19,0,11357299.15,17.5,10760322.19,188305638.2
09/02/2019 20:00,10760321.32,0,8907405.288,17.5,10760321.32,188305623
09/02/2019 21:00,10760337.04,0,7582565.054,17.5,10760337.04,188305898.2
09/02/2019 22:00,10760365.98,0,7181337.489,17.5,10760365.98,188306404.7
09/02/2019 23:00,10760371.61,0,6375157.926,17.5,10760371.61,188306503.2
10/02/2019 0:00,10760352.66,0,4723008.617,17.5,10760352.66,188306171.5
10/02/2019 1:00,10760339.54,0,3291728.169,17.5,10760339.54,188305942
10/02/2019 2:00,10760345.12,0,1907144.432,17.5,10760345.12,188306039.5
10/02/2019 3:00,10760351.74,0,1013314.382,17.5,10760351.74,188306155.4
10/02/2019 4:00,10760351.21,0,600210.404,17.5,10760351.21,188306146.2
10/02/2019 5:00,10760360.56,0,440413.229,17.5,10760360.56,188306309.9
10/02/2019 6:00,10760366.57,0,472652.087,17.5,10760366.57,188306415
10/02/2019 7:00,10760368.12,1407572.007,409166.092,17.5,10760368.12,188306442.2
10/02/2019 8:00,10760366.63,6793171.274,414580.258,17.5,10760366.63,188306416
10/02/2019 9:00,10760367.13,16862898.36,563141.105,17.5,10760367.13,188306424.8
10/02/2019 10:00,10760374.97,23950499.73,3949047.921,17.5,10760374.97,188306562
10/02/2019 11:00,10760390.96,24369689.56,7942012.495,17.5,10760390.96,188306841.7
10/02/2019 12:00,10760401.03,23054579.2,8791846.847,17.5,10760401.03,188307018.1
10/02/2019 13:00,10760402.59,23183525.38,9283412.465,17.5,10760402.59,188307045.3
10/02/2019 14:00,10760394.58,21596343.43,8597431.519,17.5,10760394.58,188306905.2
10/02/2019 15:00,10760380.22,17084931.68,8101118.552,17.5,10760380.22,188306653.9
10/02/2019 16:00,10760366.22,7839753.808,8855621.639,17.5,10760366.22,188306408.8
10/02/2019 17:00,10760352.15,503084.078,13246557.69,17.5,10760352.15,188306162.7
10/02/2019 18:00,10760337.14,0,15910184.52,17.5,10760337.14,188305900
10/02/2019 19:00,10760326.28,0,14416773.81,17.5,10760326.28,188305709.9
10/02/2019 20:00,10760325.02,0,11342957.16,17.5,10760325.02,188305687.9
10/02/2019 21:00,10760340.4,0,8650656.917,17.5,10760340.4,188305957.1
10/02/2019 22:00,10760368.95,0,5776066.265,17.5,10760368.95,188306456.5
10/02/2019 23:00,10760373.82,0,3919231.952,17.5,10760373.82,188306541.9
11/02/2019 0:00,10760353.92,0,3472143.402,17.5,10760353.92,188306193.5
11/02/2019 1:00,10760339.89,0,3224978.287,17.5,10760339.89,188305948
11/02/2019 2:00,10760344.54,0,2713255.698,17.5,10760344.54,188306029.5
11/02/2019 3:00,10760350.18,0,1763968.003,17.5,10760350.18,188306128.2
11/02/2019 4:00,10760348.68,0,916539.392,17.5,10760348.68,188306101.9
11/02/2019 5:00,10760356.97,0,305300.125,17.5,10760356.97,188306246.9
11/02/2019 6:00,10760361.92,0,379268.25,17.5,10760361.92,188306333.6
11/02/2019 7:00,10760362.5,2229778.837,794589.108,17.5,10760362.5,188306343.8
11/02/2019 8:00,10760360.14,9278551.488,170864.582,17.5,10760360.14,188306302.5
11/02/2019 9:00,10760359.82,17370098.06,5504.761,17.5,10760359.82,188306296.8
11/02/2019 10:00,10760366.77,20234207.06,91778.776,17.5,10760366.77,188306418.4
11/02/2019 11:00,10760381.75,23514947.02,366849.628,17.5,10760381.75,188306680.7
11/02/2019 12:00,10760391.06,27672051.5,161291.808,17.5,10760391.06,188306843.6
11/02/2019 13:00,10760392.21,25211108.59,168862.835,17.5,10760392.21,188306863.6
11/02/2019 14:00,10760384.21,26258944.67,82960.136,17.5,10760384.21,188306723.7
11/02/2019 15:00,10760370.23,18315979.19,14554.972,17.5,10760370.23,188306479
11/02/2019 16:00,10760356.78,5226458.261,22483.452,17.5,10760356.78,188306243.7
11/02/2019 17:00,10760343.47,345657.959,106819.126,17.5,10760343.47,188306010.7
11/02/2019 18:00,10760329.4,0,215702.032,17.5,10760329.4,188305764.6
11/02/2019 19:00,10760319.54,0,261348.319,17.5,10760319.54,188305591.9
11/02/2019 20:00,10760319.21,0,277890.761,17.5,10760319.21,188305586.2
11/02/2019 21:00,10760335.43,0,579298.813,17.5,10760335.43,188305870
11/02/2019 22:00,10760364.9,0,948354.586,17.5,10760364.9,188306385.8
11/02/2019 23:00,10760371.22,0,2722929.7,17.5,10760371.22,188306496.3
12/02/2019 0:00,10760352.96,0,2286601.529,17.5,10760352.96,188306176.8
12/02/2019 1:00,10760340.49,0,5017246.018,17.5,10760340.49,188305958.6
12/02/2019 2:00,10760346.76,0,10263637.72,17.5,10760346.76,188306068.3
12/02/2019 3:00,10760354.1,0,8274891.288,17.5,10760354.1,188306196.7
12/02/2019 4:00,10760354.25,0,6945745.747,17.5,10760354.25,188306199.3
12/02/2019 5:00,10760364.36,0,7982418.203,17.5,10760364.36,188306376.3
12/02/2019 6:00,10760371.11,0,8904687.316,17.5,10760371.11,188306494.4
12/02/2019 7:00,10760373.34,458301.051,6858494.449,17.5,10760373.34,188306533.5
12/02/2019 8:00,10760372.46,2349842.04,3154572.13,17.5,10760372.46,188306518.1
12/02/2019 9:00,10760373.57,4336711.389,1680629.037,17.5,10760373.57,188306537.5
12/02/2019 10:00,10760382.13,7117896.331,1012556.383,17.5,10760382.13,188306687.2
12/02/2019 11:00,10760398.97,11183001.3,196809.294,17.5,10760398.97,188306982
12/02/2019 12:00,10760409.78,13743564.03,25310.245,17.5,10760409.78,188307171.1
12/02/2019 13:00,10760411.84,9882550.915,1072.84,17.5,10760411.84,188307207.3
12/02/2019 14:00,10760404.06,9983308.013,13899.334,17.5,10760404.06,188307071.1
12/02/2019 15:00,10760389.69,11544285.93,450530.583,17.5,10760389.69,188306819.5
12/02/2019 16:00,10760375.59,7148608.993,1877796.777,17.5,10760375.59,188306572.9
12/02/2019 17:00,10760361.35,552933.143,5305897.457,17.5,10760361.35,188306323.7
12/02/2019 18:00,10760346.07,0,11303442.11,17.5,10760346.07,188306056.1
12/02/2019 19:00,10760334.96,0,18423022.93,17.5,10760334.96,188305861.8
12/02/2019 20:00,10760333.65,0,22181674.74,17.5,10760333.65,188305838.8
12/02/2019 21:00,10760349.35,0,22235732.25,17.5,10760349.35,188306113.6
12/02/2019 22:00,10760378.47,0,22661537.68,17.5,10760378.47,188306623.2
12/02/2019 23:00,10760383.24,0,24834306.91,17.5,10760383.24,188306706.6
13/02/2019 0:00,10760362.54,0,27155288.2,17.5,10760362.54,188306344.5
13/02/2019 1:00,10760347.83,0,27510199.56,17.5,10760347.83,188306087
13/02/2019 2:00,10760352.18,0,25887133.99,17.5,10760352.18,188306163.2
13/02/2019 3:00,10760357.46,0,23619359.32,17.5,10760357.46,188306255.6
13/02/2019 4:00,10760355.38,0,21000110.12,17.5,10760355.38,188306219.2
13/02/2019 5:00,10760363.2,0,18558349.12,17.5,10760363.2,188306356.1
13/02/2019 6:00,10760367.55,13299.226,17380968.79,17.5,10760367.55,188306432.1
13/02/2019 7:00,10760367.37,4544873.942,13134643.47,17.5,10760367.37,188306429
13/02/2019 8:00,10760364.16,16234122.81,7508816.437,17.5,10760364.16,188306372.7
13/02/2019 9:00,10760362.94,26275329.89,5090241.207,17.5,10760362.94,188306351.5
13/02/2019 10:00,10760368.99,32919900.99,1239498.351,17.5,10760368.99,188306457.3
13/02/2019 11:00,10760382.99,34525149.66,183832.072,17.5,10760382.99,188306702.3
13/02/2019 12:00,10760391.17,35163727.5,86960.969,17.5,10760391.17,188306845.5
13/02/2019 13:00,10760391.09,32763038.4,92406.233,17.5,10760391.09,188306844.1
13/02/2019 14:00,10760381.86,28119692.67,64332.267,17.5,10760381.86,188306682.5
13/02/2019 15:00,10760366.68,19607631.29,84807.746,17.5,10760366.68,188306416.9
13/02/2019 16:00,10760352.09,8866388.779,260140.622,17.5,10760352.09,188306161.5
13/02/2019 17:00,10760337.67,698990.532,1040498.907,17.5,10760337.67,188305909.2
13/02/2019 18:00,10760322.58,0,2668950.94,17.5,10760322.58,188305645.1
13/02/2019 19:00,10760311.65,0,5286755.779,17.5,10760311.65,188305453.9
13/02/2019 20:00,10760310.06,0,9105892.172,17.5,10760310.06,188305426
13/02/2019 21:00,10760324.45,0,15828137.85,17.5,10760324.45,188305677.9
13/02/2019 22:00,10760351.49,0,23195893.65,17.5,10760351.49,188306151.1
13/02/2019 23:00,10760356.07,0,28067820.56,17.5,10760356.07,188306231.3
14/02/2019 0:00,10760337.15,0,30883665.78,17.5,10760337.15,188305900.1
14/02/2019 1:00,10760323.91,0,31956665.46,17.5,10760323.91,188305668.4
14/02/2019 2:00,10760328.55,0,32415362.4,17.5,10760328.55,188305749.6
14/02/2019 3:00,10760334.2,0,31669275.33,17.5,10760334.2,188305848.5
14/02/2019 4:00,10760333.09,0,30703439.38,17.5,10760333.09,188305829.1
14/02/2019 5:00,10760341.38,0,29017298.92,17.5,10760341.38,188305974.2
14/02/2019 6:00,10760346.54,0,28211713.66,17.5,10760346.54,188306064.4
14/02/2019 7:00,10760347.52,3483318.55,26369290.35,17.5,10760347.52,188306081.7
14/02/2019 8:00,10760345.7,13622735.89,19025685.29,17.5,10760345.7,188306049.7
14/02/2019 9:00,10760345.82,25384992.48,21377862.47,17.5,10760345.82,188306051.8
14/02/2019 10:00,10760352.92,32563314.27,14005850.21,17.5,10760352.92,188306176
14/02/2019 11:00,10760367.74,36748383.19,8587507.372,17.5,10760367.74,188306435.5
14/02/2019 12:00,10760377.08,37698801,8125271.76,17.5,10760377.08,188306598.8
14/02/2019 13:00,10760378.49,35784259.01,7670827.894,17.5,10760378.49,188306623.5
14/02/2019 14:00,10760371,30236484.89,4989527.905,17.5,10760371,188306492.4
14/02/2019 15:00,10760357.62,22147264.37,2349942.799,17.5,10760357.62,188306258.4
14/02/2019 16:00,10760344.67,11158228.7,1202100.082,17.5,10760344.67,188306031.7
14/02/2019 17:00,10760331.74,1180822.671,1343171.045,17.5,10760331.74,188305805.4
14/02/2019 18:00,10760317.99,0,1580784.512,17.5,10760317.99,188305564.8
14/02/2019 19:00,10760308.2,0,1762812.874,17.5,10760308.2,188305393.4
14/02/2019 20:00,10760307.54,0,1856632.185,17.5,10760307.54,188305382
14/02/2019 21:00,10760322.73,0,1591493.446,17.5,10760322.73,188305647.7
14/02/2019 22:00,10760350.53,0,1206060.627,17.5,10760350.53,188306134.3
14/02/2019 23:00,10760355.96,0,1219856.728,17.5,10760355.96,188306229.3
15/02/2019 0:00,10760337.79,0,1819393.051,17.5,10760337.79,188305911.4
15/02/2019 1:00,10760325.19,0,2811937.405,17.5,10760325.19,188305690.7
15/02/2019 2:00,10760330.45,0,4065856.333,17.5,10760330.45,188305782.9
15/02/2019 3:00,10760336.69,0,6373903.484,17.5,10760336.69,188305892.1
15/02/2019 4:00,10760336.06,0,10421423.52,17.5,10760336.06,188305881.1
15/02/2019 5:00,10760344.87,0,17677794.9,17.5,10760344.87,188306035.2
15/02/2019 6:00,10760350.45,0,25223740.78,17.5,10760350.45,188306132.9
15/02/2019 7:00,10760351.77,6876181.434,25378578.15,17.5,10760351.77,188306156
15/02/2019 8:00,10760350.17,19304464.49,17844202.47,17.5,10760350.17,188306128
15/02/2019 9:00,10760350.48,29364513.46,14397230.07,17.5,10760350.48,188306133.5
15/02/2019 10:00,10760357.81,35856394.41,8534430.73,17.5,10760357.81,188306261.6
15/02/2019 11:00,10760372.91,38222484.74,4626495.939,17.5,10760372.91,188306525.9
15/02/2019 12:00,10760382.38,38818458.61,3143216.939,17.5,10760382.38,188306691.7
15/02/2019 13:00,10760383.75,36518807.84,2612414.048,17.5,10760383.75,188306715.6
15/02/2019 14:00,10760376.03,31485198.03,2453892.001,17.5,10760376.03,188306580.6
15/02/2019 15:00,10760362.3,22956416.29,2402569.783,17.5,10760362.3,188306340.2
15/02/2019 16:00,10760348.95,11546717.63,2230957.216,17.5,10760348.95,188306106.5
15/02/2019 17:00,10760335.58,1255969.042,2480022.153,17.5,10760335.58,188305872.6
15/02/2019 18:00,10760321.35,0,2173049.612,17.5,10760321.35,188305623.6
15/02/2019 19:00,10760311.1,0,1261531.755,17.5,10760311.1,188305444.3
15/02/2019 20:00,10760310.05,0,503278.318,17.5,10760310.05,188305425.8
15/02/2019 21:00,10760324.91,0,101780.743,17.5,10760324.91,188305685.8
15/02/2019 22:00,10760352.38,0,98105.309,17.5,10760352.38,188306166.6
15/02/2019 23:00,10760357.28,0,375991.807,17.5,10760357.28,188306252.3
16/02/2019 0:00,10760338.49,0,1479925.66,17.5,10760338.49,188305923.6
16/02/2019 1:00,10760325.31,0,3026401.83,17.5,10760325.31,188305692.9
16/02/2019 2:00,10760330.01,0,4549129.594,17.5,10760330.01,188305775.2
16/02/2019 3:00,10760335.66,0,6915534.644,17.5,10760335.66,188305874.1
16/02/2019 4:00,10760334.46,0,9619628.654,17.5,10760334.46,188305853
16/02/2019 5:00,10760342.63,0,13219029.59,17.5,10760342.63,188305996
16/02/2019 6:00,10760347.59,0,16799534.97,17.5,10760347.59,188306082.8
16/02/2019 7:00,10760348.32,8010397.867,16802921.53,17.5,10760348.32,188306095.6
16/02/2019 8:00,10760346.19,20535699.74,6295955.652,17.5,10760346.19,188306058.3
16/02/2019 9:00,10760345.98,30374696.32,1547477.748,17.5,10760345.98,188306054.6
16/02/2019 10:00,10760352.71,36633275.22,22842.614,17.5,10760352.71,188306172.4
16/02/2019 11:00,10760367.12,39002353.87,3163.592,17.5,10760367.12,188306424.5
16/02/2019 12:00,10760376,39436180.29,6472.471,17.5,10760376,188306580
16/02/2019 13:00,10760376.96,37020448.21,8425.414,17.5,10760376.96,188306596.7
16/02/2019 14:00,10760369.05,31791293.52,12016.984,17.5,10760369.05,188306458.4
16/02/2019 15:00,10760355.32,23271915.62,19473.444,17.5,10760355.32,188306218.1
16/02/2019 16:00,10760342.05,11850751.79,53504.273,17.5,10760342.05,188305985.9
16/02/2019 17:00,10760328.84,1350631.442,539451.098,17.5,10760328.84,188305754.8
16/02/2019 18:00,10760314.87,0,1313652.533,17.5,10760314.87,188305510.3
16/02/2019 19:00,10760304.87,0,1926120.113,17.5,10760304.87,188305335.3
16/02/2019 20:00,10760303.95,0,1100909.095,17.5,10760303.95,188305319
16/02/2019 21:00,10760318.69,0,91973.288,17.5,10760318.69,188305577
16/02/2019 22:00,10760345.89,0,15987.045,17.5,10760345.89,188306053.1
16/02/2019 23:00,10760351.03,0,123203.026,17.5,10760351.03,188306143
17/02/2019 0:00,10760332.94,0,552923.765,17.5,10760332.94,188305826.4
17/02/2019 1:00,10760320.38,0,1114634.097,17.5,10760320.38,188305606.7
17/02/2019 2:00,10760325.49,0,1483869.179,17.5,10760325.49,188305696
17/02/2019 3:00,10760331.59,0,1540816.582,17.5,10760331.59,188305802.8
17/02/2019 4:00,10760330.97,0,780047.829,17.5,10760330.97,188305792
17/02/2019 5:00,10760339.7,0,258686.906,17.5,10760339.7,188305944.8
17/02/2019 6:00,10760345.32,0,113780.047,17.5,10760345.32,188306043.1
17/02/2019 7:00,10760346.79,3051637.579,20247.575,17.5,10760346.79,188306068.8
17/02/2019 8:00,10760345.45,11040233.52,16870.64,17.5,10760345.45,188306045.4
17/02/2019 9:00,10760346.05,26012535.8,1428054.388,17.5,10760346.05,188306055.9
17/02/2019 10:00,10760353.66,29812763.05,2141575.508,17.5,10760353.66,188306189.1
17/02/2019 11:00,10760369.05,27850838.65,621516.428,17.5,10760369.05,188306458.4
17/02/2019 12:00,10760378.98,30680741.34,2564759.463,17.5,10760378.98,188306632.1
17/02/2019 13:00,10760380.98,30878722.68,3380692.532,17.5,10760380.98,188306667.1
17/02/2019 14:00,10760374.03,26902136.63,3628345.267,17.5,10760374.03,188306545.4
17/02/2019 15:00,10760361.14,18995501.15,5135573.193,17.5,10760361.14,188306319.9
17/02/2019 16:00,10760348.65,8686323.731,7794552.351,17.5,10760348.65,188306101.4
17/02/2019 17:00,10760336.17,809920.705,16186188.7,17.5,10760336.17,188305883
17/02/2019 18:00,10760322.84,0,24589883.99,17.5,10760322.84,188305649.8
17/02/2019 19:00,10760313.52,0,25598506.1,17.5,10760313.52,188305486.6
17/02/2019 20:00,10760313.48,0,25921853.04,17.5,10760313.48,188305485.9
17/02/2019 21:00,10760329.63,0,26965938.73,17.5,10760329.63,188305768.6
17/02/2019 22:00,10760358.78,0,27761909.22,17.5,10760358.78,188306278.6
17/02/2019 23:00,10760365.1,0,26445283.24,17.5,10760365.1,188306389.2
18/02/2019 0:00,10760347.19,0,22508825.79,17.5,10760347.19,188306075.8
18/02/2019 1:00,10760334.93,0,17117046.66,17.5,10760334.93,188305861.2
18/02/2019 2:00,10760341.04,0,11438367,17.5,10760341.04,188305968.2
18/02/2019 3:00,10760348.17,0,7922858.871,17.5,10760348.17,188306093
18/02/2019 4:00,10760348.19,0,6412985.274,17.5,10760348.19,188306093.3
18/02/2019 5:00,10760357.97,0,6539859.146,17.5,10760357.97,188306264.5
18/02/2019 6:00,10760364.4,0,7520028.175,17.5,10760364.4,188306377
18/02/2019 7:00,10760366.37,4997532.664,4855533.327,17.5,10760366.37,188306411.5
18/02/2019 8:00,10760365.27,14430287.9,773930.745,17.5,10760365.27,188306392.2
18/02/2019 9:00,10760366.1,22847479.6,616044.505,17.5,10760366.1,188306406.7
18/02/2019 10:00,10760374.21,29798613.45,712475.32,17.5,10760374.21,188306548.7
18/02/2019 11:00,10760390.43,25487658.49,661549.059,17.5,10760390.43,188306832.4
18/02/2019 12:00,10760400.7,16935279.63,2504639.916,17.5,10760400.7,188307012.3
18/02/2019 13:00,10760402.43,14277599.12,6149688.525,17.5,10760402.43,188307042.5
18/02/2019 14:00,10760394.54,16544914.19,1799663.839,17.5,10760394.54,188306904.4
18/02/2019 15:00,10760380.25,12886760.62,244616.287,17.5,10760380.25,188306654.3
18/02/2019 16:00,10760366.26,6957095.275,744641.743,17.5,10760366.26,188306409.6
18/02/2019 17:00,10760352.17,804345.908,3075902.006,17.5,10760352.17,188306163
18/02/2019 18:00,10760337.1,0,3864078.378,17.5,10760337.1,188305899.2
18/02/2019 19:00,10760326.14,0,1639252.652,17.5,10760326.14,188305707.4
18/02/2019 20:00,10760324.75,0,344938.453,17.5,10760324.75,188305683.1
18/02/2019 21:00,10760339.96,0,109352.085,17.5,10760339.96,188305949.3
18/02/2019 22:00,10760368.26,0,67384.085,17.5,10760368.26,188306444.6
18/02/2019 23:00,10760372.91,0,449305.307,17.5,10760372.91,188306525.8
19/02/2019 0:00,10760352.82,0,2406105.721,17.5,10760352.82,188306174.4
19/02/2019 1:00,10760338.61,0,6886903.894,17.5,10760338.61,188305925.6
19/02/2019 2:00,10760343.01,0,11452375.17,17.5,10760343.01,188306002.7
19/02/2019 3:00,10760348.39,0,12806912.49,17.5,10760348.39,188306096.8
19/02/2019 4:00,10760346.66,0,11489770.19,17.5,10760346.66,188306066.6
19/02/2019 5:00,10760354.67,0,8610586.717,17.5,10760354.67,188306206.7
19/02/2019 6:00,10760359.38,0,5990533.707,17.5,10760359.38,188306289.1
19/02/2019 7:00,10760359.76,7543961.591,3363853.629,17.5,10760359.76,188306295.8
19/02/2019 8:00,10760357.25,19822078.31,808947.224,17.5,10760357.25,188306251.9
19/02/2019 9:00,10760356.79,28808478.1,342789.311,17.5,10760356.79,188306243.9
19/02/2019 10:00,10760363.58,34048590.37,312494.96,17.5,10760363.58,188306362.7
19/02/2019 11:00,10760378.38,35358738.98,67537.465,17.5,10760378.38,188306621.6
19/02/2019 12:00,10760387.6,34605365.51,9190.284,17.5,10760387.6,188306782.9
19/02/2019 13:00,10760388.78,31913213.9,13026.932,17.5,10760388.78,188306803.6
19/02/2019 14:00,10760380.96,25864460.18,152879.087,17.5,10760380.96,188306666.8
19/02/2019 15:00,10760367.26,19025264.7,937849.521,17.5,10760367.26,188306427.1
19/02/2019 16:00,10760354.16,9560737.815,3165583.134,17.5,10760354.16,188306197.7
19/02/2019 17:00,10760341.23,1107479.51,7802498.206,17.5,10760341.23,188305971.5
19/02/2019 18:00,10760327.61,0,12944675.98,17.5,10760327.61,188305733.2
19/02/2019 19:00,10760318.19,0,18096744.51,17.5,10760318.19,188305568.4
19/02/2019 20:00,10760318.33,0,20542146.24,17.5,10760318.33,188305570.8
19/02/2019 21:00,10760335.03,0,20941147.79,17.5,10760335.03,188305863.1
19/02/2019 22:00,10760365.09,0,22436900.73,17.5,10760365.09,188306389.1
19/02/2019 23:00,10760372.08,0,23586297.23,17.5,10760372.08,188306511.5
20/02/2019 0:00,10760354.46,0,24253999.62,17.5,10760354.46,188306203
20/02/2019 1:00,10760342.61,0,28805204.68,17.5,10760342.61,188305995.7
20/02/2019 2:00,10760349.61,0,33345345.98,17.5,10760349.61,188306118.2
20/02/2019 3:00,10760357.73,0,33276052.8,17.5,10760357.73,188306260.3
20/02/2019 4:00,10760358.61,0,29157760,17.5,10760358.61,188306275.7
20/02/2019 5:00,10760369.6,0,24896588.23,17.5,10760369.6,188306467.9
20/02/2019 6:00,10760377.19,0,15759354.35,17.5,10760377.19,188306600.8
20/02/2019 7:00,10760380.19,799330.465,9469236.269,17.5,10760380.19,188306653.3
20/02/2019 8:00,10760380,5286306.424,10362413.58,17.5,10760380,188306650
20/02/2019 9:00,10760381.81,10016179.75,15618820.9,17.5,10760381.81,188306681.7
20/02/2019 10:00,10760391.21,12182662.71,11994750.49,17.5,10760391.21,188306846.2
20/02/2019 11:00,10760409.1,17082906.58,11240309.47,17.5,10760409.1,188307159.2
20/02/2019 12:00,10760420.78,14021202,11465673.03,17.5,10760420.78,188307363.7
20/02/2019 13:00,10760423.45,7626897.249,11120459.9,17.5,10760423.45,188307410.3
20/02/2019 14:00,10760415.92,7205337.701,9034740.786,17.5,10760415.92,188307278.6
20/02/2019 15:00,10760401.51,5363418.891,15250782.45,17.5,10760401.51,188307026.5
20/02/2019 16:00,10760387.29,1976057.747,35801782.7,17.5,10760387.29,188306777.6
20/02/2019 17:00,10760372.83,199548.521,35891732.99,17.5,10760372.83,188306524.4
20/02/2019 18:00,10760357.18,0,26076583.26,17.5,10760357.18,188306250.7
20/02/2019 19:00,10760345.77,0,19323253.53,17.5,10760345.77,188306051
20/02/2019 20:00,10760344.41,0,11794013.07,17.5,10760344.41,188306027.1
20/02/2019 21:00,10760360.54,0,6776737.411,17.5,10760360.54,188306309.4
20/02/2019 22:00,10760390.44,0,3656114.661,17.5,10760390.44,188306832.7
20/02/2019 23:00,10760395.15,0,1157001.696,17.5,10760395.15,188306915.1
21/02/2019 0:00,10760373.57,0,347071.874,17.5,10760373.57,188306537.4
21/02/2019 1:00,10760358.13,0,224920.162,17.5,10760358.13,188306267.3
21/02/2019 2:00,10760362.29,0,205724.75,17.5,10760362.29,188306340
21/02/2019 3:00,10760367.36,0,531122.684,17.5,10760367.36,188306428.7
21/02/2019 4:00,10760364.83,0,1204325.659,17.5,10760364.83,188306384.5
21/02/2019 5:00,10760372.43,0,2456311.025,17.5,10760372.43,188306517.6
21/02/2019 6:00,10760376.44,0,4577792.665,17.5,10760376.44,188306587.7
21/02/2019 7:00,10760375.8,6840448.391,5636545.4,17.5,10760375.8,188306576.4
21/02/2019 8:00,10760372.04,19238903.66,3900310.25,17.5,10760372.04,188306510.7
21/02/2019 9:00,10760370.33,29492584.15,5418205.249,17.5,10760370.33,188306480.8
21/02/2019 10:00,10760376.02,36315020.84,5366928.923,17.5,10760376.02,188306580.4
21/02/2019 11:00,10760389.81,40079596.86,5357543.494,17.5,10760389.81,188306821.6
21/02/2019 12:00,10760397.65,40749771.64,5995335.297,17.5,10760397.65,188306958.9
21/02/2019 13:00,10760397.12,38527035.33,7095758.105,17.5,10760397.12,188306949.5
21/02/2019 14:00,10760387.32,33021480.22,6993453.76,17.5,10760387.32,188306778.2
21/02/2019 15:00,10760371.57,24797934.68,5621305.651,17.5,10760371.57,188306502.4
21/02/2019 16:00,10760356.47,13647637.11,2959221.955,17.5,10760356.47,188306238.2
21/02/2019 17:00,10760341.62,2167420.916,497239.63,17.5,10760341.62,188305978.3
21/02/2019 18:00,10760326.15,0,127408.258,17.5,10760326.15,188305707.6
21/02/2019 19:00,10760314.95,0,527816.329,17.5,10760314.95,188305511.7
21/02/2019 20:00,10760313.23,0,3180141.372,17.5,10760313.23,188305481.6
21/02/2019 21:00,10760327.7,0,10292858.85,17.5,10760327.7,188305734.8
21/02/2019 22:00,10760354.96,0,19179174.11,17.5,10760354.96,188306211.7
21/02/2019 23:00,10760359.57,0,24268997.5,17.5,10760359.57,188306292.5
22/02/2019 0:00,10760340.47,0,24989968.7,17.5,10760340.47,188305958.3
22/02/2019 1:00,10760327.13,0,24132822.76,17.5,10760327.13,188305724.8
22/02/2019 2:00,10760331.87,0,23489215.19,17.5,10760331.87,188305807.8
22/02/2019 3:00,10760337.65,0,24132769.02,17.5,10760337.65,188305908.8
22/02/2019 4:00,10760336.6,0,26648807.63,17.5,10760336.6,188305890.5
22/02/2019 5:00,10760345.06,0,29401271.28,17.5,10760345.06,188306038.6
22/02/2019 6:00,10760350.35,27406.529,30667054.19,17.5,10760350.35,188306131.2
22/02/2019 7:00,10760351.44,9460445.855,24192776.89,17.5,10760351.44,188306150.1
22/02/2019 8:00,10760349.66,22117899.99,15060271.72,17.5,10760349.66,188306119.1
22/02/2019 9:00,10760349.84,31857681.25,9923455.996,17.5,10760349.84,188306122.3
22/02/2019 10:00,10760357.07,38057474.08,4457939.535,17.5,10760357.07,188306248.8
22/02/2019 11:00,10760372.1,40045113,1725166.78,17.5,10760372.1,188306511.7
22/02/2019 12:00,10760381.54,40573747.14,855207.735,17.5,10760381.54,188306677
22/02/2019 13:00,10760382.94,38236310.38,568684.393,17.5,10760382.94,188306701.4
22/02/2019 14:00,10760375.29,32399809.52,396791.097,17.5,10760375.29,188306567.6
22/02/2019 15:00,10760361.66,23881564.93,275967.557,17.5,10760361.66,188306329.1
22/02/2019 16:00,10760348.42,12512994.16,231041.993,17.5,10760348.42,188306097.4
22/02/2019 17:00,10760335.17,1759748.154,368462.137,17.5,10760335.17,188305865.4
22/02/2019 18:00,10760321.05,0,500723.882,17.5,10760321.05,188305618.4
22/02/2019 19:00,10760310.91,0,517299.68,17.5,10760310.91,188305441
22/02/2019 20:00,10760309.96,0,295500.352,17.5,10760309.96,188305424.3
22/02/2019 21:00,10760324.92,0,34821.867,17.5,10760324.92,188305686.1
22/02/2019 22:00,10760352.51,0,248971.971,17.5,10760352.51,188306169
22/02/2019 23:00,10760357.54,0,1214198.545,17.5,10760357.54,188306256.9
23/02/2019 0:00,10760338.85,0,2848744.086,17.5,10760338.85,188305929.9
23/02/2019 1:00,10760325.76,0,5891681.576,17.5,10760325.76,188305700.9
23/02/2019 2:00,10760330.58,0,8822982.608,17.5,10760330.58,188305785.2
23/02/2019 3:00,10760336.34,0,10743828.18,17.5,10760336.34,188305886
23/02/2019 4:00,10760335.23,0,11820991.18,17.5,10760335.23,188305866.6
23/02/2019 5:00,10760343.52,0,13436798.95,17.5,10760343.52,188306011.6
23/02/2019 6:00,10760348.58,0,12797687.66,17.5,10760348.58,188306100.2
23/02/2019 7:00,10760349.4,6431310.63,7817163.66,17.5,10760349.4,188306114.4
23/02/2019 8:00,10760347.33,19645296.52,1207607.074,17.5,10760347.33,188306078.2
23/02/2019 9:00,10760347.17,30636961.66,162399.852,17.5,10760347.17,188306075.5
23/02/2019 10:00,10760353.97,37025141.42,801327.409,17.5,10760353.97,188306194.5
23/02/2019 11:00,10760368.46,40189157.25,909171.695,17.5,10760368.46,188306448.1
23/02/2019 12:00,10760377.4,40569143.57,1205581.477,17.5,10760377.4,188306604.5
23/02/2019 13:00,10760378.36,38091470.82,1594184.077,17.5,10760378.36,188306621.3
23/02/2019 14:00,10760370.41,32697964.37,1673528.342,17.5,10760370.41,188306482.2
23/02/2019 15:00,10760356.6,24157121.36,1746966.083,17.5,10760356.6,188306240.4
23/02/2019 16:00,10760343.22,12753250.52,2255118.268,17.5,10760343.22,188306006.4
23/02/2019 17:00,10760329.9,1857662.701,4923429.756,17.5,10760329.9,188305773.3
23/02/2019 18:00,10760315.8,0,8850201.332,17.5,10760315.8,188305526.5
23/02/2019 19:00,10760305.67,0,10538499.27,17.5,10760305.67,188305349.2
23/02/2019 20:00,10760304.61,0,8778324.075,17.5,10760304.61,188305330.7
23/02/2019 21:00,10760319.23,0,5232206.383,17.5,10760319.23,188305586.5
23/02/2019 22:00,10760346.29,0,2219639.103,17.5,10760346.29,188306060.1
23/02/2019 23:00,10760351.21,0,558676.193,17.5,10760351.21,188306146.2
24/02/2019 0:00,10760332.88,0,71036.688,17.5,10760332.88,188305825.3
24/02/2019 1:00,10760320.07,0,95596.871,17.5,10760320.07,188305601.2
24/02/2019 2:00,10760324.89,0,237950.592,17.5,10760324.89,188305685.5
24/02/2019 3:00,10760330.66,0,627871.351,17.5,10760330.66,188305786.5
24/02/2019 4:00,10760329.7,0,1275034.997,17.5,10760329.7,188305769.8
24/02/2019 5:00,10760338.01,0,1847405.604,17.5,10760338.01,188305915.2
24/02/2019 6:00,10760343.18,25542.825,2075478.551,17.5,10760343.18,188306005.7
24/02/2019 7:00,10760344.19,7780371.981,1685309.064,17.5,10760344.19,188306023.3
24/02/2019 8:00,10760342.37,20388971.23,596134.581,17.5,10760342.37,188305991.5
24/02/2019 9:00,10760342.45,30524195.69,161309.934,17.5,10760342.45,188305992.9
24/02/2019 10:00,10760349.41,37015801.22,66096.94,17.5,10760349.41,188306114.7
24/02/2019 11:00,10760363.99,38800569.94,51647.772,17.5,10760363.99,188306369.8
24/02/2019 12:00,10760373.1,39425657.38,10064.62,17.5,10760373.1,188306529.3
24/02/2019 13:00,10760374.34,37106172.56,1312.275,17.5,10760374.34,188306551
24/02/2019 14:00,10760366.76,31827126.12,0,17.5,10760366.76,188306418.4
24/02/2019 15:00,10760353.36,23203853.56,418.586,17.5,10760353.36,188306183.8
24/02/2019 16:00,10760340.37,11658286.3,119412.03,17.5,10760340.37,188305956.5
24/02/2019 17:00,10760327.41,1528763.525,2814304.55,17.5,10760327.41,188305729.7
24/02/2019 18:00,10760313.65,0,9004836.822,17.5,10760313.65,188305488.8
24/02/2019 19:00,10760303.8,0,14604568.59,17.5,10760303.8,188305316.5
24/02/2019 20:00,10760302.96,0,16396055.49,17.5,10760302.96,188305301.8
24/02/2019 21:00,10760317.72,0,14818388.77,17.5,10760317.72,188305560.1
24/02/2019 22:00,10760344.88,0,10716386.87,17.5,10760344.88,188306035.4
24/02/2019 23:00,10760350.02,0,5919106.524,17.5,10760350.02,188306125.3
25/02/2019 0:00,10760331.96,0,2280202.259,17.5,10760331.96,188305809.3
25/02/2019 1:00,10760319.4,0,850677.592,17.5,10760319.4,188305589.4
25/02/2019 2:00,10760324.41,0,1622262.443,17.5,10760324.41,188305677.1
25/02/2019 3:00,10760330.39,0,3112993.203,17.5,10760330.39,188305781.8
25/02/2019 4:00,10760329.64,0,5044155.534,17.5,10760329.64,188305768.8
25/02/2019 5:00,10760338.18,0,5931077.497,17.5,10760338.18,188305918.1
25/02/2019 6:00,10760343.57,40148.811,5466029.777,17.5,10760343.57,188306012.5
25/02/2019 7:00,10760344.81,7669986.725,3881307.443,17.5,10760344.81,188306034.2
25/02/2019 8:00,10760343.22,19896046.69,1024249.212,17.5,10760343.22,188306006.4
25/02/2019 9:00,10760343.54,29802045.09,244905.966,17.5,10760343.54,188306012
25/02/2019 10:00,10760350.78,36107071.89,596507.353,17.5,10760350.78,188306138.6
25/02/2019 11:00,10760365.68,36354063.9,898146.324,17.5,10760365.68,188306399.4
25/02/2019 12:00,10760375.12,37041116.29,425871.602,17.5,10760375.12,188306564.5
25/02/2019 13:00,10760376.66,34838247.28,119273.003,17.5,10760376.66,188306591.6
25/02/2019 14:00,10760369.33,30175714.01,16027.542,17.5,10760369.33,188306463.3
25/02/2019 15:00,10760356.14,21854568.18,9106.319,17.5,10760356.14,188306232.4
25/02/2019 16:00,10760343.35,11056797.26,152894.387,17.5,10760343.35,188306008.6
25/02/2019 17:00,10760330.57,1575920.695,1431890,17.5,10760330.57,188305785
25/02/2019 18:00,10760316.97,0,3934385.729,17.5,10760316.97,188305547
25/02/2019 19:00,10760307.32,0,6948154.409,17.5,10760307.32,188305378.2
25/02/2019 20:00,10760306.78,0,8923318.171,17.5,10760306.78,188305368.7
25/02/2019 21:00,10760322.05,0,9360261.345,17.5,10760322.05,188305635.9
25/02/2019 22:00,10760349.94,0,10171026.76,17.5,10760349.94,188306123.9
25/02/2019 23:00,10760355.5,0,12231575.58,17.5,10760355.5,188306221.3
26/02/2019 0:00,10760337.5,0,15478089.18,17.5,10760337.5,188305906.3
26/02/2019 1:00,10760325.05,0,19342496.36,17.5,10760325.05,188305688.4
26/02/2019 2:00,10760330.47,0,21636553.5,17.5,10760330.47,188305783.2
26/02/2019 3:00,10760336.87,0,20093609.98,17.5,10760336.87,188305895.2
26/02/2019 4:00,10760336.41,0,15693697.27,17.5,10760336.41,188305887.1
26/02/2019 5:00,10760345.4,0,10979663.73,17.5,10760345.4,188306044.5
26/02/2019 6:00,10760351.18,36102.903,7707331.094,17.5,10760351.18,188306145.6
26/02/2019 7:00,10760352.69,6343166.11,5050477.947,17.5,10760352.69,188306172.1
26/02/2019 8:00,10760351.29,17703574.57,1702881.014,17.5,10760351.29,188306147.6
26/02/2019 9:00,10760351.82,27276841.75,414495.963,17.5,10760351.82,188306156.8
26/02/2019 10:00,10760359.39,33087960.7,43060.959,17.5,10760359.39,188306289.3
26/02/2019 11:00,10760374.8,37144594.62,25564.284,17.5,10760374.8,188306558.9
26/02/2019 12:00,10760384.57,36453535.84,43003.402,17.5,10760384.57,188306730
26/02/2019 13:00,10760386.21,32761702.98,116420.09,17.5,10760386.21,188306758.7
26/02/2019 14:00,10760378.72,26202701.29,98092.252,17.5,10760378.72,188306627.5
26/02/2019 15:00,10760365.15,18463718.37,61544.847,17.5,10760365.15,188306390.2
26/02/2019 16:00,10760351.96,9205903.191,70556.606,17.5,10760351.96,188306159.3
26/02/2019 17:00,10760338.74,1441970.484,448199.543,17.5,10760338.74,188305928
26/02/2019 18:00,10760324.65,0,2277254.127,17.5,10760324.65,188305681.3
26/02/2019 19:00,10760314.56,0,4437306.693,17.5,10760314.56,188305504.8
26/02/2019 20:00,10760313.76,0,5835019.16,17.5,10760313.76,188305490.9
26/02/2019 21:00,10760329.09,0,6197436.034,17.5,10760329.09,188305759
26/02/2019 22:00,10760357.23,0,6088648.896,17.5,10760357.23,188306251.4
26/02/2019 23:00,10760362.52,0,5886908.138,17.5,10760362.52,188306344.1
27/02/2019 0:00,10760343.77,0,5846785.112,17.5,10760343.77,188306016
27/02/2019 1:00,10760330.68,0,6087528.631,17.5,10760330.68,188305786.9
27/02/2019 2:00,10760335.76,0,6785815.047,17.5,10760335.76,188305875.9
27/02/2019 3:00,10760341.82,0,7145713.95,17.5,10760341.82,188305981.8
27/02/2019 4:00,10760340.89,0,7827101.294,17.5,10760340.89,188305965.5
27/02/2019 5:00,10760349.52,0,8752790.58,17.5,10760349.52,188306116.6
27/02/2019 6:00,10760354.88,56862.827,9605393.576,17.5,10760354.88,188306210.4
27/02/2019 7:00,10760355.92,7180126.601,6845733.677,17.5,10760355.92,188306228.7
27/02/2019 8:00,10760354.03,19182843.11,3337004.058,17.5,10760354.03,188306195.5
27/02/2019 9:00,10760354.08,29183461.27,1823662.192,17.5,10760354.08,188306196.4
27/02/2019 10:00,10760361.24,35746268.81,310000.961,17.5,10760361.24,188306321.6
27/02/2019 11:00,10760376.25,37694152.23,483138.8,17.5,10760376.25,188306584.4
27/02/2019 12:00,10760385.6,38276450.07,805612.562,17.5,10760385.6,188306748.1
27/02/2019 13:00,10760386.82,35996197.92,717117.192,17.5,10760386.82,188306769.3
27/02/2019 14:00,10760378.92,33259142.58,268532.397,17.5,10760378.92,188306631
27/02/2019 15:00,10760365,24854021.68,30864.213,17.5,10760365,188306387.5
27/02/2019 16:00,10760351.52,13560543.04,16978.129,17.5,10760351.52,188306151.7
27/02/2019 17:00,10760338.08,2321042.392,149297.573,17.5,10760338.08,188305916.4
27/02/2019 18:00,10760323.82,0,1584686.965,17.5,10760323.82,188305666.8
27/02/2019 19:00,10760313.61,0,2721650.604,17.5,10760313.61,188305488.1
27/02/2019 20:00,10760312.7,0,3073697.605,17.5,10760312.7,188305472.2
27/02/2019 21:00,10760327.89,0,3118928.374,17.5,10760327.89,188305738
27/02/2019 22:00,10760355.87,0,3091851.399,17.5,10760355.87,188306227.7
27/02/2019 23:00,10760361.12,0,2622347.205,17.5,10760361.12,188306319.6
28/02/2019 0:00,10760342.45,0,1840514.449,17.5,10760342.45,188305992.9
28/02/2019 1:00,10760329.45,0,961741.434,17.5,10760329.45,188305765.4
28/02/2019 2:00,10760334.57,0,269128.533,17.5,10760334.57,188305855
28/02/2019 3:00,10760340.69,0,130075.471,17.5,10760340.69,188305962
28/02/2019 4:00,10760339.87,0,476315.341,17.5,10760339.87,188305947.7
28/02/2019 5:00,10760348.6,0,1649448.993,17.5,10760348.6,188306100.5
28/02/2019 6:00,10760354.09,97519.949,4334326.855,17.5,10760354.09,188306196.5
28/02/2019 7:00,10760355.28,8130448.835,6705135.517,17.5,10760355.28,188306217.5
28/02/2019 8:00,10760353.56,20320145.33,3123900.221,17.5,10760353.56,188306187.3
28/02/2019 9:00,10760353.79,29312461.5,1818650.184,17.5,10760353.79,188306191.3
28/02/2019 10:00,10760361.13,30924738,2384909.801,17.5,10760361.13,188306319.7
28/02/2019 11:00,10760376.33,27784256.66,2578435.026,17.5,10760376.33,188306585.8
28/02/2019 12:00,10760385.9,24771345.62,2402198.315,17.5,10760385.9,188306753.2
28/02/2019 13:00,10760387.32,24837031.7,2935517.5,17.5,10760387.32,188306778
28/02/2019 14:00,10760379.6,29339436.91,3651233.574,17.5,10760379.6,188306643.1
28/02/2019 15:00,10760365.85,21992942.71,3416998.235,17.5,10760365.85,188306402.4
28/02/2019 16:00,10760352.51,7429866.295,3415733.756,17.5,10760352.51,188306168.9
28/02/2019 17:00,10760339.18,794943.96,4830461.188,17.5,10760339.18,188305935.7
28/02/2019 18:00,10760325.01,0,5368762.623,17.5,10760325.01,188305687.7
28/02/2019 19:00,10760314.89,0,4735422.795,17.5,10760314.89,188305510.6
28/02/2019 20:00,10760314.1,0,3730308.439,17.5,10760314.1,188305496.8
28/02/2019 21:00,10760329.49,0,3027600.36,17.5,10760329.49,188305766.1
28/02/2019 22:00,10760357.76,0,2853142.718,17.5,10760357.76,188306260.7
28/02/2019 23:00,10760363.2,0,3422357.138,17.5,10760363.2,188306356
01/03/2019 0:00,10760344.59,0,5287660.006,17.5,10760344.59,188306030.4
01/03/2019 1:00,10760331.69,0,11338736.55,17.5,10760331.69,188305804.6
01/03/2019 2:00,10760337.06,0,21900180.95,17.5,10760337.06,188305898.6
01/03/2019 3:00,10760343.47,0,19559832.47,17.5,10760343.47,188306010.7
01/03/2019 4:00,10760342.92,0,11265658.05,17.5,10760342.92,188306001.1
01/03/2019 5:00,10760352.05,0,7532419.253,17.5,10760352.05,188306160.9
01/03/2019 6:00,10760357.97,50568.892,6344669.179,17.5,10760357.97,188306264.5
01/03/2019 7:00,10760359.61,5521925.659,4076134.008,17.5,10760359.61,188306293.2
01/03/2019 8:00,10760358.35,16068210.05,1549184.641,17.5,10760358.35,188306271.1
01/03/2019 9:00,10760359.13,23891373.91,549649.521,17.5,10760359.13,188306284.7
01/03/2019 10:00,10760367.19,27915873.63,586982.703,17.5,10760367.19,188306425.8
01/03/2019 11:00,10760383.38,25748060.23,2879296.031,17.5,10760383.38,188306709.1
01/03/2019 12:00,10760393.94,20190086.07,2721434.373,17.5,10760393.94,188306893.9
01/03/2019 13:00,10760396.3,19050923.59,352042.774,17.5,10760396.3,188306935.2
01/03/2019 14:00,10760389.39,17542902.32,118991.951,17.5,10760389.39,188306814.3
01/03/2019 15:00,10760376.32,9245914.117,236300.538,17.5,10760376.32,188306585.6
01/03/2019 16:00,10760363.7,5671843.087,974026.309,17.5,10760363.7,188306364.7
01/03/2019 17:00,10760351.1,506671.633,8447346.441,17.5,10760351.1,188306144.2
01/03/2019 18:00,10760337.62,0,20241825.8,17.5,10760337.62,188305908.4
01/03/2019 19:00,10760328.34,0,22172045.44,17.5,10760328.34,188305746
01/03/2019 20:00,10760328.81,0,21558117.01,17.5,10760328.81,188305754.1
01/03/2019 21:00,10760346.3,0,22439742.37,17.5,10760346.3,188306060.3
01/03/2019 22:00,10760377.54,0,21186656.03,17.5,10760377.54,188306607
01/03/2019 23:00,10760384.86,0,19138305.96,17.5,10760384.86,188306735
02/03/2019 0:00,10760366.64,0,16023046.18,17.5,10760366.64,188306416.1
02/03/2019 1:00,10760354.32,0,12187888.99,17.5,10760354.32,188306200.6
02/03/2019 2:00,10760361.44,0,9261253.907,17.5,10760361.44,188306325.1
02/03/2019 3:00,10760369.64,0,7750103.315,17.5,10760369.64,188306468.7
02/03/2019 4:00,10760370.31,0,5810430.855,17.5,10760370.31,188306480.5
02/03/2019 5:00,10760381.36,0,3959287.402,17.5,10760381.36,188306673.9
02/03/2019 6:00,10760388.86,24769.566,3533704.383,17.5,10760388.86,188306805.1
02/03/2019 7:00,10760391.59,3597860.764,2408737.612,17.5,10760391.59,188306852.8
02/03/2019 8:00,10760391,7369280.902,1336152.263,17.5,10760391,188306842.4
02/03/2019 9:00,10760392.45,7409070.37,968916.669,17.5,10760392.45,188306867.8
02/03/2019 10:00,10760401.67,8101644.897,969048.937,17.5,10760401.67,188307029.3
02/03/2019 11:00,10760419.57,7128970.839,496691.163,17.5,10760419.57,188307342.5
02/03/2019 12:00,10760431.08,7550796.341,409440.814,17.5,10760431.08,188307543.8
02/03/2019 13:00,10760433.34,8385114.844,698540.064,17.5,10760433.34,188307583.4
02/03/2019 14:00,10760425.18,7495460.25,1660996.696,17.5,10760425.18,188307440.6
02/03/2019 15:00,10760410.03,5707097.236,5287228.17,17.5,10760410.03,188307175.5
02/03/2019 16:00,10760395.13,2979955.58,10339569.55,17.5,10760395.13,188306914.7
02/03/2019 17:00,10760380.02,382728.418,14120906.04,17.5,10760380.02,188306650.4
02/03/2019 18:00,10760363.78,0,15286397.42,17.5,10760363.78,188306366.1
02/03/2019 19:00,10760351.89,0,14397941.27,17.5,10760351.89,188306158.1
02/03/2019 20:00,10760350.26,0,10604114.59,17.5,10760350.26,188306129.6
02/03/2019 21:00,10760366.43,0,8902523.051,17.5,10760366.43,188306412.6
02/03/2019 22:00,10760396.6,0,9304213.825,17.5,10760396.6,188306940.4
02/03/2019 23:00,10760401.17,0,9438782.64,17.5,10760401.17,188307020.4
03/03/2019 0:00,10760379.07,0,8612868.283,17.5,10760379.07,188306633.7
03/03/2019 1:00,10760363.24,0,8647447.974,17.5,10760363.24,188306356.7
03/03/2019 2:00,10760367.3,0,11959507.31,17.5,10760367.3,188306427.7
03/03/2019 3:00,10760372.28,0,17679266.51,17.5,10760372.28,188306514.9
03/03/2019 4:00,10760369.57,0,23038612.47,17.5,10760369.57,188306467.5
03/03/2019 5:00,10760377.13,0,25274993.69,17.5,10760377.13,188306599.7
03/03/2019 6:00,10760381.03,134922.197,25831654.45,17.5,10760381.03,188306668
03/03/2019 7:00,10760380.23,7817231.326,17623648.08,17.5,10760380.23,188306654
03/03/2019 8:00,10760376.27,19952862.31,9115928.617,17.5,10760376.27,188306584.7
03/03/2019 9:00,10760374.38,29836062.35,3448065.053,17.5,10760374.38,188306551.6
03/03/2019 10:00,10760379.95,36485921.94,839603.143,17.5,10760379.95,188306649.1
03/03/2019 11:00,10760393.68,39184062.62,226968.559,17.5,10760393.68,188306889.5
03/03/2019 12:00,10760401.39,37948948.93,322552.09,17.5,10760401.39,188307024.3
03/03/2019 13:00,10760400.61,36101925.85,604619.688,17.5,10760400.61,188307010.6
03/03/2019 14:00,10760390.48,31769502.02,875246.724,17.5,10760390.48,188306833.3
03/03/2019 15:00,10760374.33,23901956.1,1357407.465,17.5,10760374.33,188306550.8
03/03/2019 16:00,10760358.84,13158116.2,2012751.042,17.5,10760358.84,188306279.6
03/03/2019 17:00,10760343.59,2414090.971,3982716.273,17.5,10760343.59,188306012.9
03/03/2019 18:00,10760327.73,0,7225100.755,17.5,10760327.73,188305735.3
03/03/2019 19:00,10760316.16,0,10088428.69,17.5,10760316.16,188305532.8
03/03/2019 20:00,10760314.09,0,11033722.07,17.5,10760314.09,188305496.6
03/03/2019 21:00,10760328.22,0,10176840.12,17.5,10760328.22,188305743.8
03/03/2019 22:00,10760355.08,0,9481799.478,17.5,10760355.08,188306214
03/03/2019 23:00,10760359.25,0,10932149.53,17.5,10760359.25,188306286.8
04/03/2019 0:00,10760339.72,0,15523215.34,17.5,10760339.72,188305945.1
04/03/2019 1:00,10760325.97,0,21997364.3,17.5,10760325.97,188305704.4
04/03/2019 2:00,10760330.23,0,25223073.11,17.5,10760330.23,188305779
04/03/2019 3:00,10760335.5,0,24833518.93,17.5,10760335.5,188305871.2
04/03/2019 4:00,10760333.97,0,22881281.18,17.5,10760333.97,188305844.5
04/03/2019 5:00,10760341.87,0,20940953.83,17.5,10760341.87,188305982.7
04/03/2019 6:00,10760346.6,199561.38,19885364.85,17.5,10760346.6,188306065.5
04/03/2019 7:00,10760347.16,8823709.474,11274733.84,17.5,10760347.16,188306075.3
04/03/2019 8:00,10760344.9,20983278.73,4056322.196,17.5,10760344.9,188306035.7
04/03/2019 9:00,10760344.57,30546136.01,2742213.486,17.5,10760344.57,188306030
04/03/2019 10:00,10760351.18,36995729.31,1399634.677,17.5,10760351.18,188306145.6
04/03/2019 11:00,10760365.43,41060981.12,705882.45,17.5,10760365.43,188306395
04/03/2019 12:00,10760374.18,41569676.53,426754.633,17.5,10760374.18,188306548.1
04/03/2019 13:00,10760375.02,39301811.88,379993.233,17.5,10760375.02,188306562.9
04/03/2019 14:00,10760367.04,33835262.39,474781.585,17.5,10760367.04,188306423.2
04/03/2019 15:00,10760353.24,25726948.31,605262.345,17.5,10760353.24,188306181.7
04/03/2019 16:00,10766924.78,14764479.73,530966.075,17.5,10766924.78,188421183.6
04/03/2019 17:00,10812246.42,3081503.098,218287.666,17.5,10812246.42,189214312.4
04/03/2019 18:00,10869561.68,0,196694.864,17.5,10869561.68,190217329.4
04/03/2019 19:00,10936915.24,0,225373.044,17.5,10936915.24,191396016.6
04/03/2019 20:00,11010912.96,0,375562.725,17.5,11010912.96,192690976.7
04/03/2019 21:00,11085053.24,0,986726.814,17.5,11085053.24,193988431.6
04/03/2019 22:00,11149397.91,0,2205948.01,17.5,11149397.91,195114463.3
04/03/2019 23:00,11202141.67,0,3492715.967,17.5,11202141.67,196037479.2
05/03/2019 0:00,11242692.53,0,4223952.21,17.5,11242692.53,196747119.3
05/03/2019 1:00,11273190.95,0,4744315.026,17.5,11273190.95,197280841.6
05/03/2019 2:00,11292173.7,0,5281575.837,17.5,11292173.7,197613039.8
05/03/2019 3:00,11302929.7,0,6946235.869,17.5,11302929.7,197801269.8
05/03/2019 4:00,11299874.82,0,9650400.872,17.5,11299874.82,197747809.3
05/03/2019 5:00,11286269.37,0,11117641.87,17.5,11286269.37,197509713.9
05/03/2019 6:00,11267105.73,282723.086,10786156.69,17.5,11267105.73,197174350.2
05/03/2019 7:00,11250596.9,10193303.75,6364802.162,17.5,11250596.9,196885445.8
05/03/2019 8:00,11235035.1,22576874.14,1293679.983,17.5,11235035.1,196613114.3
05/03/2019 9:00,11229720.69,32072708.86,73829.765,17.5,11229720.69,196520112
05/03/2019 10:00,11227735.71,38082928.17,528501.097,17.5,11227735.71,196485374.9
05/03/2019 11:00,11235268.28,40701182.97,2170122.422,17.5,11235268.28,196617194.9
05/03/2019 12:00,11280873.56,41058517.01,2803875.833,17.5,11280873.56,197415287.4
05/03/2019 13:00,11380516.46,38655302.77,3164792.183,17.5,11380516.46,199159038.1
05/03/2019 14:00,11489518.99,33113260.03,3035570.78,17.5,11489518.99,201066582.4
05/03/2019 15:00,11595262.2,24911269,2719727.386,17.5,11595262.2,202917088.6
05/03/2019 16:00,11736003.64,13939807.65,2828881.249,17.5,11736003.64,205380063.7
05/03/2019 17:00,11900528.48,2770490.128,3887894.712,17.5,11900528.48,208259248.3
05/03/2019 18:00,12057888.4,0,6067064.251,17.5,12057888.4,211013047.1
05/03/2019 19:00,12196464.39,0,8034093.423,17.5,12196464.39,213438126.8
05/03/2019 20:00,12307591.67,0,8806737.382,17.5,12307591.67,215382854.2
05/03/2019 21:00,12374169.05,0,8456799.194,17.5,12374169.05,216547958.3
05/03/2019 22:00,12376384.8,0,6626381.852,17.5,12376384.8,216586734
05/03/2019 23:00,12335177.38,0,4425785.117,17.5,12335177.38,215865604.2
06/03/2019 0:00,12265179.03,0,2644572.981,17.5,12265179.03,214640633
06/03/2019 1:00,12182277.79,0,1117666.722,17.5,12182277.79,213189861.4
06/03/2019 2:00,12087121.03,0,300553.226,17.5,12087121.03,211524618
06/03/2019 3:00,11990954.18,0,192120.295,17.5,11990954.18,209841698.2
06/03/2019 4:00,11882756.43,0,218908.462,17.5,11882756.43,207948237.5
06/03/2019 5:00,11771764.96,0,572501.196,17.5,11771764.96,206005886.8
06/03/2019 6:00,11667614.34,269608.867,1501054.795,17.5,11667614.34,204183250.9
06/03/2019 7:00,11582737.22,9365974.767,1870643.644,17.5,11582737.22,202697901.3
06/03/2019 8:00,11510955.47,21567261.94,407270.772,17.5,11510955.47,201441720.8
06/03/2019 9:00,11463990.73,31004217.56,235798.932,17.5,11463990.73,200619837.7
06/03/2019 10:00,11428281.46,37070672.86,4136743.241,17.5,11428281.46,199994925.6
06/03/2019 11:00,11410822.43,39536156.81,6401431.3,17.5,11410822.43,199689392.5
06/03/2019 12:00,11447273.51,40014674.54,6579134.278,17.5,11447273.51,200327286.4
06/03/2019 13:00,11553072.9,37715470.68,6071297.001,17.5,11553072.9,202178775.8
06/03/2019 14:00,11667909.96,32876931.43,5740618.597,17.5,11667909.96,204188424.3
06/03/2019 15:00,11777585.41,24579579.62,5623951.31,17.5,11777585.41,206107744.7
06/03/2019 16:00,11930204.15,13671127.86,5977945.611,17.5,11930204.15,208778572.6
06/03/2019 17:00,12113097.96,2773347.542,7531842.187,17.5,12113097.96,211979214.4
06/03/2019 18:00,12291740.83,0,11774473.07,17.5,12291740.83,215105464.5
06/03/2019 19:00,12454191.94,0,17079085.85,17.5,12454191.94,217948359
06/03/2019 20:00,12590959.06,0,21047732.45,17.5,12590959.06,220341783.6
06/03/2019 21:00,12681435.91,0,23318864.85,17.5,12681435.91,221925128.4
06/03/2019 22:00,12700304.68,0,24132154.65,17.5,12700304.68,222255331.8
06/03/2019 23:00,12669904.86,0,21764505.31,17.5,12669904.86,221723335.1
07/03/2019 0:00,12605316.71,0,19529914.62,17.5,12605316.71,220593042.3
07/03/2019 1:00,12523848.37,0,17828793.8,17.5,12523848.37,219167346.4
07/03/2019 2:00,12424702.38,0,18462340.93,17.5,12424702.38,217432291.7
07/03/2019 3:00,12320808.29,0,20644744.06,17.5,12320808.29,215614145.1
07/03/2019 4:00,12197442.99,0,19177854.28,17.5,12197442.99,213455252.3
07/03/2019 5:00,12065815.35,0,15623358.59,17.5,12065815.35,211151768.6
07/03/2019 6:00,11938392.82,355934.045,13737766.8,17.5,11938392.82,208921874.3
07/03/2019 7:00,11831803.54,10184266.58,8053379.579,17.5,11831803.54,207056562
07/03/2019 8:00,11738575.82,22361012.2,4079038.748,17.5,11738575.82,205425076.9
07/03/2019 9:00,11674345.03,31760651.76,2768244.253,17.5,11674345.03,204301038
07/03/2019 10:00,11621517.31,37818818.23,2730898.25,17.5,11621517.31,203376552.9
07/03/2019 11:00,11588850.92,39403781.1,3210704.49,17.5,11588850.92,202804891.1
07/03/2019 12:00,11620061.09,39677684.57,3378901.503,17.5,11620061.09,203351069.1
07/03/2019 13:00,11729331.04,37250677.14,3779982.857,17.5,11729331.04,205263293.3
07/03/2019 14:00,11836430.2,30991019.91,2921583.166,17.5,11836430.2,207137528.5
07/03/2019 15:00,11921256.48,22808293.95,1308161.51,17.5,11921256.48,208621988.3
07/03/2019 16:00,12034086.63,12131858.06,580108.411,17.5,12034086.63,210596516.1
07/03/2019 17:00,12151388.07,2161901.869,740220.658,17.5,12151388.07,212649291.2
07/03/2019 18:00,12230669.65,0,2169268.061,17.5,12230669.65,214036718.9
07/03/2019 19:00,12260814.98,0,5404766.816,17.5,12260814.98,214564262.2
07/03/2019 20:00,12238004.01,0,8427168.151,17.5,12238004.01,214165070.2
07/03/2019 21:00,12154567.18,0,10797885.74,17.5,12154567.18,212704925.6
07/03/2019 22:00,12007412.45,0,13857010.72,17.5,12007412.45,210129717.9
07/03/2019 23:00,11828900.23,0,17916248.43,17.5,11828900.23,207005754
08/03/2019 0:00,11640259.85,0,19346742.81,17.5,11640259.85,203704547.4
08/03/2019 1:00,11458034.5,0,16805078.74,17.5,11458034.5,200515603.8
08/03/2019 2:00,11286763.18,0,12367800.54,17.5,11286763.18,197518355.6
08/03/2019 3:00,11133867.65,0,10016903,17.5,11133867.65,194842683.9
08/03/2019 4:00,10997759.46,0,10786752.32,17.5,10997759.46,192460790.5
08/03/2019 5:00,10883143.59,0,12409742.92,17.5,10883143.59,190455012.8
08/03/2019 6:00,10791114.94,125126.833,13523255.22,17.5,10791114.94,188844511.5
08/03/2019 7:00,10760343.98,2960375.146,15855136.93,17.5,10760343.98,188306019.6
08/03/2019 8:00,10760343.16,7469851.184,17501526.62,17.5,10760343.16,188306005.3
08/03/2019 9:00,10760344.17,11952287.68,18349891.83,17.5,10760344.17,188306023
08/03/2019 10:00,10760352.04,17265840.99,16800069.7,17.5,10760352.04,188306160.7
08/03/2019 11:00,10760367.55,21937598.02,11426405.33,17.5,10760367.55,188306432.2
08/03/2019 12:00,10760377.49,26726360.3,6639669.672,17.5,10760377.49,188306606.1
08/03/2019 13:00,10760379.38,31346135,4094215.847,17.5,10760379.38,188306639.2
08/03/2019 14:00,10760372.2,30978156.15,2210209.822,17.5,10760372.2,188306513.5
08/03/2019 15:00,10760358.95,23424138.07,1127481.295,17.5,10760358.95,188306281.6
08/03/2019 16:00,10760345.97,12686092.7,692004.668,17.5,10760345.97,188306054.5
08/03/2019 17:00,10760332.86,2544610.579,585484.226,17.5,10760332.86,188305825.1
08/03/2019 18:00,10760318.8,0,539633.345,17.5,10760318.8,188305578.9
08/03/2019 19:00,10760308.59,0,327015.872,17.5,10760308.59,188305400.4
08/03/2019 20:00,10760307.43,0,75767.419,17.5,10760307.43,188305380
08/03/2019 21:00,10760321.96,0,34352.916,17.5,10760321.96,188305634.3
08/03/2019 22:00,10760348.88,0,94998.722,17.5,10760348.88,188306105.3
08/03/2019 23:00,10760353.35,0,655330.039,17.5,10760353.35,188306183.5
09/03/2019 0:00,10760334.33,0,2034854.571,17.5,10760334.33,188305850.8
09/03/2019 1:00,10760320.84,0,4098111.731,17.5,10760320.84,188305614.6
09/03/2019 2:00,10760324.93,0,5702990.77,17.5,10760324.93,188305686.3
09/03/2019 3:00,10760329.89,0,6632524.132,17.5,10760329.89,188305773.1
09/03/2019 4:00,10823005.03,0,7889137.157,17.5,10823005.03,189402588
09/03/2019 5:00,10911867.6,0,8395022.889,17.5,10911867.6,190957683
09/03/2019 6:00,10984358.93,382974.163,7680475.339,17.5,10984358.93,192226281.3
09/03/2019 7:00,11045168.91,9811790.239,4812570.714,17.5,11045168.91,193290455.9
09/03/2019 8:00,11096037.98,22037854.85,545643.745,17.5,11096037.98,194180664.7
09/03/2019 9:00,11146394.53,31401019.77,640874.796,17.5,11146394.53,195061904.3
09/03/2019 10:00,11194214.47,37688346.94,955640.059,17.5,11194214.47,195898753.2
09/03/2019 11:00,11247495.68,40943166.13,747605.434,17.5,11247495.68,196831174.5
09/03/2019 12:00,11341156.77,41491524.79,445991.12,17.5,11341156.77,198470243.5
09/03/2019 13:00,11504085.42,39275014.3,224775.806,17.5,11504085.42,201321494.9
09/03/2019 14:00,11691285.13,33902803.16,75376.448,17.5,11691285.13,204597489.7
09/03/2019 15:00,11886399.15,25911001.27,22031.314,17.5,11886399.15,208011985.1
09/03/2019 16:00,12141566.94,15140312.66,39404.039,17.5,12141566.94,212477421.5
09/03/2019 17:00,12445548.57,3556912.135,94218.714,17.5,12445548.57,217797100
09/03/2019 18:00,12753410.19,0,406970.094,17.5,12753410.19,223184678.3
09/03/2019 19:00,13043972.58,0,1545794.224,17.5,13043972.58,228269520.1
09/03/2019 20:00,13298832,0,3027702.838,17.5,13298832,232729559.9
09/03/2019 21:00,13484072.23,0,5991617.675,17.5,13484072.23,235971264.1
09/03/2019 22:00,13558568.63,0,10415059.92,17.5,13558568.63,237274951
09/03/2019 23:00,13550999.52,0,13219533.98,17.5,13550999.52,237142491.7
10/03/2019 0:00,13482886.21,0,13524334.2,17.5,13482886.21,235950508.7
10/03/2019 1:00,13380811.38,0,11769413.99,17.5,13380811.38,234164199.2
10/03/2019 2:00,13245310.94,0,7622486.472,17.5,13245310.94,231792941.4
10/03/2019 3:00,13097420.86,0,3683149.857,17.5,13097420.86,229204865
10/03/2019 4:00,12916722.5,0,1316876.803,17.5,12916722.5,226042643.7
10/03/2019 5:00,12721350.88,0,454356.921,17.5,12721350.88,222623640.4
10/03/2019 6:00,12531157.31,444780.82,237029.182,17.5,12531157.31,219295253
10/03/2019 7:00,12371986.29,9978219.306,358211.8,17.5,12371986.29,216509760.1
10/03/2019 8:00,12233197.51,21931561.46,219036.131,17.5,12233197.51,214080956.4
10/03/2019 9:00,12138777.93,31079199.64,1726934.586,17.5,12138777.93,212428613.8
10/03/2019 10:00,12062636.27,37053337.07,5031235.695,17.5,12062636.27,211096134.6
10/03/2019 11:00,12018455.38,39761824.53,5964094.19,17.5,12018455.38,210322969.2
10/03/2019 12:00,12073753.23,40150084.47,8125114.597,17.5,12073753.23,211290681.5
10/03/2019 13:00,12253177.65,37803909.66,11336703,17.5,12253177.65,214430608.9
10/03/2019 14:00,12437068.9,32673272.88,13833901.41,17.5,12437068.9,217648705.7
10/03/2019 15:00,12596462.5,23883977.77,15476654.75,17.5,12596462.5,220438093.8
10/03/2019 16:00,12814318.89,12540669.84,16053753.83,17.5,12814318.89,224250580.6
10/03/2019 17:00,13059924.97,2015807.649,14393352.36,17.5,13059924.97,228548687
10/03/2019 18:00,13268863.06,0,14688172.35,17.5,13268863.06,232205103.6
10/03/2019 19:00,13422307.81,0,21094765.07,17.5,13422307.81,234890386.7
10/03/2019 20:00,13509716.81,0,28645832.58,17.5,13509716.81,236420044.2
10/03/2019 21:00,13508244.18,0,26187297.14,17.5,13508244.18,236394273.2
10/03/2019 22:00,13395152.9,0,20117118.48,17.5,13395152.9,234415175.8
10/03/2019 23:00,13216469.82,0,9760383.624,17.5,13216469.82,231288221.9
11/03/2019 0:00,13002552.17,0,2932038.495,17.5,13002552.17,227544663
11/03/2019 1:00,12781400.68,0,3413133.715,17.5,12781400.68,223674511.9
11/03/2019 2:00,12556088.05,0,9258143.446,17.5,12556088.05,219731540.8
11/03/2019 3:00,12343242.65,0,11030985.25,17.5,12343242.65,216006746.4
11/03/2019 4:00,12129386.81,0,9919446.279,17.5,12129386.81,212264269.1
11/03/2019 5:00,11927386.78,0,10226763.48,17.5,11927386.78,208729268.7
11/03/2019 6:00,11748134.44,202481.17,10525132.45,17.5,11748134.44,205592352.7
11/03/2019 7:00,11602907.55,6616897.573,3669380.652,17.5,11602907.55,203050882.1
11/03/2019 8:00,11481966.43,17337867.93,934249.872,17.5,11481966.43,200934412.5
11/03/2019 9:00,11393308.73,27070669.06,1073302.123,17.5,11393308.73,199382902.8
11/03/2019 10:00,11320958.44,36183195.66,1199190.845,17.5,11320958.44,198116772.6
11/03/2019 11:00,11268386.5,39614182.25,1286820.956,17.5,11268386.5,197196763.8
11/03/2019 12:00,11258384.46,40613843.88,1521844.018,17.5,11258384.46,197021728
11/03/2019 13:00,11292816.21,38467368.59,1497142.818,17.5,11292816.21,197624283.6
11/03/2019 14:00,11324345.01,32583826.87,1200891.001,17.5,11324345.01,198176037.7
11/03/2019 15:00,11344930.21,24641254.43,765009.696,17.5,11344930.21,198536278.6
11/03/2019 16:00,11382476.55,13981117.87,412932.45,17.5,11382476.55,199193339.6
11/03/2019 17:00,11427509.33,3158787.201,334653.752,17.5,11427509.33,199981413.3
11/03/2019 18:00,11463459.43,0,1478965.983,17.5,11463459.43,200610540.1
11/03/2019 19:00,11488083.97,0,5142157.398,17.5,11488083.97,201041469.4
11/03/2019 20:00,11500957.11,0,10321682.34,17.5,11500957.11,201266749.5
11/03/2019 21:00,11497536.16,0,15209505.89,17.5,11497536.16,201206882.8
11/03/2019 22:00,11472090.38,0,19026542.63,17.5,11472090.38,200761581.6
11/03/2019 23:00,11435846.19,0,21733766.16,17.5,11435846.19,200127308.3
12/03/2019 0:00,11395090.51,0,23194503.27,17.5,11395090.51,199414083.9
12/03/2019 1:00,11355550.03,0,22424612.96,17.5,11355550.03,198722125.5
12/03/2019 2:00,11316101.85,0,20071849.79,17.5,11316101.85,198031782.4
12/03/2019 3:00,11280013.15,0,17687837.79,17.5,11280013.15,197400230.1
12/03/2019 4:00,11241237.58,0,16508415.51,17.5,11241237.58,196721657.7
12/03/2019 5:00,11202348.74,0,16270008.71,17.5,11202348.74,196041103
12/03/2019 6:00,11166470.44,468569.287,15875116.73,17.5,11166470.44,195413232.8
12/03/2019 7:00,11138611.14,9186980.759,9044644.217,17.5,11138611.14,194925694.9
12/03/2019 8:00,11115850.8,21186198.2,7550925.787,17.5,11115850.8,194527389
12/03/2019 9:00,11103910.26,30630164.94,5382982.494,17.5,11103910.26,194318429.5
12/03/2019 10:00,11096656.86,37029858.32,2496500.658,17.5,11096656.86,194191495.1
12/03/2019 11:00,11097919.93,40317507.56,1383873.835,17.5,11097919.93,194213598.7
12/03/2019 12:00,11127320.18,40648824.3,935335.117,17.5,11127320.18,194728103.1
12/03/2019 13:00,11195464.03,37932732.71,766447.51,17.5,11195464.03,195920620.6
12/03/2019 14:00,11270897.74,32730276.06,666751.536,17.5,11270897.74,197240710.5
12/03/2019 15:00,11345087.37,24859524.05,685024.98,17.5,11345087.37,198539028.9
12/03/2019 16:00,11445125.6,14131011.33,1025423.283,17.5,11445125.6,200289698
12/03/2019 17:00,11563560.27,3441210.103,2272040.554,17.5,11563560.27,202362304.7
12/03/2019 18:00,11678942.13,0,4264108.386,17.5,11678942.13,204381487.2
12/03/2019 19:00,11783076.23,0,5775155.03,17.5,11783076.23,206203834
12/03/2019 20:00,11869554.58,0,8304222.558,17.5,11869554.58,207717205.2
12/03/2019 21:00,11925577.97,0,10907318.52,17.5,11925577.97,208697614.5
12/03/2019 22:00,11935886.72,0,14086515.38,17.5,11935886.72,208878017.6
12/03/2019 23:00,11914563.98,0,18200142.47,17.5,11914563.98,208504869.7
13/03/2019 0:00,11871485.97,0,21938260.49,17.5,11871485.97,207751004.5
13/03/2019 1:00,11817807.66,0,26236766.29,17.5,11817807.66,206811634.1
13/03/2019 2:00,11753668.94,0,27842368.25,17.5,11753668.94,205689206.4
13/03/2019 3:00,11687265.18,0,24379889.39,17.5,11687265.18,204527140.7
13/03/2019 4:00,11610195.12,0,18349863.01,17.5,11610195.12,203178414.5
13/03/2019 5:00,11529386.16,0,12110019.84,17.5,11529386.16,201764257.9
13/03/2019 6:00,11452265.27,617465.699,6609134.811,17.5,11452265.27,200414642.3
13/03/2019 7:00,11388532.87,10543515.98,1576756.498,17.5,11388532.87,199299325.2
13/03/2019 8:00,11333692.71,22376414.68,72966.973,17.5,11333692.71,198339622.4
13/03/2019 9:00,11296836.32,31393604.68,1661344.776,17.5,11296836.32,197694635.5
13/03/2019 10:00,11267655.48,37506864.18,4833016.373,17.5,11267655.48,197183970.9
13/03/2019 11:00,11251404.23,40478862.79,8872713.562,17.5,11251404.23,196899574.1
13/03/2019 12:00,11274524.39,40451764.16,13266844.9,17.5,11274524.39,197304176.8
13/03/2019 13:00,11347124.63,36035318.94,17164280.09,17.5,11347124.63,198574681.1
13/03/2019 14:00,11422763.34,24032584.47,19794695.58,17.5,11422763.34,199898358.5
13/03/2019 15:00,11490225.28,13512856.21,19710782.25,17.5,11490225.28,201078942.4
13/03/2019 16:00,11582813.1,5835961.147,16075672.76,17.5,11582813.1,202699229.2
13/03/2019 17:00,11689021.95,1349342.729,9081784.144,17.5,11689021.95,204557884.2
13/03/2019 18:00,11783374.03,0,4083937.224,17.5,11783374.03,206209045.5
13/03/2019 19:00,11858336.02,0,1520117.709,17.5,11858336.02,207520880.3
13/03/2019 20:00,11909441.93,0,558519.895,17.5,11909441.93,208415233.7
13/03/2019 21:00,11926603.74,0,196838.734,17.5,11926603.74,208715565.5
13/03/2019 22:00,11898787.16,0,73062.56,17.5,11898787.16,208228775.3
13/03/2019 23:00,11843872.02,0,224590.862,17.5,11843872.02,207267760.3
14/03/2019 0:00,11773626.09,0,1084552.878,17.5,11773626.09,206038456.6
14/03/2019 1:00,11699495.69,0,2920454.473,17.5,11699495.69,204741174.6
14/03/2019 2:00,11622024.77,0,6274636.79,17.5,11622024.77,203385433.5
14/03/2019 3:00,11548379.57,0,9938321.878,17.5,11548379.57,202096642.5
14/03/2019 4:00,11471153.63,0,12616215.24,17.5,11471153.63,200745188.6
14/03/2019 5:00,11395863.4,0,13687158.81,17.5,11395863.4,199427609.4
14/03/2019 6:00,11327965.88,600622.423,13435935.33,17.5,11327965.88,198239402.8
14/03/2019 7:00,11274578.7,10018175.92,7034761.792,17.5,11274578.7,197305127.2
14/03/2019 8:00,11231296.36,21884376.65,3163114.686,17.5,11231296.36,196547686.3
14/03/2019 9:00,11205157.37,31086401.99,699920.107,17.5,11205157.37,196090254
14/03/2019 10:00,11187547.3,36764836.24,193737.789,17.5,11187547.3,195782077.7
14/03/2019 11:00,11183032.62,39114950.7,284200.197,17.5,11183032.62,195703070.8
14/03/2019 12:00,11215698.37,39331020.64,428548.357,17.5,11215698.37,196274721.4
14/03/2019 13:00,11298479.69,36858237.29,550287.103,17.5,11298479.69,197723394.5
14/03/2019 14:00,11393537.39,31826847.16,782636.79,17.5,11393537.39,199386904.2
14/03/2019 15:00,11492127.6,24663206.29,1350083.953,17.5,11492127.6,201112233
14/03/2019 16:00,11630551.3,14757139.42,2651076.871,17.5,11630551.3,203534647.7
14/03/2019 17:00,11803292.75,3957448.873,6553091.365,17.5,11803292.75,206557623.1
14/03/2019 18:00,11986264,0,17163938.01,17.5,11986264,209759619.9
14/03/2019 19:00,12169569.49,0,28145668.11,17.5,12169569.49,212967466
14/03/2019 20:00,12343429.97,0,31171430.68,17.5,12343429.97,216010024.5
14/03/2019 21:00,12486486.37,0,29716560.92,17.5,12486486.37,218513511.4
14/03/2019 22:00,12569936.39,0,26873388.8,17.5,12569936.39,219973886.8
14/03/2019 23:00,12607481.79,0,22521525.87,17.5,12607481.79,220630931.3
15/03/2019 0:00,12608676.46,0,18181043.96,17.5,12608676.46,220651838
15/03/2019 1:00,12587620.3,0,14116773.62,17.5,12587620.3,220283355.3
15/03/2019 2:00,12541576.06,0,10546107.15,17.5,12541576.06,219477581
15/03/2019 3:00,12483001.2,0,7678649.523,17.5,12483001.2,218452521
15/03/2019 4:00,12394758.64,0,5629666.685,17.5,12394758.64,216908276.1
15/03/2019 5:00,12288186.65,0,4100599.405,17.5,12288186.65,215043266.3
15/03/2019 6:00,12177677,643170.157,2717871.1,17.5,12177677,213109347.5
15/03/2019 7:00,12084401.7,10082395.61,692833.048,17.5,12084401.7,211477029.8
15/03/2019 8:00,12001113.25,21912559.36,73158.86,17.5,12001113.25,210019481.9
15/03/2019 9:00,11949630.57,31096669.45,11529.7,17.5,11949630.57,209118535
15/03/2019 10:00,11909500.03,37326595.53,284577.744,17.5,11909500.03,208416250.5
15/03/2019 11:00,11894010.62,40669927.12,344715.734,17.5,11894010.62,208145185.9
15/03/2019 12:00,11966787.98,41150778.91,261241.234,17.5,11966787.98,209418789.6
15/03/2019 13:00,12155484.24,38867962,192144.24,17.5,12155484.24,212720974.3
15/03/2019 14:00,12351190.93,33891872.51,133046.798,17.5,12351190.93,216145841.2
15/03/2019 15:00,12524644.16,25897289.08,71235.736,17.5,12524644.16,219181272.8
15/03/2019 16:00,12753675.46,15239933.87,32997.076,17.5,12753675.46,223189320.5
15/03/2019 17:00,13007242.33,3986171.56,35603.873,17.5,13007242.33,227626740.8
15/03/2019 18:00,13219540.36,0,417600.17,17.5,13219540.36,231341956.3
15/03/2019 19:00,13369965.85,0,877358.346,17.5,13369965.85,233974402.4
15/03/2019 20:00,13447360.96,0,414469.483,17.5,13447360.96,235328816.9
15/03/2019 21:00,13429960.87,0,149074.075,17.5,13429960.87,235024315.3
15/03/2019 22:00,13298011.41,0,407036.608,17.5,13298011.41,232715199.6
15/03/2019 23:00,13099572.86,0,2452416.351,17.5,13099572.86,229242525.1
16/03/2019 0:00,12867089.3,0,7248184.445,17.5,12867089.3,225174062.8
16/03/2019 1:00,12629723.76,0,13521707.98,17.5,12629723.76,221020165.7
16/03/2019 2:00,12392396.57,0,18394954.43,17.5,12392396.57,216866940
16/03/2019 3:00,12171769.65,0,22074920.04,17.5,12171769.65,213005968.8
16/03/2019 4:00,11956810.78,0,24218870.77,17.5,11956810.78,209244188.7
16/03/2019 5:00,11759693.47,0,23783401.72,17.5,11759693.47,205794635.6
16/03/2019 6:00,11589674.86,734017.456,20940935.24,17.5,11589674.86,202819310.1
16/03/2019 7:00,11455298.97,8810395.647,8899355.064,17.5,11455298.97,200467731.9
16/03/2019 8:00,11347257.57,18608071.71,1171957.611,17.5,11347257.57,198577007.4
16/03/2019 9:00,11271032.99,23208480.57,223515.859,17.5,11271032.99,197243077.3
16/03/2019 10:00,11213010.43,19746988.85,20277.414,17.5,11213010.43,196227682.5
16/03/2019 11:00,11175864.79,19275073.88,90744.331,17.5,11175864.79,195577633.9
16/03/2019 12:00,11179422.55,21254382.55,287738.535,17.5,11179422.55,195639894.6
16/03/2019 13:00,11230074.19,20724647.9,408848.431,17.5,11230074.19,196526298.3
16/03/2019 14:00,11293201.22,19270454.97,301679.858,17.5,11293201.22,197631021.3
16/03/2019 15:00,11365202.53,15362784.28,88447.714,17.5,11365202.53,198891044.2
16/03/2019 16:00,11480541.44,8798096.944,10868.248,17.5,11480541.44,200909475.2
16/03/2019 17:00,11640506.13,2277457.87,31134.128,17.5,11640506.13,203708857.3
16/03/2019 18:00,11831648.53,0,103060.543,17.5,11831648.53,207053849.3
16/03/2019 19:00,12048930.84,0,502353.635,17.5,12048930.84,210856289.6
16/03/2019 20:00,12283925.18,0,2287983.762,17.5,12283925.18,214968690.6
16/03/2019 21:00,12513113.94,0,6098999.566,17.5,12513113.94,218979493.9
16/03/2019 22:00,12699265.03,0,10924594.11,17.5,12699265.03,222237138
16/03/2019 23:00,12845865.33,0,14670808.25,17.5,12845865.33,224802643.2
17/03/2019 0:00,12954517.48,0,16244837.73,17.5,12954517.48,226704055.9
17/03/2019 1:00,13035078.35,0,15593057.9,17.5,13035078.35,228113871.2
17/03/2019 2:00,13079265.98,0,13427765.62,17.5,13079265.98,228887154.7
17/03/2019 3:00,13099328.84,0,10036322.67,17.5,13099328.84,229238254.7
17/03/2019 4:00,13068919.49,0,6814819.478,17.5,13068919.49,228706091
17/03/2019 5:00,13000070.01,0,4522835.093,17.5,13000070.01,227501225.1
17/03/2019 6:00,12912173.44,805653.567,3545698.551,17.5,12912173.44,225963035.3
17/03/2019 7:00,12838404.01,10829495.16,2011572.394,17.5,12838404.01,224672070.2
17/03/2019 8:00,12770197.45,22570750.96,316426.786,17.5,12770197.45,223478455.4
17/03/2019 9:00,12745974.38,31411567.36,115455.453,17.5,12745974.38,223054551.7
17/03/2019 10:00,12735739.7,37334093.07,54123.188,17.5,12735739.7,222875444.7
17/03/2019 11:00,12765077.63,40079915.15,54867.852,17.5,12765077.63,223388858.5
17/03/2019 12:00,12953758.67,40471050.83,62139.225,17.5,12953758.67,226690776.7
17/03/2019 13:00,13367296.42,38225840.05,57317.035,17.5,13367296.42,233927687.4
17/03/2019 14:00,13815425.28,33508371.68,28047.287,17.5,13815425.28,241769942.4
17/03/2019 15:00,14243333.74,25796400.18,16070.262,17.5,14243333.74,249258340.4
17/03/2019 16:00,14807903.95,15485267.33,53196.6,17.5,14807903.95,259138319.1
17/03/2019 17:00,15457615.43,4337318.87,561851.328,17.5,15457615.43,270508269.9
17/03/2019 18:00,16060497.91,0,1776230.167,17.5,16060497.91,281058713.4
17/03/2019 19:00,16567728.82,0,2371969.427,17.5,16567728.82,289935254.4
17/03/2019 20:00,16945064.61,0,2331010.44,17.5,16945064.61,296538630.7
17/03/2019 21:00,17127480.19,0,2350704.947,17.5,17127480.19,299730903.2
17/03/2019 22:00,17044243.1,0,2350071.08,17.5,17044243.1,298274254.3
17/03/2019 23:00,16786896.32,0,2886035.836,17.5,16786896.32,293770685.6
18/03/2019 0:00,16419436.26,0,4293027.113,17.5,16419436.26,287340134.6
18/03/2019 1:00,16007411.09,0,4895070.142,17.5,16007411.09,280129694
18/03/2019 2:00,15557280.51,0,2745270.775,17.5,15557280.51,272252408.9
18/03/2019 3:00,15113125.54,0,829410.331,17.5,15113125.54,264479696.9
18/03/2019 4:00,14638591.13,0,1785830.652,17.5,14638591.13,256175344.8
18/03/2019 5:00,14169216.38,0,4381033.915,17.5,14169216.38,247961286.7
18/03/2019 6:00,13738786.82,749448.861,3632177.387,17.5,13738786.82,240428769.4
18/03/2019 7:00,13386445.24,9604892.413,1592946.667,17.5,13386445.24,234262791.7
18/03/2019 8:00,13088812.24,19070111.92,1317931.798,17.5,13088812.24,229054214.2
18/03/2019 9:00,12878357.94,25085719.8,4675916.324,17.5,12878357.94,225371264
18/03/2019 10:00,12709271.94,29271540.62,7685199.746,17.5,12709271.94,222412258.9
18/03/2019 11:00,12598739.25,30659945.74,10497090.99,17.5,12598739.25,220477936.9
18/03/2019 12:00,12639860.36,20532540.04,10351377.09,17.5,12639860.36,221197556.3
18/03/2019 13:00,12859823.95,15891739.65,11030172.5,17.5,12859823.95,225046919.2
18/03/2019 14:00,13087401.74,12196349.94,13403511.8,17.5,13087401.74,229029530.5
18/03/2019 15:00,13287158.85,10058521.03,14399589.1,17.5,13287158.85,232525279.9
18/03/2019 16:00,13578681.25,10501047.75,17286808.45,17.5,13578681.25,237626921.8
18/03/2019 17:00,13926315.34,3596478.71,19178560.81,17.5,13926315.34,243710518.4
18/03/2019 18:00,14249722.8,0,23586356.97,17.5,14249722.8,249370149
18/03/2019 19:00,14527401.61,0,26331311.59,17.5,14527401.61,254229528.1
18/03/2019 20:00,14745021.1,0,29197974.32,17.5,14745021.1,258037869.2
18/03/2019 21:00,14865094.57,0,31026696.66,17.5,14865094.57,260139154.9
18/03/2019 22:00,14841570.56,0,30692600.34,17.5,14841570.56,259727484.9
18/03/2019 23:00,14727975.23,0,29153735.94,17.5,14727975.23,257739566.4
19/03/2019 0:00,14558092.02,0,28824201.57,17.5,14558092.02,254766610.3
19/03/2019 1:00,14367531.31,0,25826811.59,17.5,14367531.31,251431798
19/03/2019 2:00,14153362.32,0,17432994.2,17.5,14153362.32,247683840.6
19/03/2019 3:00,13940151.81,0,9257421.653,17.5,13940151.81,243952656.7
19/03/2019 4:00,13695764.37,0,4056211.912,17.5,13695764.37,239675876.5
19/03/2019 5:00,13440660.11,0,1845255.593,17.5,13440660.11,235211551.9
19/03/2019 6:00,13198125.09,681908.874,880673.974,17.5,13198125.09,230967189.1
19/03/2019 7:00,13001058.72,8836784.676,299703.181,17.5,13001058.72,227518527.7
19/03/2019 8:00,12833343.29,20716047.16,927044.558,17.5,12833343.29,224583507.5
19/03/2019 9:00,12728383.07,30166600.55,5765860.449,17.5,12728383.07,222746703.7
19/03/2019 10:00,12649758.06,36404233.95,7829345.297,17.5,12649758.06,221370766
19/03/2019 11:00,12617982.67,38107824.4,7714693.412,17.5,12617982.67,220814696.7
19/03/2019 12:00,12736509.9,38789565.55,7275192.024,17.5,12736509.9,222888923.3
19/03/2019 13:00,13051677.75,36613938.1,6642235.953,17.5,13051677.75,228404360.6
19/03/2019 14:00,13388128.68,30721122.3,4441134.379,17.5,13388128.68,234292252
19/03/2019 15:00,13700776.12,23026436.73,1886139.797,17.5,13700776.12,239763582.1
19/03/2019 16:00,14123613.64,13045318.1,259386.528,17.5,14123613.64,247163238.7
19/03/2019 17:00,14612424.82,3352416.385,296233.231,17.5,14612424.82,255717434.4
19/03/2019 18:00,15061088.2,0,9710990.456,17.5,15061088.2,263569043.6
19/03/2019 19:00,15434054.84,0,32453036.03,17.5,15434054.84,270095959.6
19/03/2019 20:00,15707443.85,0,40890729.51,17.5,15707443.85,274880267.3
19/03/2019 21:00,15832252.15,0,42524033.22,17.5,15832252.15,277064412.7
19/03/2019 22:00,15754255.05,0,42815150.65,17.5,15754255.05,275699463.4
19/03/2019 23:00,15546714.54,0,41195011.59,17.5,15546714.54,272067504.5
20/03/2019 0:00,15259325.95,0,37741145.21,17.5,15259325.95,267038204.1
20/03/2019 1:00,14942409.88,0,33257588.87,17.5,14942409.88,261492173
20/03/2019 2:00,14599172.2,0,28567627.86,17.5,14599172.2,255485513.4
20/03/2019 3:00,14262991.29,0,24131727.34,17.5,14262991.29,249602347.5
20/03/2019 4:00,13902852.58,0,22267218.93,17.5,13902852.58,243299920.1
20/03/2019 5:00,13545584.7,0,21957279.99,17.5,13545584.7,237047732.2
20/03/2019 6:00,13217497.3,722169.814,20094850.2,17.5,13217497.3,231306202.7
20/03/2019 7:00,12950637.72,9310868.796,11773200.92,17.5,12950637.72,226636160.1
20/03/2019 8:00,12726129.23,20790134.56,8753471.002,17.5,12726129.23,222707261.6
20/03/2019 9:00,12572344.21,30167291.86,4650518.878,17.5,12572344.21,220016023.7
20/03/2019 10:00,12451674.47,36612149,2589895.157,17.5,12451674.47,217904303.2
20/03/2019 11:00,12380104.92,39976879.7,2194709.019,17.5,12380104.92,216651836.1
20/03/2019 12:00,12442761.05,40639966.58,1854043.416,17.5,12442761.05,217748318.4
20/03/2019 13:00,12670521,38546029.41,1224047.776,17.5,12670521,221734117.4
20/03/2019 14:00,12912756.52,32802841.65,549958.536,17.5,12912756.52,225973239.1
20/03/2019 15:00,13136055.32,24931481.97,231566.33,17.5,13136055.32,229880968
20/03/2019 16:00,13452537.7,14591582.44,406457.825,17.5,13452537.7,235419409.7
20/03/2019 17:00,13830319.03,4019355.653,1788137.864,17.5,13830319.03,242030582.9
20/03/2019 18:00,14190878.47,0,6143159.911,17.5,14190878.47,248340373.3
20/03/2019 19:00,14510427.44,0,10352729.63,17.5,14510427.44,253932480.2
20/03/2019 20:00,14771851.17,0,12739933.2,17.5,14771851.17,258507395.4
20/03/2019 21:00,14934372.03,0,14649900.73,17.5,14934372.03,261351510.5
20/03/2019 22:00,14947623.35,0,17503704.91,17.5,14947623.35,261583408.7
20/03/2019 23:00,14863460.93,0,21637502.06,17.5,14863460.93,260110566.3
21/03/2019 0:00,14715635.1,0,25734032.32,17.5,14715635.1,257523614.3
21/03/2019 1:00,14541135.51,0,28523585.99,17.5,14541135.51,254469871.4
21/03/2019 2:00,14337358.45,0,30197680.95,17.5,14337358.45,250903772.8
21/03/2019 3:00,14130756.59,0,30884174.75,17.5,14130756.59,247288240.3
21/03/2019 4:00,13887830.67,0,28538310.99,17.5,13887830.67,243037036.8
21/03/2019 5:00,13630563.01,0,22883644.47,17.5,13630563.01,238534852.6
21/03/2019 6:00,13384275.78,931211.196,16653589.14,17.5,13384275.78,234224826.1
21/03/2019 7:00,13185049.11,9624448.521,6340722.401,17.5,13185049.11,230738359.4
21/03/2019 8:00,13016298.22,20665398.9,1967198.973,17.5,13016298.22,227785218.9
21/03/2019 9:00,12915226.37,29820914.85,2648284.45,17.5,12915226.37,226016461.5
21/03/2019 10:00,12843054.96,36314723.48,711329.719,17.5,12843054.96,224753461.7
21/03/2019 11:00,12823259.02,39751290.67,219065.307,17.5,12823259.02,224407032.8
21/03/2019 12:00,12973026.81,40363817.12,141533.08,17.5,12973026.81,227027969.1
21/03/2019 13:00,13349567.72,38200967.6,112007.24,17.5,13349567.72,233617435.1
21/03/2019 14:00,13760329.94,33654724.63,89105.311,17.5,13760329.94,240805774
21/03/2019 15:00,14155866.27,25833587.68,56115.819,17.5,14155866.27,247727659.7
21/03/2019 16:00,14694032.47,15354860.84,74259.657,17.5,14694032.47,257145568.3
21/03/2019 17:00,15330357.33,4398154.038,252308.31,17.5,15330357.33,268281253.3
21/03/2019 18:00,15943964.18,0,1034655.442,17.5,15943964.18,279019373.1
21/03/2019 19:00,16491452.18,0,1541837.539,17.5,16491452.18,288600413.2
21/03/2019 20:00,16939795.65,0,1399380.632,17.5,16939795.65,296446423.8
21/03/2019 21:00,17220556.59,0,1041982.505,17.5,17220556.59,301359740.3
21/03/2019 22:00,17252201.28,0,780176.099,17.5,17252201.28,301913522.5
21/03/2019 23:00,17114937.16,0,666652.316,17.5,17114937.16,299511400.4
22/03/2019 0:00,16863770.01,0,825447.288,17.5,16863770.01,295115975.2
22/03/2019 1:00,16559639.22,0,1804479.247,17.5,16559639.22,289793686.3
22/03/2019 2:00,16202558.32,0,3053750.302,17.5,16202558.32,283544770.6
22/03/2019 3:00,15836692.91,0,3859239.215,17.5,15836692.91,277142126
22/03/2019 4:00,15415233.36,0,4501492.968,17.5,15415233.36,269766583.7
22/03/2019 5:00,14975183.96,0,4711682.685,17.5,14975183.96,262065719.3
22/03/2019 6:00,14556530.15,1030738.092,4289609.102,17.5,14556530.15,254739277.7
22/03/2019 7:00,14211961.79,10274900.05,2184294.532,17.5,14211961.79,248709331.3
22/03/2019 8:00,13916508.11,21162908.92,152259.016,17.5,13916508.11,243538891.9
22/03/2019 9:00,13720168.16,29873764.54,9050.812,17.5,13720168.16,240102942.9
22/03/2019 10:00,13566270.96,36155725.7,265522.414,17.5,13566270.96,237409741.8
22/03/2019 11:00,13484075.15,39008499.99,405424.357,17.5,13484075.15,235971315.2
22/03/2019 12:00,13621241.02,38777258.45,434350.441,17.5,13621241.02,238371717.9
22/03/2019 13:00,14036349.99,34299276.16,764144.427,17.5,14036349.99,245636124.9
22/03/2019 14:00,14472278.17,26657099.08,2286971.823,17.5,14472278.17,253264868
22/03/2019 15:00,14866389.65,12289619.2,2780325.245,17.5,14866389.65,260161818.9
22/03/2019 16:00,15406516.9,6523166.297,2613021.98,17.5,15406516.9,269614045.8
22/03/2019 17:00,16029488.13,1531770.418,3441615.644,17.5,16029488.13,280516042.3
22/03/2019 18:00,16591308.7,0,4321399.615,17.5,16591308.7,290347902.2
22/03/2019 19:00,17047003.18,0,3964331.327,17.5,17047003.18,298322555.6
22/03/2019 20:00,17367760.84,0,3470490.458,17.5,17367760.84,303935814.7
22/03/2019 21:00,17491548.57,0,2470402.384,17.5,17491548.57,306102100
22/03/2019 22:00,17350273.14,0,3086884.513,17.5,17350273.14,303629780
22/03/2019 23:00,17043901.11,0,4772679.387,17.5,17043901.11,298268269.5
23/03/2019 0:00,16639001,0,4612067.373,17.5,16639001,291182517.5
23/03/2019 1:00,16201474.45,0,4138429.6,17.5,16201474.45,283525802.8
23/03/2019 2:00,15735041.15,0,5001524.976,17.5,15735041.15,275363220.2
23/03/2019 3:00,15282389.19,0,8960037.202,17.5,15282389.19,267441810.9
23/03/2019 4:00,14802858.21,0,20093744.83,17.5,14802858.21,259050018.7
23/03/2019 5:00,14330640.14,0,25127882.22,17.5,14330640.14,250786202.4
23/03/2019 6:00,13898922.67,79294.889,22345135.17,17.5,13898922.67,243231146.7
23/03/2019 7:00,13547854.72,2517644.325,17301697.39,17.5,13547854.72,237087457.6
23/03/2019 8:00,13252515.17,8482269.922,12810645.7,17.5,13252515.17,231919015.4
23/03/2019 9:00,13048052.21,18314562.55,5285633.157,17.5,13048052.21,228340913.7
23/03/2019 10:00,12886039.67,24774111.99,434255.73,17.5,12886039.67,225505694.2
23/03/2019 11:00,12785883.38,28997848.34,120795.162,17.5,12785883.38,223752959.2
23/03/2019 12:00,12852460.39,31836429.43,506731.67,17.5,12852460.39,224918056.8
23/03/2019 13:00,13120773.5,28360376.65,844960.917,17.5,13120773.5,229613536.3
23/03/2019 14:00,13401363.36,23354158.94,582305.891,17.5,13401363.36,234523858.7
23/03/2019 15:00,13652325.87,17662318.82,420741.298,17.5,13652325.87,238915702.8
23/03/2019 16:00,14008676.97,9165533.096,3150075.674,17.5,14008676.97,245151847
23/03/2019 17:00,14428204.59,2507985.515,15019280.27,17.5,14428204.59,252493580.4
23/03/2019 18:00,14814790.08,0,27835773.36,17.5,14814790.08,259258826.4
23/03/2019 19:00,15140820.13,0,27080754.35,17.5,15140820.13,264964352.2
23/03/2019 20:00,15388232.67,0,19384231.98,17.5,15388232.67,269294071.7
23/03/2019 21:00,15513458.83,0,15325877.63,17.5,15513458.83,271485529.6
23/03/2019 22:00,15464940.69,0,14469035.31,17.5,15464940.69,270636462.1
23/03/2019 23:00,15307702.44,0,14623314.43,17.5,15307702.44,267884792.7
24/03/2019 0:00,15083775,0,15719955.86,17.5,15083775,263966062.6
24/03/2019 1:00,14836459.52,0,17163422.61,17.5,14836459.52,259638041.5
24/03/2019 2:00,14564526.39,0,15708882.55,17.5,14564526.39,254879211.9
24/03/2019 3:00,14297162.43,0,11365250.4,17.5,14297162.43,250200342.5
24/03/2019 4:00,13999783.94,0,10763870.08,17.5,13999783.94,244996219
24/03/2019 5:00,13696152.78,0,14321399.66,17.5,13696152.78,239682673.7
24/03/2019 6:00,13412076.51,348300.594,11118782.14,17.5,13412076.51,234711338.9
24/03/2019 7:00,13182784.55,6245998.106,2522990.996,17.5,13182784.55,230698729.6
24/03/2019 8:00,12989892.42,15749655.35,79504.316,17.5,12989892.42,227323117.4
24/03/2019 9:00,12868465.98,26215153.06,1022.906,17.5,12868465.98,225198154.7
24/03/2019 10:00,12778683.34,27408169.7,203924.703,17.5,12778683.34,223626958.5
24/03/2019 11:00,12742131.32,24238500.62,514516.203,17.5,12742131.32,222987298.1
24/03/2019 12:00,12869123.01,23436072.12,268967.792,17.5,12869123.01,225209652.6
24/03/2019 13:00,13210243.51,18933001.26,167088.321,17.5,13210243.51,231179261.5
24/03/2019 14:00,13580669.76,21212437.43,108868.412,17.5,13580669.76,237661720.7
24/03/2019 15:00,13934471.81,21695563.92,91995.067,17.5,13934471.81,243853256.7
24/03/2019 16:00,14419597.9,14846148.28,75246.674,17.5,14419597.9,252342963.3
24/03/2019 17:00,14994067.3,4735578.123,100734.41,17.5,14994067.3,262396177.7
24/03/2019 18:00,15546508.25,0,438616.292,17.5,15546508.25,272063894.4
24/03/2019 19:00,16038463.66,0,1965909.918,17.5,16038463.66,280673114
24/03/2019 20:00,16441184.62,0,4459462.098,17.5,16441184.62,287720730.8
24/03/2019 21:00,16693258.33,0,5928357.738,17.5,16693258.33,292132020.8
24/03/2019 22:00,16720883.69,0,6102032.677,17.5,16720883.69,292615464.5
24/03/2019 23:00,16597982.53,0,5171831.84,17.5,16597982.53,290464694.2
25/03/2019 0:00,16374642.99,0,4203439.204,17.5,16374642.99,286556252.3
25/03/2019 1:00,16106129.76,0,3242325.724,17.5,16106129.76,281857270.8
25/03/2019 2:00,15791540.36,0,2699893.51,17.5,15791540.36,276351956.3
25/03/2019 3:00,15470713.95,0,3130897.582,17.5,15470713.95,270737494.2
25/03/2019 4:00,15099185.3,0,2587112.168,17.5,15099185.3,264235742.7
25/03/2019 5:00,14710053.13,0,1436296.526,17.5,14710053.13,257425929.8
25/03/2019 6:00,14339788.01,913556.571,2177071.99,17.5,14339788.01,250946290.1
25/03/2019 7:00,14037874.05,7206185.881,3096003.766,17.5,14037874.05,245662795.9
25/03/2019 8:00,13781130.54,15024930.35,1814624.845,17.5,13781130.54,241169784.5
25/03/2019 9:00,13618279.34,23981377.95,981923.766,17.5,13618279.34,238319888.4
25/03/2019 10:00,13496176.86,28835031.67,708862.981,17.5,13496176.86,236183095
25/03/2019 11:00,13444554.66,33751197.32,340201.962,17.5,13444554.66,235279706.6
25/03/2019 12:00,13612806.76,36907992.23,60899.883,17.5,13612806.76,238224118.3
25/03/2019 13:00,14068372.98,37482186.48,5762.388,17.5,14068372.98,246196527.2
25/03/2019 14:00,14560404.18,33510099.86,3924.538,17.5,14560404.18,254807073.1
25/03/2019 15:00,15026708.48,26157570.59,4518.441,17.5,15026708.48,262967398.3
25/03/2019 16:00,15665729.63,16202094.03,4324.598,17.5,15665729.63,274150268.5
25/03/2019 17:00,16419936.2,5238458.99,35799.785,17.5,16419936.2,287348883.5
25/03/2019 18:00,17139936.66,0,693798.605,17.5,17139936.66,299948891.5
25/03/2019 19:00,17774799.23,0,1943893.222,17.5,17774799.23,311058986.6
25/03/2019 20:00,18287061.39,0,2608214.546,17.5,18287061.39,320023574.3
25/03/2019 21:00,18596622.46,0,4797343.814,17.5,18596622.46,325440893
25/03/2019 22:00,18608149.71,0,10675287.86,17.5,18608149.71,325642620
25/03/2019 23:00,18421524.74,0,15905777.71,17.5,18421524.74,322376682.9
26/03/2019 0:00,18104226.27,0,16724497.02,17.5,18104226.27,316823959.7
26/03/2019 1:00,17729664.45,0,13310153.03,17.5,17729664.45,310269127.9
26/03/2019 2:00,17297321.21,0,12189531.82,17.5,17297321.21,302703121.2
26/03/2019 3:00,16859462,0,11013375.62,17.5,16859462,295040585
26/03/2019 4:00,16358865.67,0,9389342.175,17.5,16358865.67,286280149.2
26/03/2019 5:00,15838824.01,0,9283326.276,17.5,15838824.01,277179420.2
26/03/2019 6:00,15346366.18,1455892.073,7549541.391,17.5,15346366.18,268561408.2
26/03/2019 7:00,14944456.24,11880180.18,3417938.146,17.5,14944456.24,261527984.2
26/03/2019 8:00,14602696.38,23291709.48,707288.822,17.5,14602696.38,255547186.7
26/03/2019 9:00,14382238.48,31962102.07,339896.598,17.5,14382238.48,251689173.3
26/03/2019 10:00,14214681.66,37506917.9,1041476.152,17.5,14214681.66,248756929
26/03/2019 11:00,14136870.69,40044131.16,1994945.227,17.5,14136870.69,247395237
26/03/2019 12:00,14335044.51,40323686.85,3025409.698,17.5,14335044.51,250863278.9
26/03/2019 13:00,14890279.53,38072383.06,3057467.612,17.5,14890279.53,260579891.8
26/03/2019 14:00,15486492.33,33289882.61,2897911.561,17.5,15486492.33,271013615.7
26/03/2019 15:00,16046090.51,25673295.46,2685439.444,17.5,16046090.51,280806583.9
26/03/2019 16:00,16814342.1,15451959.97,4114394.948,17.5,16814342.1,294250986.7
26/03/2019 17:00,17718024.03,3907411.476,6764728.325,17.5,17718024.03,310065420.6
26/03/2019 18:00,18572524.37,0,12526674.89,17.5,18572524.37,325019176.5
26/03/2019 19:00,19316219.67,0,16839069.47,17.5,19316219.67,338033844.3
26/03/2019 20:00,19904842.84,0,16306678.52,17.5,19904842.84,348334749.7
26/03/2019 21:00,20243259.26,0,16476598.22,17.5,20243259.26,354257037.1
26/03/2019 22:00,20219521.57,0,18143479.39,17.5,20219521.57,353841627.4
26/03/2019 23:00,19957861.19,0,17860836.46,17.5,19957861.19,349262570.9
27/03/2019 0:00,19541837.76,0,14614906.15,17.5,19541837.76,341982160.8
27/03/2019 1:00,19060760.56,0,9457589.044,17.5,19060760.56,333563309.8
27/03/2019 2:00,18514826.86,0,5611026.982,17.5,18514826.86,324009470
27/03/2019 3:00,17966614.55,0,4856450.458,17.5,17966614.55,314415754.6
27/03/2019 4:00,17348840.1,0,4456435.908,17.5,17348840.1,303604701.8
27/03/2019 5:00,16713112.29,0,3928152.657,17.5,16713112.29,292479465.1
27/03/2019 6:00,16114582.81,1075914.469,4493184.142,17.5,16114582.81,282005199.2
27/03/2019 7:00,15626048.95,8997916.935,2843631.819,17.5,15626048.95,273455856.5
27/03/2019 8:00,15211019.72,19777310.51,1354707.028,17.5,15211019.72,266192845.1
27/03/2019 9:00,14939196.16,29017960.35,771245.932,17.5,14939196.16,261435932.8
27/03/2019 10:00,14730297.32,32655329.02,459532.415,17.5,14730297.32,257780203
27/03/2019 11:00,14625773.11,28671329.27,197756.599,17.5,14625773.11,255951029.5
27/03/2019 12:00,14836798.94,23608236.18,117073.145,17.5,14836798.94,259643981.5
27/03/2019 13:00,15451834.67,23263712.55,58293.922,17.5,15451834.67,270407106.7
27/03/2019 14:00,16108564.77,25282316.26,25164.756,17.5,16108564.77,281899883.4
27/03/2019 15:00,16719065.15,21465762.09,29847.516,17.5,16719065.15,292583640.2
27/03/2019 16:00,17559333.57,12211270.66,51416.267,17.5,17559333.57,307288337.4
27/03/2019 17:00,18544891.26,2816295.861,196819.821,17.5,18544891.26,324535597
27/03/2019 18:00,19468382,0,518073.873,17.5,19468382,340696685.1
27/03/2019 19:00,20262153.24,0,727265.11,17.5,20262153.24,354587681.8
27/03/2019 20:00,20878760.27,0,949906.394,17.5,20878760.27,365378304.7
27/03/2019 21:00,21215370.49,0,1248597.974,17.5,21215370.49,371268983.6
27/03/2019 22:00,21152113.55,0,1219013.239,17.5,21152113.55,370161987.1
27/03/2019 23:00,20829302.49,0,1259411.496,17.5,20829302.49,364512793.6
28/03/2019 0:00,20340838.96,0,1604427.681,17.5,20340838.96,355964681.7
28/03/2019 1:00,19785504.51,0,2050576.261,17.5,19785504.51,346246328.9
28/03/2019 2:00,19164148.52,0,3370082.944,17.5,19164148.52,335372599
28/03/2019 3:00,18544955.08,0,5103280.426,17.5,18544955.08,324536714
28/03/2019 4:00,17855366.05,0,6539326.876,17.5,17855366.05,312468905.8
28/03/2019 5:00,17151328.56,0,8251191.394,17.5,17151328.56,300148249.8
28/03/2019 6:00,16491874.92,900452.332,10211137.77,17.5,16491874.92,288607811.1
28/03/2019 7:00,15954182.19,8257681.993,7377411.328,17.5,15954182.19,279198188.4
28/03/2019 8:00,15498250.41,19934059.74,4337159.099,17.5,15498250.41,271219382.2
28/03/2019 9:00,15197309.2,29397810,2350355.487,17.5,15197309.2,265952911
28/03/2019 10:00,14965054.78,35229583.72,1335065.081,17.5,14965054.78,261888458.7
28/03/2019 11:00,14844724.01,36937725.89,790303.731,17.5,14844724.01,259782670.1
28/03/2019 12:00,15058154.54,37383076.64,282176.903,17.5,15058154.54,263517704.4
28/03/2019 13:00,15696319.26,33607020.3,122373.106,17.5,15696319.26,274685587
28/03/2019 14:00,16376417.3,22237907.93,23521.931,17.5,16376417.3,286587302.7
28/03/2019 15:00,17006379.45,13780837.85,18558.091,17.5,17006379.45,297611640.3
28/03/2019 16:00,17875638.45,7366971.783,52358.038,17.5,17875638.45,312823672.9
28/03/2019 17:00,18895218.8,2699933.52,349144.081,17.5,18895218.8,330666329
28/03/2019 18:00,19848554.35,0,2338447.491,17.5,19848554.35,347349701.1
28/03/2019 19:00,20665566.47,0,7025688.28,17.5,20665566.47,361647413.2
28/03/2019 20:00,21297286.83,0,10336344.9,17.5,21297286.83,372702519.5
28/03/2019 21:00,21637127.71,0,9872349.438,17.5,21637127.71,378649734.9
28/03/2019 22:00,21561060.6,0,8268160.577,17.5,21561060.6,377318560.6
28/03/2019 23:00,21215607.58,0,6180645.854,17.5,21215607.58,371273132.7
29/03/2019 0:00,20698608.9,0,4609433.294,17.5,20698608.9,362225655.8
29/03/2019 1:00,20112679.41,0,3673053.593,17.5,20112679.41,351971889.7
29/03/2019 2:00,19458742.37,0,4208818.307,17.5,19458742.37,340527991.5
29/03/2019 3:00,18807447.92,0,6332801.537,17.5,18807447.92,329130338.5
29/03/2019 4:00,18083907.36,0,4547188.228,17.5,18083907.36,316468378.8
29/03/2019 5:00,17346234.19,0,4497533.179,17.5,17346234.19,303559098.2
29/03/2019 6:00,16655466.82,1421338.22,3570824.686,17.5,16655466.82,291470669.4
29/03/2019 7:00,16090853.64,10085084.48,1478964.606,17.5,16090853.64,281589938.8
29/03/2019 8:00,15610914.5,20123104.44,1845085.124,17.5,15610914.5,273191003.7
29/03/2019 9:00,15290061.57,28405909.06,3806218.341,17.5,15290061.57,267576077.5
29/03/2019 10:00,15039298.39,34493634.14,3605947.349,17.5,15039298.39,263187721.7
29/03/2019 11:00,14901924.49,36641211.03,3956440.115,17.5,14901924.49,260783678.6
29/03/2019 12:00,15100765.96,36967587.09,4894255.089,17.5,15100765.96,264263404.2
29/03/2019 13:00,15722752.72,34817975.79,5320403.165,17.5,15722752.72,275148172.7
29/03/2019 14:00,16378069.79,29137828.93,4228336.059,17.5,16378069.79,286616221.3
29/03/2019 15:00,16973277.1,21440703.47,1852787.713,17.5,16973277.1,297032349.3
29/03/2019 16:00,17794112.01,12903117.36,180652.212,17.5,17794112.01,311396960.1
29/03/2019 17:00,18747077.71,4257000.221,256260.276,17.5,18747077.71,328073859.9
29/03/2019 18:00,19616184.12,0,2350012.29,17.5,19616184.12,343283222
29/03/2019 19:00,20334135.37,0,8899557.816,17.5,20334135.37,355847369
29/03/2019 20:00,20856881.17,0,14415401.69,17.5,20856881.17,364995420.5
29/03/2019 21:00,21087974.67,0,15876036.8,17.5,21087974.67,369039556.7
29/03/2019 22:00,20918957.14,0,13383040.97,17.5,20918957.14,366081750
29/03/2019 23:00,20498419.56,0,9107619.315,17.5,20498419.56,358722342.2
30/03/2019 0:00,19924993.65,0,6842911.583,17.5,19924993.65,348687388.9
30/03/2019 1:00,19298030.27,0,8888125.185,17.5,19298030.27,337715529.8
30/03/2019 2:00,18621016.59,0,23741177.17,17.5,18621016.59,325867790.4
30/03/2019 3:00,17959545.88,0,37665814.42,17.5,17959545.88,314292052.8
30/03/2019 4:00,17247516,0,39506646.45,17.5,17247516,301831530.1
30/03/2019 5:00,16537855.37,0,37436397.58,17.5,16537855.37,289412468.9
30/03/2019 6:00,15883759.12,1559483.497,34081092.4,17.5,15883759.12,277965784.6
30/03/2019 7:00,15351969.1,11674272.43,21448476.55,17.5,15351969.1,268659459.2
30/03/2019 8:00,14903745.36,23852851.7,37865453.14,17.5,14903745.36,260815543.8
30/03/2019 9:00,14599922.59,33152123.38,42375677.51,17.5,14599922.59,255498645.4
30/03/2019 10:00,14362210.86,39269533.22,34447988.22,17.5,14362210.86,251338690
30/03/2019 11:00,14225413.86,40628130.76,23332636.93,17.5,14225413.86,248944742.6
30/03/2019 12:00,14373293.42,41571456.33,14108302.47,17.5,14373293.42,251532634.8
30/03/2019 13:00,14874546.35,39760639.22,9502364.397,17.5,14874546.35,260304561.1
30/03/2019 14:00,15404945.33,34808900.39,7532093.395,17.5,15404945.33,269586543.3
30/03/2019 15:00,15889713.84,27436906.15,6067456.097,17.5,15889713.84,278069992.2
30/03/2019 16:00,16567634.23,17411695.97,4916368.171,17.5,16567634.23,289933599
30/03/2019 17:00,17365230.41,6036487.005,7355085.228,17.5,17365230.41,303891532.2
30/03/2019 18:00,18108315.13,10405.239,18640510.03,17.5,18108315.13,316895514.7
30/03/2019 19:00,18743361.59,0,31106028.84,17.5,18743361.59,328008827.8
30/03/2019 20:00,19233797.85,0,35719221.4,17.5,19233797.85,336591462.4
30/03/2019 21:00,19496223.5,0,35173943.75,17.5,19496223.5,341183911.2
30/03/2019 22:00,19432430.26,0,32757114.03,17.5,19432430.26,340067529.5
30/03/2019 23:00,19160002.72,0,28823815.68,17.5,19160002.72,335300047.6
31/03/2019 0:00,18756273,0,23976648.64,17.5,18756273,328234777.6
31/03/2019 1:00,18302085.7,0,19159478.2,17.5,18302085.7,320286499.8
31/03/2019 2:00,17796420.39,0,16291791.22,17.5,17796420.39,311437356.9
31/03/2019 3:00,17294674.89,0,15020363.11,17.5,17294674.89,302656810.5
31/03/2019 4:00,16734405.69,0,15323239.89,17.5,16734405.69,292852099.5
31/03/2019 5:00,16161018.56,0,18693100.46,17.5,16161018.56,282817824.7
31/03/2019 6:00,15623274.22,1990050.384,20944006.6,17.5,15623274.22,273407298.9
31/03/2019 7:00,15186401.03,12990560.62,11010539.28,17.5,15186401.03,265762018
31/03/2019 8:00,14816750.62,24356285.98,7157099.704,17.5,14816750.62,259293135.9
31/03/2019 9:00,14577720.82,32900465.94,1578598.217,17.5,14577720.82,255110114.4
31/03/2019 10:00,14396221.65,38381365.36,416434.983,17.5,14396221.65,251933878.8
31/03/2019 11:00,14310412.42,41275890.84,1493354.192,17.5,14310412.42,250432217.4
31/03/2019 12:00,14515362.4,41674443.57,2000086.99,17.5,14515362.4,254018842.1
31/03/2019 13:00,15095287.13,39609578.84,2349210.928,17.5,15095287.13,264167524.8
31/03/2019 14:00,15717755.66,34942588.42,2231983.179,17.5,15717755.66,275060724
31/03/2019 15:00,16301245.43,27657267.07,1176227.974,17.5,16301245.43,285271795
31/03/2019 16:00,17102557.15,17725427.3,805145.983,17.5,17102557.15,299294750.1
31/03/2019 17:00,18044273.31,6346398.062,1540221.393,17.5,18044273.31,315774782.9
31/03/2019 18:00,18932541.24,20571.626,1628465.272,17.5,18932541.24,331319471.6
31/03/2019 19:00,19702875.52,0,842424.367,17.5,19702875.52,344800321.7
31/03/2019 20:00,20309262.16,0,96395.696,17.5,20309262.16,355412087.8
31/03/2019 21:00,20652899.43,0,19070.597,17.5,20652899.43,361425740
31/03/2019 22:00,20617951.62,0,156670.561,17.5,20617951.62,360814153.3
31/03/2019 23:00,20335016.86,0,1493863.361,17.5,20335016.86,355862795.1
01/04/2019 0:00,19891918.35,0,5517502.109,17.5,19891918.35,348108571.1
01/04/2019 1:00,19382067.88,0,12433780.07,17.5,19382067.88,339186187.9
01/04/2019 2:00,18806006.26,0,18198734.85,17.5,18806006.26,329105109.5
01/04/2019 3:00,18228891.23,0,24202084.9,17.5,18228891.23,319005596.5
01/04/2019 4:00,17581140.67,0,27842287.76,17.5,17581140.67,307669961.8
01/04/2019 5:00,16916387.53,0,29028662.09,17.5,16916387.53,296036781.8
01/04/2019 6:00,16291670.1,2141433.934,25534059.94,17.5,16291670.1,285104226.7
01/04/2019 7:00,15781980.22,13244524.91,10658967.08,17.5,15781980.22,276184653.8
01/04/2019 8:00,15349331.82,24504403.84,9049880.425,17.5,15349331.82,268613306.9
01/04/2019 9:00,15065281.1,32991270.67,3823690.393,17.5,15065281.1,263642419.3
01/04/2019 10:00,14846787.43,38308028.01,416946.786,17.5,14846787.43,259818780
01/04/2019 11:00,14736320.45,41177603.6,330051.553,17.5,14736320.45,257885607.9
01/04/2019 12:00,14950729.96,41501625,292437.816,17.5,14950729.96,261637774.2
01/04/2019 13:00,15580391.13,39435049.69,179439.758,17.5,15580391.13,272656844.7
01/04/2019 14:00,16252795.89,34375226.16,226084.046,17.5,16252795.89,284423928
01/04/2019 15:00,16877899.12,27125488.5,44259.23,17.5,16877899.12,295363234.6
01/04/2019 16:00,17739330.87,17231117.95,31375.172,17.5,17739330.87,310438290.2
01/04/2019 17:00,18750657.77,6157447.95,141134.051,17.5,18750657.77,328136511
01/04/2019 18:00,19699462.13,30272.578,532528.209,17.5,19699462.13,344740587.3
01/04/2019 19:00,20516582.49,0,880787.506,17.5,20516582.49,359040193.5
01/04/2019 20:00,21153396.31,0,1853380.421,17.5,21153396.31,370184435.4
01/04/2019 21:00,21504136.79,0,3491277.092,17.5,21504136.79,376322393.9
01/04/2019 22:00,21445143.74,0,6625077.182,17.5,21445143.74,375290015.5
01/04/2019 23:00,21119954.52,0,11193891.97,17.5,21119954.52,369599204
02/04/2019 0:00,20624534.84,0,12337853.65,17.5,20624534.84,360929359.7
02/04/2019 1:00,20060083.95,0,10678453.24,17.5,20060083.95,351051469.2
02/04/2019 2:00,19427110.91,0,4795516.335,17.5,19427110.91,339974440.9
02/04/2019 3:00,18795634.23,0,2085955.98,17.5,18795634.23,328923599
02/04/2019 4:00,18090539.01,0,1177130.198,17.5,18090539.01,316584432.6
02/04/2019 5:00,17369339.91,0,1619899.218,17.5,17369339.91,303963448.4
02/04/2019 6:00,16692991.72,2192049.171,2578173.95,17.5,16692991.72,292127355
02/04/2019 7:00,16141507.44,12885288.22,1007378.188,17.5,16141507.44,282476380.2
02/04/2019 8:00,15673711.55,23796864.58,640447.502,17.5,15673711.55,274289952.1
02/04/2019 9:00,15365818.59,31932027.76,2258903.656,17.5,15365818.59,268901825.4
02/04/2019 10:00,15128581.42,37073430.26,8126929.718,17.5,15128581.42,264750174.8
02/04/2019 11:00,15007122.61,39147723.11,8455724.736,17.5,15007122.61,262624645.6
02/04/2019 12:00,15232546.39,39146995.77,6774715.24,17.5,15232546.39,266569561.7
02/04/2019 13:00,15900317.42,36685695.33,4735417.474,17.5,15900317.42,278255554.9
02/04/2019 14:00,16612322.64,28927736.62,2641051.35,17.5,16612322.64,290715646.1
02/04/2019 15:00,17272439.15,18316963.81,728711.28,17.5,17272439.15,302267685.2
02/04/2019 16:00,18182246.73,9401245.931,27468.846,17.5,18182246.73,318189317.7
02/04/2019 17:00,19248922.32,2947439.294,20352.276,17.5,19248922.32,336856140.6
02/04/2019 18:00,20246240.31,0,707526.645,17.5,20246240.31,354309205.5
02/04/2019 19:00,21100940.78,0,2957014.958,17.5,21100940.78,369266463.7
02/04/2019 20:00,21761970.31,0,5775898.586,17.5,21761970.31,380834480.4
02/04/2019 21:00,22118215.56,0,8125382.627,17.5,22118215.56,387068772.2
02/04/2019 22:00,22040381.65,0,8211756.252,17.5,22040381.65,385706678.9
02/04/2019 23:00,21681675.49,0,5879415.347,17.5,21681675.49,379429321.1
03/04/2019 0:00,21144445.02,0,3597752.366,17.5,21144445.02,370027787.8
03/04/2019 1:00,20535970.55,0,2471582.005,17.5,20535970.55,359379484.6
03/04/2019 2:00,19857221.94,0,2161571.931,17.5,19857221.94,347501383.9
03/04/2019 3:00,19181994.08,0,1997707.892,17.5,19181994.08,335684896.4
03/04/2019 4:00,18431735.14,0,1788224.493,17.5,18431735.14,322555365
03/04/2019 5:00,17666934.03,0,1969556.508,17.5,17666934.03,309171345.5
03/04/2019 6:00,16951287.27,2085958.922,2118301.878,17.5,16951287.27,296647527.3
03/04/2019 7:00,16367963.93,11934612.7,859310.299,17.5,16367963.93,286439368.8
03/04/2019 8:00,15873553.55,22502642.96,106933.336,17.5,15873553.55,277787187.2
03/04/2019 9:00,15546891.2,30888227.57,100561.694,17.5,15546891.2,272070595.9
03/04/2019 10:00,15294674.57,36350909.41,1244335.927,17.5,15294674.57,267656805
03/04/2019 11:00,15163403.2,38702785.18,2187048.332,17.5,15163403.2,265359555.9
03/04/2019 12:00,15392005.46,38816152.82,1966846.817,17.5,15392005.46,269360095.5
03/04/2019 13:00,16078157.18,36136394.26,1286730.734,17.5,16078157.18,281367750.7
03/04/2019 14:00,16809179.94,30105960.84,835893.431,17.5,16809179.94,294160649
03/04/2019 15:00,17485929.65,21447613.38,1265197.03,17.5,17485929.65,306003768.8
03/04/2019 16:00,18420049.42,11128238.39,3066555.097,17.5,18420049.42,322350864.9
03/04/2019 17:00,19515620.08,3144753.056,8038972.04,17.5,19515620.08,341523351.4
03/04/2019 18:00,20539558.4,7003.957,16951637.69,17.5,20539558.4,359442272.1
03/04/2019 19:00,21416729.43,0,26231508.96,17.5,21416729.43,374792765
03/04/2019 20:00,22094825.42,0,32437811.9,17.5,22094825.42,386659444.9
03/04/2019 21:00,22459592.72,0,35321718.06,17.5,22459592.72,393042872.6
03/04/2019 22:00,22377965.51,0,34732153.72,17.5,22377965.51,391614396.4
03/04/2019 23:00,22007727.69,0,31380290.24,17.5,22007727.69,385135234.5
04/04/2019 0:00,21454126.25,0,27308441.63,17.5,21454126.25,375447209.4
04/04/2019 1:00,20827461.04,0,24134446.47,17.5,20827461.04,364480568.1
04/04/2019 2:00,20128548.51,0,19375028.31,17.5,20128548.51,352249598.8
04/04/2019 3:00,19433238.56,0,14362490.75,17.5,19433238.56,340081674.7
04/04/2019 4:00,18660533.63,0,11091648.63,17.5,18660533.63,326559338.5
04/04/2019 5:00,17872664.72,0,9527514.098,17.5,17872664.72,312771632.6
04/04/2019 6:00,17135201.42,1639278.762,8612628.643,17.5,17135201.42,299866024.8
04/04/2019 7:00,16533779.94,9000747.543,5253668.532,17.5,16533779.94,289341149
04/04/2019 8:00,16023687.86,17718217.44,3273287.252,17.5,16023687.86,280414537.5
04/04/2019 9:00,15686035.59,26295437.02,1768990.718,17.5,15686035.59,274505622.9
04/04/2019 10:00,15424716.6,32419562.14,776250.805,17.5,15424716.6,269932540.5
04/04/2019 11:00,15287471.1,35232528.54,171148.131,17.5,15287471.1,267530744.2
04/04/2019 12:00,15519612.31,36559427.87,7896.204,17.5,15519612.31,271593215.4
04/04/2019 13:00,16220597.93,34712965.27,3942.688,17.5,16220597.93,283860463.7
04/04/2019 14:00,16965656.6,28665261.34,19397.162,17.5,16965656.6,296898990.5
04/04/2019 15:00,17652636.47,22064380.16,87897.565,17.5,17652636.47,308921138.3
04/04/2019 16:00,18600259.02,13354060.55,259107.268,17.5,18600259.02,325504532.8
04/04/2019 17:00,19708898.89,4516520.719,526567.214,17.5,19708898.89,344905730.6
04/04/2019 18:00,20739308.49,33636.771,489949.462,17.5,20739308.49,362937898.5
04/04/2019 19:00,21614847.39,0,131334.972,17.5,21614847.39,378259829.3
04/04/2019 20:00,22282888.1,0,36499.588,17.5,22282888.1,389950541.7
04/04/2019 21:00,22628604.19,0,936179.106,17.5,22628604.19,396000573.2
04/04/2019 22:00,22519397.25,0,7102028.895,17.5,22519397.25,394089451.9
04/04/2019 23:00,22117878.41,0,19126512.94,17.5,22117878.41,387062872.1
05/04/2019 0:00,21532445.02,0,27155299.34,17.5,21532445.02,376817787.9
05/04/2019 1:00,20875613.48,0,26536813.53,17.5,20875613.48,365323235.8
05/04/2019 2:00,20149066.7,0,21281892.98,17.5,20149066.7,352608667.2
05/04/2019 3:00,19429447.54,0,18349381.82,17.5,19429447.54,340015331.9
05/04/2019 4:00,18636194.89,0,16290680.99,17.5,18636194.89,326133410.6
05/04/2019 5:00,17831959.34,0,11896595.67,17.5,17831959.34,312059288.5
05/04/2019 6:00,17081994.85,1619320.361,4816129.112,17.5,17081994.85,298934909.8
05/04/2019 7:00,16470657.26,9724331.075,284044.818,17.5,16470657.26,288236502.1
05/04/2019 8:00,15952808.6,17499225.67,356100.372,17.5,15952808.6,279174150.4
05/04/2019 9:00,15607574.47,23394469.85,431781.4,17.5,15607574.47,273132553.3
05/04/2019 10:00,15339344.4,27381116.48,235808.668,17.5,15339344.4,268438526.9
05/04/2019 11:00,15194335.65,32351636.14,101702.559,17.5,15194335.65,265900873.8
05/04/2019 12:00,15411479.5,35225066.94,23750.635,17.5,15411479.5,269700891.2
05/04/2019 13:00,16085569.66,35364067.19,9937.758,17.5,16085569.66,281497469.1
05/04/2019 14:00,16800700.79,30976030.55,31169.741,17.5,16800700.79,294012263.8
05/04/2019 15:00,17457833.58,24199615.21,94054.767,17.5,17457833.58,305512087.7
05/04/2019 16:00,18366977.81,15131350.8,217835.511,17.5,18366977.81,321422111.6
05/04/2019 17:00,19431131.42,5433482.372,433355.56,17.5,19431131.42,340044799.9
05/04/2019 18:00,20418924.33,67480.414,915129.623,17.5,20418924.33,357331175.8
05/04/2019 19:00,21257127.88,0,1596162.582,17.5,21257127.88,371999738
05/04/2019 20:00,21895750.55,0,2193875.883,17.5,21895750.55,383175634.7
05/04/2019 21:00,22224601.51,0,3488522.117,17.5,22224601.51,388930526.3
05/04/2019 22:00,22116169.67,0,5802529.389,17.5,22116169.67,387032969.3
05/04/2019 23:00,21727674.58,0,7677354.087,17.5,21727674.58,380234305.2
06/04/2019 0:00,21163559.08,0,9343323.441,17.5,21163559.08,370362283.9
06/04/2019 1:00,20532071.72,0,10957925.09,17.5,20532071.72,359311255.1
06/04/2019 2:00,19834372.75,0,10719270.54,17.5,19834372.75,347101523.1
06/04/2019 3:00,19144075.56,0,9307578.062,17.5,19144075.56,335021322.4
06/04/2019 4:00,18382830.75,0,9454190.95,17.5,18382830.75,321699538.2
06/04/2019 5:00,17610757.95,0,10718209.91,17.5,17610757.95,308188264.1
06/04/2019 6:00,16890720.97,2378204.891,11852729.97,17.5,16890720.97,295587616.9
06/04/2019 7:00,16304447.29,12541764.86,10236669.03,17.5,16304447.29,285327827.6
06/04/2019 8:00,15808263.59,22945832.55,12296360.95,17.5,15808263.59,276644612.7
06/04/2019 9:00,15479335.63,30420116.47,5554856.975,17.5,15479335.63,270888373.6
06/04/2019 10:00,15225003.41,35590140.18,2370030.965,17.5,15225003.41,266437559.7
06/04/2019 11:00,15090633.12,37895431.66,1611910.646,17.5,15090633.12,264086079.5
06/04/2019 12:00,15310473.1,38654931.16,1237123.176,17.5,15310473.1,267933279.3
06/04/2019 13:00,15979258.42,36685862.09,1481507.827,17.5,15979258.42,279637022.3
06/04/2019 14:00,16691142.51,31895806.18,1621285.754,17.5,16691142.51,292094993.9
06/04/2019 15:00,17349023.12,24894137.85,1529145.432,17.5,17349023.12,303607904.6
06/04/2019 16:00,18258218.15,15635742.9,1226482.11,17.5,18258218.15,319518817.6
06/04/2019 17:00,19324471.45,5678170.437,1041829.133,17.5,19324471.45,338178250.4
06/04/2019 18:00,20319783.27,89366.65,1019762.212,17.5,20319783.27,355596207.2
06/04/2019 19:00,21171051.8,0,903558.996,17.5,21171051.8,370493406.6
06/04/2019 20:00,21827596.65,0,1205648.568,17.5,21827596.65,381982941.3
06/04/2019 21:00,22178311.97,0,2021838.193,17.5,22178311.97,388120459.5
06/04/2019 22:00,22093860.62,0,3133776.279,17.5,22093860.62,386642560.8
06/04/2019 23:00,21728622.85,0,5078613.354,17.5,21728622.85,380250899.9
07/04/2019 0:00,21185428.34,0,8152725.809,17.5,21185428.34,370744996
07/04/2019 1:00,20571846.04,0,10675352.4,17.5,20571846.04,360007305.7
07/04/2019 2:00,19888619.63,0,8684418.47,17.5,19888619.63,348050843.5
07/04/2019 3:00,19209574.59,0,5285489.863,17.5,19209574.59,336167555.3
07/04/2019 4:00,18455710.81,0,3059405.615,17.5,18455710.81,322974939.2
07/04/2019 5:00,17687557.09,0,1699416.074,17.5,17687557.09,309532249.1
07/04/2019 6:00,16968875.12,2251612.372,1114417.063,17.5,16968875.12,296955314.5
07/04/2019 7:00,16382964.61,11745035.74,907577.786,17.5,16382964.61,286701880.6
07/04/2019 8:00,15886195.02,21324757.92,2281836.292,17.5,15886195.02,278008412.8
07/04/2019 9:00,15557503.47,28630181.56,4562564.682,17.5,15557503.47,272256310.7
07/04/2019 10:00,15303259.97,33346530.17,3268147.317,17.5,15303259.97,267807049.5
07/04/2019 11:00,15169948.67,34069030.08,2077805.97,17.5,15169948.67,265474101.7
07/04/2019 12:00,15396548.98,33290467.1,2017278.625,17.5,15396548.98,269439607.2
07/04/2019 13:00,16080077.45,30301190.69,2945099.498,17.5,16080077.45,281401355.3
07/04/2019 14:00,16806831.66,24744117.81,4938189.498,17.5,16806831.66,294119554.1
07/04/2019 15:00,17477306.99,20213982.51,6821681.608,17.5,17477306.99,305852872.4
07/04/2019 16:00,18402160.87,13344306.12,7032891.034,17.5,18402160.87,322037815.2
07/04/2019 17:00,19484424.2,5054572.193,5845982.979,17.5,19484424.2,340977423.5
07/04/2019 18:00,20490916.32,96683.818,4298157.911,17.5,20490916.32,358591035.6
07/04/2019 19:00,21346884.24,0,2945509.34,17.5,21346884.24,373570474.1
07/04/2019 20:00,22000938.01,0,2593457.764,17.5,22000938.01,385016415.2
07/04/2019 21:00,22340942.77,0,3270542.823,17.5,22340942.77,390966498.5
07/04/2019 22:00,22237284.79,0,3983921.832,17.5,22237284.79,389152483.8
07/04/2019 23:00,21848391.71,0,4137670.842,17.5,21848391.71,382346854.8
08/04/2019 0:00,21279877.02,0,5804464.442,17.5,21279877.02,372397847.8
08/04/2019 1:00,20641485.56,0,8550388.315,17.5,20641485.56,361225997.3
08/04/2019 2:00,19934769.83,0,12291440.06,17.5,19934769.83,348858471.9
08/04/2019 3:00,19234546.69,0,23585357.44,17.5,19234546.69,336604567
08/04/2019 4:00,18462013.43,0,32436661.77,17.5,18462013.43,323085235
08/04/2019 5:00,17678327.05,0,33991109.62,17.5,17678327.05,309370723.3
08/04/2019 6:00,16947289.21,2437819.59,29716584.62,17.5,16947289.21,296577561.1
08/04/2019 7:00,16351512.78,12355410.35,15840677.26,17.5,16351512.78,286151473.6
08/04/2019 8:00,15846921.92,22817742.16,8688183.178,17.5,15846921.92,277321133.6
08/04/2019 9:00,15511163.06,30875946.27,2898124.397,17.5,15511163.06,271445353.6
08/04/2019 10:00,15250710.76,36330038.8,307139.026,17.5,15250710.76,266887438.3
08/04/2019 11:00,15111020.02,38905704.72,10284.774,17.5,15111020.02,264442850.4
08/04/2019 12:00,15326875.51,39338506.39,2262.182,17.5,15326875.51,268220321.5
08/04/2019 13:00,15992086.56,37347059.5,2462.768,17.5,15992086.56,279861514.8
08/04/2019 14:00,16698720.97,32925241.49,3924.467,17.5,16698720.97,292227617
08/04/2019 15:00,17349509.34,25828719.36,14270.815,17.5,17349509.34,303616413.5
08/04/2019 16:00,18249642.59,16438107.35,44871.595,17.5,18249642.59,319368745.4
08/04/2019 17:00,19304217.73,6183641.258,124261.379,17.5,19304217.73,337823810.2
08/04/2019 18:00,20285552.87,131795.097,329189.856,17.5,20285552.87,354997175.2
08/04/2019 19:00,21121228.74,0,471019.58,17.5,21121228.74,369621503
08/04/2019 20:00,21761463.15,0,666906.718,17.5,21761463.15,380825605.1
08/04/2019 21:00,22096725.3,0,1103446.27,17.5,22096725.3,386692692.7
08/04/2019 22:00,21999896.92,0,1714527.498,17.5,21999896.92,384998196.1
08/04/2019 23:00,21625435.12,0,2563831.825,17.5,21625435.12,378445114.6
09/04/2019 0:00,21076053.73,0,3743951.656,17.5,21076053.73,368830940.2
09/04/2019 1:00,20458637.38,0,6017842.371,17.5,20458637.38,358026154.1
09/04/2019 2:00,19774112.92,0,7531710.659,17.5,19774112.92,346046976.1
09/04/2019 3:00,19095474.02,0,6639221.865,17.5,19095474.02,334170795.3
09/04/2019 4:00,18344778.67,0,3993841.904,17.5,18344778.67,321033626.7
09/04/2019 5:00,17581755.07,0,2045632.253,17.5,17581755.07,307680713.7
09/04/2019 6:00,16869080.25,2543849.67,1485251.077,17.5,16869080.25,295208904.3
09/04/2019 7:00,16288425.91,12183768.68,345436.108,17.5,16288425.91,285047453.4
09/04/2019 8:00,15796549.28,22387530.56,971295.47,17.5,15796549.28,276439612.4
09/04/2019 9:00,15470696.59,30146625.07,6232067.383,17.5,15470696.59,270737190.4
09/04/2019 10:00,15218628.19,34897063.03,8917194.94,17.5,15218628.19,266325993.4
09/04/2019 11:00,15085781.35,35495111.43,9890300.69,17.5,15085781.35,264001173.6
09/04/2019 12:00,15306302.92,34082205.42,11428760.4,17.5,15306302.92,267860301.1
09/04/2019 13:00,15974958.59,28323845.31,14153239.14,17.5,15974958.59,279561775.3
09/04/2019 14:00,16686101.01,19395262.03,17003876.42,17.5,16686101.01,292006767.6
09/04/2019 15:00,17342410.84,12050502.49,19221039.06,17.5,17342410.84,303492189.6
09/04/2019 16:00,18248534.57,7713878.568,18200085.56,17.5,18248534.57,319349354.9
09/04/2019 17:00,19309726.01,4163105.41,12413964.13,17.5,19309726.01,337920205.2
09/04/2019 18:00,20297804.1,120058.948,12498609.07,17.5,20297804.1,355211571.7
09/04/2019 19:00,21139624.95,0,20940945.85,17.5,21139624.95,369943436.6
09/04/2019 20:00,21784732.14,0,31197739.55,17.5,21784732.14,381232812.5
09/04/2019 21:00,22122883.79,0,35676777.87,17.5,22122883.79,387150466.3
09/04/2019 22:00,22026367.38,0,29863555.98,17.5,22026367.38,385461429.2
09/04/2019 23:00,21650003.37,0,12739425.03,17.5,21650003.37,378875059
10/04/2019 0:00,21096973.72,0,6310224.404,17.5,21096973.72,369197040.1
10/04/2019 1:00,20474723.66,0,9211645.751,17.5,20474723.66,358307664.1
10/04/2019 2:00,19784533.86,0,18645598.5,17.5,19784533.86,346229342.6
10/04/2019 3:00,19099832.44,0,24518350.12,17.5,19099832.44,334247067.8
10/04/2019 4:00,18342976.57,0,25922235.88,17.5,18342976.57,321002090
10/04/2019 5:00,17574099.64,0,24179486.65,17.5,17574099.64,307546743.7
10/04/2019 6:00,16856075.11,2374975.618,17319127.44,17.5,16856075.11,294981314.4
10/04/2019 7:00,16270438.87,12004842.74,7460360.831,17.5,16270438.87,284732680.3
10/04/2019 8:00,15773914.84,22611653.1,10846952.37,17.5,15773914.84,276043509.7
10/04/2019 9:00,15443152.32,30928456.93,3150854.588,17.5,15443152.32,270255165.6
10/04/2019 10:00,15186036.09,36422217.59,1122570.917,17.5,15186036.09,265755631.6
10/04/2019 11:00,15047368.82,39781718.68,1457532.538,17.5,15047368.82,263328954.3
10/04/2019 12:00,15258323.22,40174472.79,1701102.841,17.5,15258323.22,267020656.3
10/04/2019 13:00,15910663.49,38193518.42,1467525.134,17.5,15910663.49,278436611.1
10/04/2019 14:00,16601933.02,33448282.86,818834.132,17.5,16601933.02,290533827.9
10/04/2019 15:00,17235954.54,26564722.75,533336.055,17.5,17235954.54,301629204.4
10/04/2019 16:00,18111971.85,17187201.48,668160.026,17.5,18111971.85,316959507.4
10/04/2019 17:00,19135393.48,6630984.611,1405878.602,17.5,19135393.48,334869385.8
10/04/2019 18:00,20081958.56,171430.265,5788737.161,17.5,20081958.56,351434274.8
10/04/2019 19:00,20880751.51,0,12063512.93,17.5,20880751.51,365413151.4
10/04/2019 20:00,21483732.08,0,14796565.47,17.5,21483732.08,375965311.3
10/04/2019 21:00,21785440.15,0,14396822.7,17.5,21785440.15,381245202.5
10/04/2019 22:00,21664636.16,0,12740238.52,17.5,21664636.16,379131132.9
10/04/2019 23:00,21274142.76,0,10295821.68,17.5,21274142.76,372297498.4
11/04/2019 0:00,20715541.44,0,7095791.579,17.5,20715541.44,362521975.2
11/04/2019 1:00,20093461,0,5092350.448,17.5,20093461,351635567.6
11/04/2019 2:00,19409710.46,0,5120387.209,17.5,19409710.46,339669933
11/04/2019 3:00,18734998.69,0,6375737.464,17.5,18734998.69,327862477
11/04/2019 4:00,17995196.06,0,8055501.657,17.5,17995196.06,314915931.1
11/04/2019 5:00,17247919.25,0,8870184.241,17.5,17247919.25,301838586.8
11/04/2019 6:00,16552843.16,2455393.099,7784806.098,17.5,16552843.16,289674755.4
11/04/2019 7:00,15986837.94,11622987.56,2762135.611,17.5,15986837.94,279769663.9
11/04/2019 8:00,15508067.74,21311078.74,115757.378,17.5,15508067.74,271391185.5
11/04/2019 9:00,15188433.19,29273028.75,14903.111,17.5,15188433.19,265797580.8
11/04/2019 10:00,14940155.57,34912685.62,103644.962,17.5,14940155.57,261452722.5
11/04/2019 11:00,14805172.29,36458231.22,90250.723,17.5,14805172.29,259090515
11/04/2019 12:00,15001091.17,35920883.28,30621.155,17.5,15001091.17,262519095.5
11/04/2019 13:00,15613917.89,30405688.05,6859.188,17.5,15613917.89,273243563.1
11/04/2019 14:00,16264512.21,21181715.8,1506.459,17.5,16264512.21,284628963.7
11/04/2019 15:00,16862947.4,14236829.43,79312.971,17.5,16862947.4,295101579.6
11/04/2019 16:00,17692073.13,7198884.895,3285375.31,17.5,17692073.13,309611279.7
11/04/2019 17:00,18664007.05,1915051.764,26312456.57,17.5,18664007.05,326620123.3
11/04/2019 18:00,19568395.78,0,44902176.67,17.5,19568395.78,342446926.1
11/04/2019 19:00,20338641.51,0,47749264.49,17.5,20338641.51,355926226.5
11/04/2019 20:00,20928985.43,0,46631742.25,17.5,20928985.43,366257245
11/04/2019 21:00,21238318.86,0,39950281.21,17.5,21238318.86,371670580.1
11/04/2019 22:00,21149134.71,0,29863655.06,17.5,21149134.71,370109857.4
11/04/2019 23:00,20804016.27,0,18830682.29,17.5,20804016.27,364070284.7
12/04/2019 0:00,20297643.24,0,10390458.67,17.5,20297643.24,355208756.6
12/04/2019 1:00,19728577.29,0,5773293.35,17.5,19728577.29,345250102.5
12/04/2019 2:00,19097446.41,0,3508843.796,17.5,19097446.41,334205312.2
12/04/2019 3:00,18471578.89,0,3026379.734,17.5,18471578.89,323252630.5
12/04/2019 4:00,17778728.62,0,3474926.169,17.5,17778728.62,311127750.9
12/04/2019 5:00,17074048.19,0,3177418.486,17.5,17074048.19,298795843.3
12/04/2019 6:00,16415503.61,2241446.637,1238936.696,17.5,16415503.61,287271313.2
12/04/2019 7:00,15878728.38,10036119.7,330526.819,17.5,15878728.38,277877746.6
12/04/2019 8:00,15423736.54,19692354.84,124923.838,17.5,15423736.54,269915389.5
12/04/2019 9:00,15122101.22,28120192.21,18012.659,17.5,15122101.22,264636771.3
12/04/2019 10:00,14888427.83,34098009.76,300,17.5,14888427.83,260547487
12/04/2019 11:00,14764774.26,37453995.07,1141.153,17.5,14764774.26,258383549.5
12/04/2019 12:00,14967777.24,36572924.42,35087.664,17.5,14967777.24,261936101.7
12/04/2019 13:00,15584706.53,33088411.75,204201.918,17.5,15584706.53,272732364.3
12/04/2019 14:00,16239659.98,25195660.05,522749.786,17.5,16239659.98,284194049.6
12/04/2019 15:00,16842288.72,16642089.69,543191.173,17.5,16842288.72,294740052.7
12/04/2019 16:00,17673577.48,8106894.516,699480.196,17.5,17673577.48,309287606
12/04/2019 17:00,18645011.87,2929797.237,2680865.741,17.5,18645011.87,326287707.8
12/04/2019 18:00,19545375.51,37855.804,13020069.98,17.5,19545375.51,342044071.5
12/04/2019 19:00,20307408.22,0,23742184.56,17.5,20307408.22,355379643.9
12/04/2019 20:00,20885342.37,0,27365264.89,17.5,20885342.37,365493491.4
12/04/2019 21:00,21179098.44,0,31612194.3,17.5,21179098.44,370634222.7
12/04/2019 22:00,21073444.77,0,37223343.92,17.5,21073444.77,368785283.4
12/04/2019 23:00,20712234.84,0,43911223.79,17.5,20712234.84,362464109.8
13/04/2019 0:00,20191255.35,0,40261576.92,17.5,20191255.35,353346968.6
13/04/2019 1:00,19609476.85,0,29082698.68,17.5,19609476.85,343165844.8
13/04/2019 2:00,18968560.33,0,23465993.7,17.5,18968560.33,331949805.8
13/04/2019 3:00,18335576.03,0,20102198.95,17.5,18335576.03,320872580.5
13/04/2019 4:00,17640052.1,0,19179819.99,17.5,17640052.1,308700911.8
13/04/2019 5:00,16936590.58,0,19230552.23,17.5,16936590.58,296390335.2
13/04/2019 6:00,16281929.18,2592287.036,16427346.73,17.5,16281929.18,284933760.7
13/04/2019 7:00,15749487.02,11784876.55,18273087.96,17.5,15749487.02,275616022.8
13/04/2019 8:00,15299645.46,21909095.74,12171773.63,17.5,15299645.46,267743795.5
13/04/2019 9:00,15001524.19,30007515.18,1632826.461,17.5,15001524.19,262526673.3
13/04/2019 10:00,14771601.36,35150335.25,997.174,17.5,14771601.36,258503023.8
13/04/2019 11:00,14650547.72,37388689.88,179007.684,17.5,14650547.72,256384585
13/04/2019 12:00,14848858.07,35437348.12,1373550.119,17.5,14848858.07,259855016.3
13/04/2019 13:00,15452209.64,30792257.04,3025798.434,17.5,15452209.64,270413668.7
13/04/2019 14:00,16096813.06,26549968.79,3724903.787,17.5,16096813.06,281694228.5
13/04/2019 15:00,16696157.09,17996615.42,3375580.867,17.5,16696157.09,292182749
13/04/2019 16:00,17526474.57,10461930.58,2026832.689,17.5,17526474.57,306713304.9
13/04/2019 17:00,18504925.92,4011487.113,731758.9,17.5,18504925.92,323836203.7
13/04/2019 18:00,19427120.07,87617.671,553599.479,17.5,19427120.07,339974601.2
13/04/2019 19:00,20226829.33,0,2493624.434,17.5,20226829.33,353969513.2
13/04/2019 20:00,20856894.88,0,5857896.956,17.5,20856894.88,364995660.3
13/04/2019 21:00,21213717.39,0,9720194.252,17.5,21213717.39,371240054.4
13/04/2019 22:00,21175013.89,0,13665963.96,17.5,21175013.89,370562743
13/04/2019 23:00,20878019.04,0,20333356.01,17.5,20878019.04,365365333.3
14/04/2019 0:00,20414218.43,0,30883802.39,17.5,20414218.43,357248822.5
14/04/2019 1:00,19881006.41,0,39625217.73,17.5,19881006.41,347917612.1
14/04/2019 2:00,19277785.31,0,36217992.75,17.5,19277785.31,337361243
14/04/2019 3:00,18672586.11,0,23586327.75,17.5,18672586.11,326770256.8
14/04/2019 4:00,17991018.9,0,17219836.24,17.5,17991018.9,314842830.8
14/04/2019 5:00,17289444.24,0,15212145.7,17.5,17289444.24,302565274.3
14/04/2019 6:00,16628215.72,2603209.249,11861611.05,17.5,16628215.72,290993775
14/04/2019 7:00,16086977.44,12247295.83,10638012.78,17.5,16086977.44,281522105.1
14/04/2019 8:00,15625555.81,22646999.02,5931349.473,17.5,15625555.81,273447226.7
14/04/2019 9:00,15319820.75,30660792.11,848869.031,17.5,15319820.75,268096863.1
14/04/2019 10:00,15081581.53,35765365.65,170316.256,17.5,15081581.53,263927676.7
14/04/2019 11:00,14955387.63,38731910.58,587331.442,17.5,14955387.63,261719283.5
14/04/2019 12:00,15168495.76,38677822.04,1135945.336,17.5,15168495.76,265448675.7
14/04/2019 13:00,15811688.17,37366722.47,1270691.767,17.5,15811688.17,276704543
14/04/2019 14:00,16489369.01,32571965.91,1005523.639,17.5,16489369.01,288563957.6
14/04/2019 15:00,17105147.88,25515584.97,617590.716,17.5,17105147.88,299340087.9
14/04/2019 16:00,17949615.43,16423836.22,565067.695,17.5,17949615.43,314118270.1
14/04/2019 17:00,18926025.64,6304043.152,511993.967,17.5,18926025.64,331205448.6
14/04/2019 18:00,19811667.85,232378.7,365004.959,17.5,19811667.85,346704187.4
14/04/2019 19:00,20536387.83,0,318673.959,17.5,20536387.83,359386787.1
14/04/2019 20:00,21054618.24,0,594763.121,17.5,21054618.24,368455819.2
14/04/2019 21:00,21268456.08,0,713177.761,17.5,21268456.08,372197981.5
14/04/2019 22:00,21069535.57,0,608023.143,17.5,21069535.57,368716872.5
14/04/2019 23:00,20611862.12,0,317720.192,17.5,20611862.12,360707587
15/04/2019 0:00,19998133.87,0,152353.148,17.5,19998133.87,349967342.8
15/04/2019 1:00,19330829.27,0,506732.393,17.5,19330829.27,338289512.2
15/04/2019 2:00,18615196.96,0,2413395.858,17.5,18615196.96,325765946.8
15/04/2019 3:00,17918243.71,0,5073466.463,17.5,17918243.71,313569264.9
15/04/2019 4:00,17175399.9,0,7272193.196,17.5,17175399.9,300569498.3
15/04/2019 5:00,16440523.29,0,7996212.024,17.5,16440523.29,287709157.5
15/04/2019 6:00,15766487.55,2295078.528,5113424.855,17.5,15766487.55,275913532.2
15/04/2019 7:00,15217870.77,7131643.945,924603.283,17.5,15217870.77,266312738.4
15/04/2019 8:00,14755618.43,9933994.77,101991.621,17.5,14755618.43,258223322.6
15/04/2019 9:00,14436830.79,12668688.68,11910.733,17.5,14436830.79,252644538.7
15/04/2019 10:00,14184521.76,15870244.16,310580.884,17.5,14184521.76,248229130.7
15/04/2019 11:00,14030462.32,20910011.63,1742133.894,17.5,14030462.32,245533090.7
15/04/2019 12:00,14144935.86,23007618.66,3023703.873,17.5,14144935.86,247536377.5
15/04/2019 13:00,14586150,20900941.3,3133216.18,17.5,14586150,255257625
15/04/2019 14:00,15047905.42,13540314.64,3090839.548,17.5,15047905.42,263338344.9
15/04/2019 15:00,15461637.63,8519553.207,6066886.696,17.5,15461637.63,270578658.5
15/04/2019 16:00,16046283.22,4980863.682,15179768.05,17.5,16046283.22,280809956.3
15/04/2019 17:00,16732783.62,1729785.98,23306226.94,17.5,16732783.62,292823713.4
15/04/2019 18:00,17363695.93,12203.308,23429788.7,17.5,17363695.93,303864678.7
15/04/2019 19:00,17892753.81,0,24517584.43,17.5,17892753.81,313123191.7
15/04/2019 20:00,18289377.87,0,31527726.83,17.5,18289377.87,320064112.7
15/04/2019 21:00,18481928.64,0,22708307.6,17.5,18481928.64,323433751.1
15/04/2019 22:00,18386891.85,0,9024670.76,17.5,18386891.85,321770607.4
15/04/2019 23:00,18110959.1,0,4014008.831,17.5,18110959.1,316941784.2
16/04/2019 0:00,17723583.76,0,7530220.512,17.5,17723583.76,310162715.8
16/04/2019 1:00,17295936.94,0,11180067.74,17.5,17295936.94,302678896.5
16/04/2019 2:00,16827331.43,0,6761216.705,17.5,16827331.43,294478300
16/04/2019 3:00,16365631.71,0,3027988.046,17.5,16365631.71,286398554.9
16/04/2019 4:00,15857309.21,0,3692876.105,17.5,15857309.21,277502911.2
16/04/2019 5:00,15341683.74,0,6433161.348,17.5,15341683.74,268479465.4
16/04/2019 6:00,14860192.97,2685087.218,8304821.287,17.5,14860192.97,260053376.9
16/04/2019 7:00,14467148.22,10759510.41,13363911.51,17.5,14467148.22,253175093.9
16/04/2019 8:00,14133134.3,17363509.48,17142026.79,17.5,14133134.3,247329850.3
16/04/2019 9:00,13909495.02,22657809.17,20202754.57,17.5,13909495.02,243416162.8
16/04/2019 10:00,13734041.45,23841597.18,26739913.94,17.5,13734041.45,240345725.4
16/04/2019 11:00,13636565.64,23929820.7,30163326.09,17.5,13636565.64,238639898.6
16/04/2019 12:00,13771224.98,25566698.74,28171837.78,17.5,13771224.98,240996437.2
16/04/2019 13:00,14196829.53,28392044.11,24606826.3,17.5,14196829.53,248444516.8
16/04/2019 14:00,14641340.89,23448923.39,19194248.93,17.5,14641340.89,256223465.6
16/04/2019 15:00,15038755.96,15398622.54,13259480.98,17.5,15038755.96,263178229.4
16/04/2019 16:00,15583797.22,8703369.416,8162570.131,17.5,15583797.22,272716451.3
16/04/2019 17:00,16208355.27,3186949.062,4277636.003,17.5,16208355.27,283646217.2
16/04/2019 18:00,16761810.92,120535.196,2084032.218,17.5,16761810.92,293331691.2
16/04/2019 19:00,17198242.81,0,3591029.058,17.5,17198242.81,300969249.2
16/04/2019 20:00,17489621.48,0,10528144.18,17.5,17489621.48,306068375.9
16/04/2019 21:00,17575353.51,0,15669116.57,17.5,17575353.51,307568686.4
16/04/2019 22:00,17390676.6,0,17829114.49,17.5,17390676.6,304336840.6
16/04/2019 23:00,17041023.8,0,20737309.5,17.5,17041023.8,298217916.5
17/04/2019 0:00,16596355.81,0,21467670.07,17.5,16596355.81,290436226.6
17/04/2019 1:00,16124262.21,0,18354478.51,17.5,16124262.21,282174588.6
17/04/2019 2:00,15629615.68,0,15804385.59,17.5,15629615.68,273518274.4
17/04/2019 3:00,15154978.48,0,12851282.54,17.5,15154978.48,265212123.5
17/04/2019 4:00,14661182.61,0,11228297.9,17.5,14661182.61,256570695.6
17/04/2019 5:00,14181748.7,0,13523534.36,17.5,14181748.7,248180602.3
17/04/2019 6:00,13748179.08,2223441.18,14162055.41,17.5,13748179.08,240593133.9
17/04/2019 7:00,13397613.79,9321410.578,11416703.93,17.5,13397613.79,234458241.3
17/04/2019 8:00,13105055.69,15776539.06,7365603.708,17.5,13105055.69,229338474.6
17/04/2019 9:00,12902347.59,20020349.86,5956434.716,17.5,12902347.59,225791082.8
17/04/2019 10:00,12742991.88,21991857.23,6375417.983,17.5,12742991.88,223002358
17/04/2019 11:00,12644489.74,23050200.51,6862589.553,17.5,12644489.74,221278570.4
17/04/2019 12:00,12703843.11,22836239.9,5779026.062,17.5,12703843.11,222317254.4
17/04/2019 13:00,12953669.05,22644670.27,3353403.127,17.5,12953669.05,226689208.4
17/04/2019 14:00,13219453.66,20804457.82,1455233.649,17.5,13219453.66,231340439
17/04/2019 15:00,13464073.05,17803427.54,521412.823,17.5,13464073.05,235621278.4
17/04/2019 16:00,13816208.34,12436910.47,228839.008,17.5,13816208.34,241783645.9
17/04/2019 17:00,14240514.85,5635683.331,227518.286,17.5,14240514.85,249209009.8
17/04/2019 18:00,14649588.18,322181.745,543447.374,17.5,14649588.18,256367793.2
17/04/2019 19:00,15017807.11,0,1281381.229,17.5,15017807.11,262811624.4
17/04/2019 20:00,15326411.4,0,2247311.996,17.5,15326411.4,268212199.4
17/04/2019 21:00,15528752.1,0,3214139.734,17.5,15528752.1,271753161.7
17/04/2019 22:00,15565736.38,0,3231422.795,17.5,15565736.38,272400386.6
17/04/2019 23:00,15494256.4,0,2012570.664,17.5,15494256.4,271149487
18/04/2019 0:00,15350841.91,0,607787.645,17.5,15350841.91,268639733.5
18/04/2019 1:00,15176477.33,0,44142.802,17.5,15176477.33,265588353.3
18/04/2019 2:00,14966665.43,0,6043.087,17.5,14966665.43,261916645
18/04/2019 3:00,14751313.79,0,33823.707,17.5,14751313.79,258147991.3
18/04/2019 4:00,14489820.58,0,180496.713,17.5,14489820.58,253571860.2
18/04/2019 5:00,14207224.85,0,481860.319,17.5,14207224.85,248626434.9
18/04/2019 6:00,13933472.61,2989365.857,530692,17.5,13933472.61,243835770.6
18/04/2019 7:00,13712590.8,12282924.8,848449.909,17.5,13712590.8,239970338.9
18/04/2019 8:00,13525320.34,22614790.63,1883451.124,17.5,13525320.34,236693105.9
18/04/2019 9:00,13418248.71,30892803.41,3037500.381,17.5,13418248.71,234819352.4
18/04/2019 10:00,13344801.21,36404217.4,4795806.014,17.5,13344801.21,233534021.2
18/04/2019 11:00,13334894.56,39012854.05,6529420.277,17.5,13334894.56,233360654.7
18/04/2019 12:00,13536630.25,39138778.51,8000963.654,17.5,13536630.25,236891029.4
18/04/2019 13:00,14025287.72,37045535.91,9241505.854,17.5,14025287.72,245442535
18/04/2019 14:00,14560622.35,33064408.84,9452682.733,17.5,14560622.35,254810891.1
18/04/2019 15:00,15079672.23,26525382.9,8796042.788,17.5,15079672.23,263894264.1
18/04/2019 16:00,15783092.78,17525249.25,7420631.35,17.5,15783092.78,276204123.6
18/04/2019 17:00,16615056.07,7422234.762,4943130.341,17.5,16615056.07,290763481.1
18/04/2019 18:00,17420538.7,403768.139,2172398.807,17.5,17420538.7,304859427.2
18/04/2019 19:00,18143007.26,0,474524.417,17.5,18143007.26,317502627.1
18/04/2019 20:00,18739186.52,0,151147.401,17.5,18739186.52,327935764.1
18/04/2019 21:00,19119927.85,0,388242.368,17.5,19119927.85,334598737.3
18/04/2019 22:00,19178590.13,0,840499.917,17.5,19178590.13,335625327.3
18/04/2019 23:00,19017976.68,0,2470578.649,17.5,19017976.68,332814591.8
19/04/2019 0:00,18708891.74,0,4808435.642,17.5,18708891.74,327405605.5
19/04/2019 1:00,18330347.36,0,6182813.794,17.5,18330347.36,320781078.7
19/04/2019 2:00,17882172.86,0,5869275.56,17.5,17882172.86,312938025
19/04/2019 3:00,17421944.27,0,4342925.857,17.5,17421944.27,304884024.6
19/04/2019 4:00,16887950.94,0,3206315.924,17.5,16887950.94,295539141.5
19/04/2019 5:00,16328177.93,0,2339504.102,17.5,16328177.93,285743113.8
19/04/2019 6:00,15795025.17,3676223.482,1152793.013,17.5,15795025.17,276412940.4
19/04/2019 7:00,15358546.53,14160713.56,480130.537,17.5,15358546.53,268774564.3
19/04/2019 8:00,14986193.39,24552738.64,1513318.021,17.5,14986193.39,262258384.3
19/04/2019 9:00,14745854.81,32674278.2,839043.737,17.5,14745854.81,258052459.1
19/04/2019 10:00,14562757.72,38116078.36,290690.319,17.5,14562757.72,254848260.1
19/04/2019 11:00,14477759.7,41473510.53,92163.646,17.5,14477759.7,253360794.7
19/04/2019 12:00,14696130.58,41789229.14,45336.432,17.5,14696130.58,257182285.1
19/04/2019 13:00,15307238.82,39680714.35,37306.054,17.5,15307238.82,267876679.4
19/04/2019 14:00,15963067.38,35064489.73,27664.254,17.5,15963067.38,279353679.1
19/04/2019 15:00,16578254.12,28151698.14,32289.049,17.5,16578254.12,290119447.1
19/04/2019 16:00,17422854.65,18894310.54,131311.334,17.5,17422854.65,304899956.4
19/04/2019 17:00,18416408.63,8207859.469,692840.439,17.5,18416408.63,322287151
19/04/2019 18:00,19355998.42,447738.605,3036212.826,17.5,19355998.42,338729972.4
19/04/2019 19:00,20173968.62,0,6916922.111,17.5,20173968.62,353044450.9
19/04/2019 20:00,20821678.87,0,9100276.39,17.5,20821678.87,364379380.3
19/04/2019 21:00,21194479.3,0,9071146.284,17.5,21194479.3,370903387.8
19/04/2019 22:00,21169126.27,0,8130921.795,17.5,21169126.27,370459709.7
19/04/2019 23:00,20882199.55,0,7291540.625,17.5,20882199.55,365438492.1
20/04/2019 0:00,20425532.51,0,6380298.192,17.5,20425532.51,357446818.9
20/04/2019 1:00,19897286.18,0,5426615.488,17.5,19897286.18,348202508.2
20/04/2019 2:00,19297590.94,0,4667737.953,17.5,19297590.94,337707841.5
20/04/2019 3:00,18695263.64,0,4170835.874,17.5,18695263.64,327167113.7
20/04/2019 4:00,18016163.19,0,3925378.764,17.5,18016163.19,315282855.8
20/04/2019 5:00,17317061.26,0,3959651.636,17.5,17317061.26,303048572
20/04/2019 6:00,16658685.38,3792719.327,3470036.738,17.5,16658685.38,291526994.1
20/04/2019 7:00,16121248.95,14092457.93,1514551.226,17.5,16121248.95,282121856.7
20/04/2019 8:00,15664593.04,24129695.01,3366538.337,17.5,15664593.04,274130378.1
20/04/2019 9:00,15365556.98,31816592.91,4146130.744,17.5,15365556.98,268897247.2
20/04/2019 10:00,15135712.61,37093797.75,3536542.451,17.5,15135712.61,264874970.6
20/04/2019 11:00,15020761.61,40090601.08,2868792.56,17.5,15020761.61,262863328.2
20/04/2019 12:00,15253475.35,40417564.94,2266096.538,17.5,15253475.35,266935818.7
20/04/2019 13:00,15931349.14,38409158.76,1926178.952,17.5,15931349.14,278798610
20/04/2019 14:00,16654948.37,33591309.78,1822734.389,17.5,16654948.37,291461596.5
20/04/2019 15:00,17327264.3,26723674.8,1830127.114,17.5,17327264.3,303227125.3
20/04/2019 16:00,18252326.06,17589106.72,1956338.892,17.5,18252326.06,319415706.1
20/04/2019 17:00,19336803.96,7437219.939,2252293.774,17.5,19336803.96,338394069.4
20/04/2019 18:00,20352026.35,436088.326,4231825.806,17.5,20352026.35,356160461.1
20/04/2019 19:00,21223391.18,0,8127583.085,17.5,21223391.18,371409345.7
20/04/2019 20:00,21898678.37,0,11947494.67,17.5,21898678.37,383226871.4
20/04/2019 21:00,22264829.68,0,14481257.93,17.5,22264829.68,389634519.4
20/04/2019 22:00,22190323.96,0,15336127.36,17.5,22190323.96,388330669.2
20/04/2019 23:00,21830006.16,0,13714964.52,17.5,21830006.16,382025107.8
21/04/2019 0:00,21287527.79,0,10076012.5,17.5,21287527.79,372531736.3
21/04/2019 1:00,20671732.91,0,6375279.648,17.5,20671732.91,361755325.9
21/04/2019 2:00,19983770.27,0,3686258.302,17.5,19983770.27,349715979.7
21/04/2019 3:00,19298653.17,0,2859820.649,17.5,19298653.17,337726430.5
21/04/2019 4:00,18536945.19,0,4069762.718,17.5,18536945.19,324396540.9
21/04/2019 5:00,17760179.93,0,5471411.311,17.5,17760179.93,310803148.7
21/04/2019 6:00,17033098.45,3322709.672,5464808.013,17.5,17033098.45,298079222.9
21/04/2019 7:00,16440069.11,12255074.28,2407028.008,17.5,16440069.11,287701209.4
21/04/2019 8:00,15937141.01,21743512.9,1326186.982,17.5,15937141.01,278899967.7
21/04/2019 9:00,15604089.06,30893345.53,666148.275,17.5,15604089.06,273071558.5
21/04/2019 10:00,15346377.9,36237367.17,146576.548,17.5,15346377.9,268561613.2
21/04/2019 11:00,15210947.52,39567315.76,24340,17.5,15210947.52,266191581.6
21/04/2019 12:00,15438966.94,39946526.32,27581.212,17.5,15438966.94,270181921.5
21/04/2019 13:00,16128298.12,38015231.98,65457.616,17.5,16128298.12,282245217.1
21/04/2019 14:00,16861624.81,32811038.47,115273.01,17.5,16861624.81,295078434.1
21/04/2019 15:00,17538834.47,26054769.8,162617.691,17.5,17538834.47,306929603.2
21/04/2019 16:00,18473821.24,17121714.74,218778.158,17.5,18473821.24,323291871.6
21/04/2019 17:00,19569329.54,7273969.352,249737.004,17.5,19569329.54,342463267
21/04/2019 18:00,20590548.28,457254.002,928416.061,17.5,20590548.28,360334595
21/04/2019 19:00,21462190.88,0,3810728.958,17.5,21462190.88,375588340.3
21/04/2019 20:00,22132226.32,0,7306125.862,17.5,22132226.32,387313960.7
21/04/2019 21:00,22486774.15,0,9345296.307,17.5,22486774.15,393518547.6
21/04/2019 22:00,22393605.11,0,9715531.102,17.5,22393605.11,391888089.4
21/04/2019 23:00,22011962.38,0,8778629.005,17.5,22011962.38,385209341.6
22/04/2019 0:00,21447954.7,0,6829322.587,17.5,21447954.7,375339207.2
22/04/2019 1:00,20812293.83,0,4745060.924,17.5,20812293.83,364215142
22/04/2019 2:00,20106031.99,0,2855528.62,17.5,20106031.99,351855559.9
22/04/2019 3:00,19404970.1,0,1657422.348,17.5,19404970.1,339586976.7
22/04/2019 4:00,18628411.64,0,1499091.851,17.5,18628411.64,325997203.7
22/04/2019 5:00,17838415.95,0,2149672.086,17.5,17838415.95,312172279.1
22/04/2019 6:00,17100144.49,3726339.021,2505783.049,17.5,17100144.49,299252528.5
22/04/2019 7:00,16498504.25,13590937.02,1454799.231,17.5,16498504.25,288723824.4
22/04/2019 8:00,15988744.43,23446977.29,1124506.651,17.5,15988744.43,279803027.5
22/04/2019 9:00,15651169.72,30950251.34,810660.022,17.5,15651169.72,273895470.1
22/04/2019 10:00,15390105.26,35982729.12,301189.077,17.5,15390105.26,269326842
22/04/2019 11:00,15252807.76,38298121.98,128033.373,17.5,15252807.76,266924135.7
22/04/2019 12:00,15482588.66,38573283.72,112192.26,17.5,15482588.66,270945301.6
22/04/2019 13:00,16178117.28,36564478.94,150098.202,17.5,16178117.28,283117052.5
22/04/2019 14:00,16918181,31540286.95,47453.333,17.5,16918181,296068167.5
22/04/2019 15:00,17601748.57,24830804.02,88457.42,17.5,17601748.57,308030600
22/04/2019 16:00,18545623.13,16112788.23,262875.714,17.5,18545623.13,324548404.8
22/04/2019 17:00,19651634.88,6060093.496,1012381.202,17.5,19651634.88,343903610.3
22/04/2019 18:00,20682726.58,403138.906,3165023.733,17.5,20682726.58,361947715.2
22/04/2019 19:00,21562799.65,0,6007413.504,17.5,21562799.65,377348993.8
22/04/2019 20:00,22239184.72,0,7837015.137,17.5,22239184.72,389185732.7
22/04/2019 21:00,22596782.78,0,9242772.886,17.5,22596782.78,395443698.7
22/04/2019 22:00,22502014.63,0,10185970.64,17.5,22502014.63,393785256
22/04/2019 23:00,22115575.47,0,9913306.317,17.5,22115575.47,387022570.7
23/04/2019 0:00,21544592.61,0,9138465.972,17.5,21544592.61,377030370.7
23/04/2019 1:00,20900844.59,0,7692737.302,17.5,20900844.59,365764780.3
23/04/2019 2:00,20185479.3,0,5839811.955,17.5,20185479.3,353245887.7
23/04/2019 3:00,19475060.33,0,4567987.124,17.5,19475060.33,340813555.8
23/04/2019 4:00,18688374.45,0,3867491.147,17.5,18688374.45,327046552.8
23/04/2019 5:00,17888179.63,0,3660808.426,17.5,17888179.63,313043143.6
23/04/2019 6:00,17140260.66,3689623.403,3365688.718,17.5,17140260.66,299954561.6
23/04/2019 7:00,16530082.81,13276686.16,1846167.21,17.5,16530082.81,289276449.1
23/04/2019 8:00,16012520.56,22925132.88,2192916.129,17.5,16012520.56,280219109.9
23/04/2019 9:00,15668051.28,30357836.53,3393713.518,17.5,15668051.28,274190897.3
23/04/2019 10:00,15400322.48,35336878.14,3927180.636,17.5,15400322.48,269505643.4
23/04/2019 11:00,15256415.9,38505401.99,4413446.629,17.5,15256415.9,266987278.2
23/04/2019 12:00,15478960.4,38794966.61,3681725.411,17.5,15478960.4,270881807
23/04/2019 13:00,16164484.71,36657260.91,2322700.242,17.5,16164484.71,282878482.4
23/04/2019 14:00,16890775.58,27105707.69,1355032.981,17.5,16890775.58,295588572.7
23/04/2019 15:00,17556736.26,15304643.93,849107.3,17.5,17556736.26,307242884.5
23/04/2019 16:00,18476236.54,9245428.465,599872.178,17.5,18476236.54,323334139.5
23/04/2019 17:00,19549749.74,5092563.728,262653.492,17.5,19549749.74,342120620.5
23/04/2019 18:00,20541619.25,471856.548,765434.709,17.5,20541619.25,359478336.8
23/04/2019 19:00,21377258.11,0,1882616.929,17.5,21377258.11,374102016.9
23/04/2019 20:00,22006239.88,0,3142562.434,17.5,22006239.88,385109197.8
23/04/2019 21:00,22318101.78,0,5052492.431,17.5,22318101.78,390566781.1
23/04/2019 22:00,22186168.16,0,7891859.745,17.5,22186168.16,388257942.7
23/04/2019 23:00,21771172.95,0,11738200.59,17.5,21771172.95,380995526.7
24/04/2019 0:00,21180013.12,0,15020025.54,17.5,21180013.12,370650229.7
24/04/2019 1:00,20522595.54,0,12996842.48,17.5,20522595.54,359145422
24/04/2019 2:00,19801086.88,0,4582873.885,17.5,19801086.88,346519020.4
24/04/2019 3:00,19089631.61,0,3659812.709,17.5,19089631.61,334068553.1
24/04/2019 4:00,18310973.71,0,6041951.431,17.5,18310973.71,320442040
24/04/2019 5:00,17525492.27,0,12804160.66,17.5,17525492.27,306696114.7
24/04/2019 6:00,16795498.15,2508384.005,21637398.96,17.5,16795498.15,293921217.6
24/04/2019 7:00,16200964.67,10209614.95,34447693.61,17.5,16200964.67,283516881.7
24/04/2019 8:00,15698099.94,20172556.06,44993044.85,17.5,15698099.94,274716748.9
24/04/2019 9:00,15361423.99,28773495.44,44514280.55,17.5,15361423.99,268824919.9
24/04/2019 10:00,15099393.95,34097613.91,38192344.93,17.5,15099393.95,264239394.2
24/04/2019 11:00,14955332.71,36894723.68,23975387.02,17.5,14955332.71,261718322.5
24/04/2019 12:00,15154405.84,34770565.95,8240602.391,17.5,15154405.84,265202102.2
24/04/2019 13:00,15784716.26,26428250.06,2941836.477,17.5,15784716.26,276232534.5
24/04/2019 14:00,16452990.6,18006160.19,5054953.916,17.5,16452990.6,287927335.6
24/04/2019 15:00,17066268.18,16310624.51,7321776.788,17.5,17066268.18,298659693.1
24/04/2019 16:00,17916793.68,14051372.94,5775537.346,17.5,17916793.68,313543889.3
24/04/2019 17:00,18913414.63,6422164.741,7655611.779,17.5,18913414.63,330984756
24/04/2019 18:00,19839115.73,473849.483,22883890.8,17.5,19839115.73,347184525.3
24/04/2019 19:00,20625710.6,0,37703742.31,17.5,20625710.6,360949935.6
24/04/2019 20:00,21226684.85,0,38778672.46,17.5,21226684.85,371466984.9
24/04/2019 21:00,21538679.45,0,33602974.21,17.5,21538679.45,376926890.3
24/04/2019 22:00,21441618.46,0,23745602.12,17.5,21441618.46,375228323.1
24/04/2019 23:00,21082771.61,0,17114062.13,17.5,21082771.61,368948503.1
25/04/2019 0:00,20559739.98,0,13879135.82,17.5,20559739.98,359795449.6
25/04/2019 1:00,19973838.14,0,13308527.76,17.5,19973838.14,349542167.5
25/04/2019 2:00,19325614.64,0,15332314.68,17.5,19325614.64,338198256.2
25/04/2019 3:00,18684058.93,0,19179342.23,17.5,18684058.93,326971031.3
25/04/2019 4:00,17974697.9,0,21997701.89,17.5,17974697.9,314557213.2
25/04/2019 5:00,17253886.13,0,22930628.24,17.5,17253886.13,301943007.2
25/04/2019 6:00,16580928.6,3514469.415,18425451.56,17.5,16580928.6,290166250.4
25/04/2019 7:00,16033513.59,12649633.71,15211162.44,17.5,16033513.59,280586487.9
25/04/2019 8:00,15570467.09,22116044.74,11584745.95,17.5,15570467.09,272483174
25/04/2019 9:00,15265755.18,29717647.91,3649963.018,17.5,15265755.18,267150715.7
25/04/2019 10:00,15031537.78,34255389.73,698887.736,17.5,15031537.78,263051911.2
25/04/2019 11:00,14911637.72,36201194.08,44417.215,17.5,14911637.72,260953660.1
25/04/2019 12:00,15131753.82,33714968.09,48120.061,17.5,15131753.82,264805691.8
25/04/2019 13:00,15785283.25,27204038.12,2368874.51,17.5,15785283.25,276242456.9
25/04/2019 14:00,16483481.36,19292570.83,10615729.08,17.5,16483481.36,288460923.8
25/04/2019 15:00,17132741.36,14181181.88,16625505.09,17.5,17132741.36,299822973.7
25/04/2019 16:00,18028689.33,10726238.35,16088352.92,17.5,18028689.33,315502063.2
25/04/2019 17:00,19081403.39,5616797.717,13230711.88,17.5,19081403.39,333924559.3
25/04/2019 18:00,20069866.22,542531.204,12078790.87,17.5,20069866.22,351222658.9
25/04/2019 19:00,20922215.24,0,14022947.68,17.5,20922215.24,366138766.6
25/04/2019 20:00,21587844.91,0,17772056.11,17.5,21587844.91,377787285.8
25/04/2019 21:00,21956438.15,0,20168138.03,17.5,21956438.15,384237667.7
25/04/2019 22:00,21898773.37,0,20500786.32,17.5,21898773.37,383228533.9
25/04/2019 23:00,21563965.73,0,18884560.67,17.5,21563965.73,377369400.3
26/04/2019 0:00,21051647.93,0,16256485.13,17.5,21051647.93,368403838.7
26/04/2019 1:00,20467061.45,0,13121826.31,17.5,20467061.45,358173575.4
26/04/2019 2:00,19810500.79,0,10875679.99,17.5,19810500.79,346683763.9
26/04/2019 3:00,19154899.93,0,12494346.33,17.5,19154899.93,335210748.7
26/04/2019 4:00,18421667.59,0,17164921.45,17.5,18421667.59,322379182.9
26/04/2019 5:00,17670792.35,0,18658040.28,17.5,17670792.35,309238866.2
26/04/2019 6:00,16965996.08,3032237.386,13418193.32,17.5,16965996.08,296904931.4
26/04/2019 7:00,16391065.52,11311492.25,9695240.672,17.5,16391065.52,286843646.6
26/04/2019 8:00,15903060.75,20647138.87,9716670.924,17.5,15903060.75,278303563.2
26/04/2019 9:00,15581875.56,28459539.83,3777903.473,17.5,15581875.56,272682822.2
26/04/2019 10:00,15334190.27,33851745.44,874656.624,17.5,15334190.27,268348329.8
26/04/2019 11:00,15207296.31,38749478.05,525974.241,17.5,15207296.31,266127685.4
26/04/2019 12:00,15443193.69,39127749.95,241410.119,17.5,15443193.69,270255889.5
26/04/2019 13:00,16141673.79,37218621.48,347986.237,17.5,16141673.79,282479291.4
26/04/2019 14:00,16885557.19,31750965.97,857101.971,17.5,16885557.19,295497250.8
26/04/2019 15:00,17573902.98,24981702.42,1430029.195,17.5,17573902.98,307543302.2
26/04/2019 16:00,18521814.56,16208754.08,1644957.427,17.5,18521814.56,324131754.7
26/04/2019 17:00,19631400.29,6916642.363,1325630.492,17.5,19631400.29,343549505
26/04/2019 18:00,20665549.72,567293.426,970800.31,17.5,20665549.72,361647120.1
26/04/2019 19:00,21547585.61,0,1129810.034,17.5,21547585.61,377082748.2
26/04/2019 20:00,22224438.74,0,1639966.727,17.5,22224438.74,388927678
26/04/2019 21:00,22580946.96,0,2269985.948,17.5,22580946.96,395166571.9
26/04/2019 22:00,22483858.57,0,2246174.693,17.5,22483858.57,393467524.9
26/04/2019 23:00,22094144.63,0,1527306.658,17.5,22094144.63,386647531.1
27/04/2019 0:00,21519368.74,0,813657.987,17.5,21519368.74,376588953
27/04/2019 1:00,20871644.51,0,849032.635,17.5,20871644.51,365253778.9
27/04/2019 2:00,20152618.27,0,1620128.818,17.5,20152618.27,352670819.7
27/04/2019 3:00,19438993.67,0,4343102.503,17.5,19438993.67,340182389.3
27/04/2019 4:00,18650208.91,0,11902291.6,17.5,18650208.91,326378655.9
27/04/2019 5:00,17849043.77,0,21136906.58,17.5,17849043.77,312358265.9
27/04/2019 6:00,17101044.28,3712355.278,22381286.18,17.5,17101044.28,299268274.9
27/04/2019 7:00,16491072.78,12883709.14,11971656.93,17.5,16491072.78,288593773.7
27/04/2019 8:00,15974121.93,22440823.72,9822034.451,17.5,15974121.93,279547133.8
27/04/2019 9:00,15629892.39,30176753.84,6782938.575,17.5,15629892.39,273523116.8
27/04/2019 10:00,15362590.69,35569401.82,5495938.043,17.5,15362590.69,268845337.1
27/04/2019 11:00,15218836.76,38230856.15,4187718.33,17.5,15218836.76,266329643.3
27/04/2019 12:00,15439170.58,38618465.46,2919727.335,17.5,15439170.58,270185485.2
27/04/2019 13:00,16119458.42,36669529.91,2141063.239,17.5,16119458.42,282090522.4
27/04/2019 14:00,16841528.09,31246138.06,1215931.719,17.5,16841528.09,294726741.6
27/04/2019 15:00,17505668.27,23717772.05,623700.19,17.5,17505668.27,306349194.8
27/04/2019 16:00,18424153.77,14529939.71,415020.932,17.5,18424153.77,322422691
27/04/2019 17:00,19499499.16,5812328.819,429515.352,17.5,19499499.16,341241235.4
27/04/2019 18:00,20498602.39,526588.618,1677800.731,17.5,20498602.39,358725541.8
27/04/2019 19:00,21347508.8,0,5774262.545,17.5,21347508.8,373581404
27/04/2019 20:00,21995586.8,0,8903946.578,17.5,21995586.8,384922769
27/04/2019 21:00,22331385.89,0,9089623.108,17.5,22331385.89,390799253.1
27/04/2019 22:00,22225823.41,0,7215564.937,17.5,22225823.41,388951909.6
27/04/2019 23:00,21837229.25,0,4469550.258,17.5,21837229.25,382151511.8
28/04/2019 0:00,21270839.64,0,3182495.607,17.5,21270839.64,372239693.7
28/04/2019 1:00,20635888.86,0,3677007.899,17.5,20635888.86,361128055.1
28/04/2019 2:00,19933497.55,0,8140512.273,17.5,19933497.55,348836207.2
28/04/2019 3:00,19238063.36,0,18348691.73,17.5,19238063.36,336666108.7
28/04/2019 4:00,18470358.3,0,22180550.62,17.5,18470358.3,323231270.3
28/04/2019 5:00,17691177.35,0,21365003.69,17.5,17691177.35,309595603.6
28/04/2019 6:00,16964158.43,3836915.588,15696425.09,17.5,16964158.43,296872772.5
28/04/2019 7:00,16372092.22,13249008.77,6403578.965,17.5,16372092.22,286511613.8
28/04/2019 8:00,15870877.47,22633075.67,7934645.361,17.5,15870877.47,277740355.7
28/04/2019 9:00,15538730.8,30031370.09,9396135.936,17.5,15538730.8,271927789
28/04/2019 10:00,15281917.48,35386026.74,6630588.657,17.5,15281917.48,267433555.8
28/04/2019 11:00,15146434.92,39103687.16,3362067.74,17.5,15146434.92,265062611.2
28/04/2019 12:00,15369632.88,39503001.21,1620758.064,17.5,15369632.88,268968575.3
28/04/2019 13:00,16047586.07,37655592.31,683276.401,17.5,16047586.07,280832756.2
28/04/2019 14:00,16769176.67,32764583.28,664907.865,17.5,16769176.67,293460591.7
28/04/2019 15:00,17435963.44,26124411.68,592922.758,17.5,17435963.44,305129360.2
28/04/2019 16:00,18357234.64,17311099.27,389554.605,17.5,18357234.64,321251606.1
28/04/2019 17:00,19437409.29,7630204.784,309198.921,17.5,19437409.29,340154662.5
28/04/2019 18:00,20445380.92,671487.169,1202383.85,17.5,20445380.92,357794166.1
28/04/2019 19:00,21306987.08,0,3182468.564,17.5,21306987.08,372872273.8
28/04/2019 20:00,21970804.56,0,4470090.772,17.5,21970804.56,384489079.8
28/04/2019 21:00,22324276.17,0,4584681.937,17.5,22324276.17,390674832.9
28/04/2019 22:00,22236505.75,0,4849891.938,17.5,22236505.75,389138850.6
28/04/2019 23:00,21864011.02,0,6915934.565,17.5,21864011.02,382620192.9
29/04/2019 0:00,21311094.94,0,13266857.45,17.5,21311094.94,372944161.4
29/04/2019 1:00,20686784.02,0,22957232.05,17.5,20686784.02,362018720.4
29/04/2019 2:00,19991965.86,0,26925074.63,17.5,19991965.86,349859402.5
29/04/2019 3:00,19301442.4,0,27563012.12,17.5,19301442.4,337775242
29/04/2019 4:00,18535475.91,0,28046996.48,17.5,18535475.91,324370828.3
29/04/2019 5:00,17755416.97,0,27155324.01,17.5,17755416.97,310719796.9
29/04/2019 6:00,17025761.56,4156092.337,20094033.76,17.5,17025761.56,297950827.2
29/04/2019 7:00,16430538.38,13897848.28,7753756.47,17.5,16430538.38,287534421.6
29/04/2019 8:00,15925611.14,24133263.35,5894726.527,17.5,15925611.14,278698194.9
29/04/2019 9:00,15590338.63,31579991.35,2369626.416,17.5,15590338.63,272830925.9
29/04/2019 10:00,15330169.54,35868827.69,9162.001,17.5,15330169.54,268277967
29/04/2019 11:00,15191654.58,36006710.52,33709.918,17.5,15191654.58,265853955.1
29/04/2019 12:00,15414347.49,35696606.1,161878.393,17.5,15414347.49,269751081
29/04/2019 13:00,16094278.32,33464979.37,223163.406,17.5,16094278.32,281649870.5
29/04/2019 14:00,16815363.89,29827743.17,115291.023,17.5,16815363.89,294268868
29/04/2019 15:00,17477708.09,23224647.16,21325.6,17.5,17477708.09,305859891.5
29/04/2019 16:00,18391557.35,14416908.96,735.182,17.5,18391557.35,321852253.5
29/04/2019 17:00,19458819.52,5573179.797,333796.881,17.5,19458819.52,340529341.5
29/04/2019 18:00,20446327.15,514543.599,10426494.98,17.5,20446327.15,357810725.2
29/04/2019 19:00,21280032.81,0,28939595.48,17.5,21280032.81,372400574.2
29/04/2019 20:00,21909731.69,0,36254173.48,17.5,21909731.69,383420304.5
29/04/2019 21:00,22225582.06,0,36962082.79,17.5,22225582.06,388947686.1
29/04/2019 22:00,22101415.6,0,35844856.03,17.5,22101415.6,386774773
29/04/2019 23:00,21696189.4,0,34231727.35,17.5,21696189.4,379683314.5
30/04/2019 0:00,21115704.47,0,34141440.3,17.5,21115704.47,369524828.2
30/04/2019 1:00,20468964.91,0,36788376.22,17.5,20468964.91,358206885.9
30/04/2019 2:00,19758009.47,0,39968106.98,17.5,19758009.47,345765165.7
30/04/2019 3:00,19056520.45,0,41652573.55,17.5,19056520.45,333489107.9
30/04/2019 4:00,18287457.55,0,42288738.14,17.5,18287457.55,320030507.2
30/04/2019 5:00,17510796.97,0,42241558.55,17.5,17510796.97,306438947
30/04/2019 6:00,16788628.66,3512628.263,41127722.81,17.5,16788628.66,293801001.5
30/04/2019 7:00,16200956.4,11486507.04,42589927.33,17.5,16200956.4,283516737
30/04/2019 8:00,15704265.1,20287143.72,47309490.01,17.5,15704265.1,274824639.2
30/04/2019 9:00,15373487.44,28700566.2,46284238.62,17.5,15373487.44,269036030.3
30/04/2019 10:00,15117314.06,33644624.14,41916067.24,17.5,15117314.06,264552996
30/04/2019 11:00,14979589.41,37588996,36537168.6,17.5,14979589.41,262142814.6
30/04/2019 12:00,15187758.24,38053345.08,30667118.42,17.5,15187758.24,265785769.1
30/04/2019 13:00,15832766.96,36944001.05,25106570.53,17.5,15832766.96,277073421.8
30/04/2019 14:00,16519663.7,32133639.82,20423060.34,17.5,16519663.7,289094114.8
30/04/2019 15:00,17154839.05,25498231.3,16799787.98,17.5,17154839.05,300209683.4
30/04/2019 16:00,18035402.66,16752552.59,14886431.85,17.5,18035402.66,315619546.5
30/04/2019 17:00,19070812.01,7365508.252,15408944.7,17.5,19070812.01,333739210.2
30/04/2019 18:00,20041038.12,711132.428,21288658.75,17.5,20041038.12,350718167.1
30/04/2019 19:00,20875806.62,0,30220804.95,17.5,20875806.62,365326615.9
30/04/2019 20:00,21525977.03,0,34105866.44,17.5,21525977.03,376704598
30/04/2019 21:00,21882905.03,0,35274401.69,17.5,21882905.03,382950837.9
30/04/2019 22:00,21819045.32,0,34017462.67,17.5,21819045.32,381833293.2
30/04/2019 23:00,21482783.22,0,30782621.26,17.5,21482783.22,375948706.4
01/05/2019 0:00,20972752.9,0,26266574.57,17.5,20972752.9,367023175.8
01/05/2019 1:00,20392879.75,0,22201119.9,17.5,20392879.75,356875395.6
01/05/2019 2:00,19742881.57,0,20427914.77,17.5,19742881.57,345500427.5
01/05/2019 3:00,19094609.4,0,21287085.48,17.5,19094609.4,334155664.5
01/05/2019 4:00,18369559.89,0,22819103.77,17.5,18369559.89,321467298.1
01/05/2019 5:00,17626859.52,0,23741532.97,17.5,17626859.52,308470041.5
01/05/2019 6:00,16929526.28,4095765.441,17380442.72,17.5,16929526.28,296266709.8
01/05/2019 7:00,16360734.95,13517619.43,9812328.729,17.5,16360734.95,286312861.7
01/05/2019 8:00,15877794.14,23125917.57,8124929.239,17.5,15877794.14,277861397.4
01/05/2019 9:00,15560265.05,30707530.49,4517495.246,17.5,15560265.05,272304638.4
01/05/2019 10:00,15315348.8,35931933.36,1492654.433,17.5,15315348.8,268018604
01/05/2019 11:00,15190171.91,39210427.25,292380.667,17.5,15190171.91,265828008.4
01/05/2019 12:00,15425860.17,39652892.47,34645.712,17.5,15425860.17,269952553
01/05/2019 13:00,16121780.9,37800184.94,13100.803,17.5,16121780.9,282131165.8
01/05/2019 14:00,16861904.89,32557816.48,64783.585,17.5,16861904.89,295083335.6
01/05/2019 15:00,17545142.25,25953543.95,190249.081,17.5,17545142.25,307039989.3
01/05/2019 16:00,18484553.25,17218355.91,392915.742,17.5,18484553.25,323479681.9
01/05/2019 17:00,19581494.11,7677335.798,642857.252,17.5,19581494.11,342676146.9
01/05/2019 18:00,20599052.53,753078.55,918667.969,17.5,20599052.53,360483419.2
01/05/2019 19:00,21460786.9,0,1155536.249,17.5,21460786.9,375563770.8
01/05/2019 20:00,22114377.08,0,1099683.623,17.5,22114377.08,387001598.8
01/05/2019 21:00,22446777.69,0,1040672.731,17.5,22446777.69,392818609.5
01/05/2019 22:00,22328264.04,0,1049145.345,17.5,22328264.04,390744620.7
01/05/2019 23:00,21920273.07,0,1083434.319,17.5,21920273.07,383604778.7
02/05/2019 0:00,21330731.22,0,1647893.217,17.5,21330731.22,373287796.4
02/05/2019 1:00,20671203.23,0,3129570.958,17.5,20671203.23,361746056.5
02/05/2019 2:00,19944217.46,0,7537368.887,17.5,19944217.46,349023805.5
02/05/2019 3:00,19225470.27,0,21709113.54,17.5,19225470.27,336445729.7
02/05/2019 4:00,18436840.77,0,36433083.07,17.5,18436840.77,322644713.5
02/05/2019 5:00,17640041.41,0,40531699.45,17.5,17640041.41,308700724.6
02/05/2019 6:00,16898776.48,4269657.689,34166768.21,17.5,16898776.48,295728588.4
02/05/2019 7:00,16294701.67,13970353.35,35459990.61,17.5,16294701.67,285157279.3
02/05/2019 8:00,15783516.38,23940248.33,31165643.39,17.5,15783516.38,276211536.6
02/05/2019 9:00,15441203.73,31796538.2,19105192.05,17.5,15441203.73,270221065.2
02/05/2019 10:00,15174762.07,37053553.92,9834650.551,17.5,15174762.07,265558336.2
02/05/2019 11:00,15028355.83,40110410.47,4324490.489,17.5,15028355.83,262996226.9
02/05/2019 12:00,15231176.31,40494576.04,1603326.121,17.5,15231176.31,266545585.5
02/05/2019 13:00,15873048.38,38570490.81,507161.022,17.5,15873048.38,277778346.7
02/05/2019 14:00,16554059.41,34054162.78,401768.774,17.5,16554059.41,289696039.7
02/05/2019 15:00,17179844.26,27364937.8,403952.361,17.5,17179844.26,300647274.5
02/05/2019 16:00,18048261.34,18454962.34,606556.511,17.5,18048261.34,315844573.4
02/05/2019 17:00,19067110.77,8434089.374,997633.272,17.5,19067110.77,333674438.5
02/05/2019 18:00,20015857.41,832173.369,2729429.053,17.5,20015857.41,350277504.6
02/05/2019 19:00,20825082.85,0,6311396.078,17.5,20825082.85,364438949.9
02/05/2019 20:00,21447112.48,0,11852264.2,17.5,21447112.48,375324468.3
02/05/2019 21:00,21775869.14,0,20554159.4,17.5,21775869.14,381077709.9
02/05/2019 22:00,21687603.76,0,29376660.03,17.5,21687603.76,379533065.8
02/05/2019 23:00,21331694.46,0,34303824.58,17.5,21331694.46,373304653
03/05/2019 0:00,20807124.29,0,34929080.23,17.5,20807124.29,364124675.1
03/05/2019 1:00,20217110.88,0,32982184.85,17.5,20217110.88,353799440.4
03/05/2019 2:00,19561807.63,0,29592545.72,17.5,19561807.63,342331633.4
03/05/2019 3:00,18911815.29,0,26889023.15,17.5,18911815.29,330956767.6
03/05/2019 4:00,18190342.76,0,25693540.62,17.5,18190342.76,318330998.4
03/05/2019 5:00,17455199.05,2927.051,26076555.34,17.5,17455199.05,305465983.3
03/05/2019 6:00,16767539.08,4662266.749,18605460.49,17.5,16767539.08,293431933.9
03/05/2019 7:00,16207795.55,14652995.37,8353786.089,17.5,16207795.55,283636422.2
03/05/2019 8:00,15733802.41,24397287.87,5530756.565,17.5,15733802.41,275341542.2
03/05/2019 9:00,15422375.92,31799073.62,3809055.474,17.5,15422375.92,269891578.6
03/05/2019 10:00,15182968.93,36878475.44,1619522.055,17.5,15182968.93,265701956.3
03/05/2019 11:00,15061145.65,40098428.81,536213.457,17.5,15061145.65,263570048.8
03/05/2019 12:00,15291009.24,40454794.49,196396.509,17.5,15291009.24,267592661.7
03/05/2019 13:00,15969638.94,38542689.06,91842.259,17.5,15969638.94,279468681.4
03/05/2019 14:00,16693928.6,33147938.53,168051.495,17.5,16693928.6,292143750.5
03/05/2019 15:00,17366401.03,26550733.79,402409.643,17.5,17366401.03,303912018.1
03/05/2019 16:00,18292982.21,17859773.35,648495.041,17.5,18292982.21,320127188.6
03/05/2019 17:00,19379649.93,8207362.715,1009141.312,17.5,19379649.93,339143873.8
03/05/2019 18:00,20396636.86,857176.505,2913261.366,17.5,20396636.86,356941145.1
03/05/2019 19:00,21269255.24,0,6861060.188,17.5,21269255.24,372211966.6
03/05/2019 20:00,21945309.55,0,11420232.21,17.5,21945309.55,384042917.2
03/05/2019 21:00,22311469.61,0,15849718.8,17.5,22311469.61,390450718.2
03/05/2019 22:00,22235799.57,0,19422201.93,17.5,22235799.57,389126492.5
03/05/2019 23:00,21873780.88,0,21637577.73,17.5,21873780.88,382791165.4
04/05/2019 0:00,21329372.92,0,21637373.96,17.5,21329372.92,373264026
04/05/2019 1:00,20711720.07,0,19636743.59,17.5,20711720.07,362455101.2
04/05/2019 2:00,20021826.03,0,15386961.2,17.5,20021826.03,350381955.6
04/05/2019 3:00,19334890.26,0,10355467.18,17.5,19334890.26,338360579.5
04/05/2019 4:00,18571026.23,0,6485972.106,17.5,18571026.23,324992959
04/05/2019 5:00,17791923.94,12921.138,3963636.554,17.5,17791923.94,311358668.9
04/05/2019 6:00,17062552.61,4857591.829,1865827.205,17.5,17062552.61,298594670.6
04/05/2019 7:00,16467665.39,14960841.49,139336.088,17.5,16467665.39,288184144.4
04/05/2019 8:00,15963117.74,24622485.54,6529.341,17.5,15963117.74,279354560.4
04/05/2019 9:00,15629120.46,31939649.23,531211.748,17.5,15629120.46,273509608
04/05/2019 10:00,15370693.2,36904419.29,2012807.936,17.5,15370693.2,268987131
04/05/2019 11:00,15235047.01,38862789.23,3229302.476,17.5,15235047.01,266613322.6
04/05/2019 12:00,15464699.65,39205059.26,3962701.899,17.5,15464699.65,270632243.8
04/05/2019 13:00,16158101.13,37271371.91,4378954.428,17.5,16158101.13,282766769.8
04/05/2019 14:00,16895576.8,33666424.04,4138996.698,17.5,16895576.8,295672594
04/05/2019 15:00,17576334.09,27048020.03,3452209.568,17.5,17576334.09,307585846.6
04/05/2019 16:00,18515847.98,17859680.04,2873008.714,17.5,18515847.98,324027339.7
04/05/2019 17:00,19616087.22,8034142.656,2720468.844,17.5,19616087.22,343281526.4
04/05/2019 18:00,20640736.59,839154.697,5340144.398,17.5,20640736.59,361212890.3
04/05/2019 19:00,21514014.08,0,13233174.28,17.5,21514014.08,376495246.5
04/05/2019 20:00,22183635.77,0,21095765.36,17.5,22183635.77,388213625.9
04/05/2019 21:00,22535346.93,0,26700929.09,17.5,22535346.93,394368571.3
04/05/2019 22:00,22436752.02,0,29444554.51,17.5,22436752.02,392643160.3
04/05/2019 23:00,22048226.83,0,31302279.83,17.5,22048226.83,385843969.5
05/05/2019 0:00,21476666.95,0,32298424.39,17.5,21476666.95,375841671.7
05/05/2019 1:00,20833420.53,0,31808872.51,17.5,20833420.53,364584859.3
05/05/2019 2:00,20119775.23,0,27994170.54,17.5,20119775.23,352096066.4
05/05/2019 3:00,19411843.4,0,24990294.89,17.5,19411843.4,339707259.5
05/05/2019 4:00,18629020.53,0,22495360.5,17.5,18629020.53,326007859.3
05/05/2019 5:00,17833598.58,20375.125,19558747.64,17.5,17833598.58,312087975.1
05/05/2019 6:00,17090782.68,4835877.824,14530429.33,17.5,17090782.68,299088696.8
05/05/2019 7:00,16485254.34,14965798.58,7277479.651,17.5,16485254.34,288491951
05/05/2019 8:00,15972142.16,24821633.57,6809249.582,17.5,15972142.16,279512487.7
05/05/2019 9:00,15631245.02,32349251.16,6207644.327,17.5,15631245.02,273546787.9
05/05/2019 10:00,15366946.66,37179535.52,6685167.686,17.5,15366946.66,268921566.6
05/05/2019 11:00,15226040.12,40210081.74,8038342.386,17.5,15226040.12,266455702
05/05/2019 12:00,15449812.13,40555381.24,9196981.864,17.5,15449812.13,270371712.2
05/05/2019 13:00,16135061.86,38727866.64,9117935.906,17.5,16135061.86,282363582.6
05/05/2019 14:00,16862911.72,33966453.56,6658941.469,17.5,16862911.72,295100955
05/05/2019 15:00,17533174.98,27575387.36,3644338.023,17.5,17533174.98,306830562.2
05/05/2019 16:00,18459292.14,18906405.54,2240196.128,17.5,18459292.14,323037612.4
05/05/2019 17:00,19543420.85,8900138.642,2010980.324,17.5,19543420.85,342009864.9
05/05/2019 18:00,20551107.67,901170.031,4191000.037,17.5,20551107.67,359644384.2
05/05/2019 19:00,21407652.63,0,7594393.019,17.5,21407652.63,374633921
05/05/2019 20:00,22061813.5,0,9381560.459,17.5,22061813.5,386081736.3
05/05/2019 21:00,22401200.26,0,9790462.071,17.5,22401200.26,392021004.6
05/05/2019 22:00,22295746.23,0,9444782.944,17.5,22295746.23,390175559
05/05/2019 23:00,21904691.68,0,8475084.726,17.5,21904691.68,383332104.5
06/05/2019 0:00,21334008.66,0,7351571.463,17.5,21334008.66,373345151.5
06/05/2019 1:00,20693747.25,0,6479065.976,17.5,20693747.25,362140576.9
06/05/2019 2:00,19985208.88,0,6479777.619,17.5,19985208.88,349741155.4
06/05/2019 3:00,19283389.33,0,7015989.698,17.5,19283389.33,337459313.3
06/05/2019 4:00,18508815.05,0,7917674.078,17.5,18508815.05,323904263.4
06/05/2019 5:00,17722795.53,34035.206,9231242.37,17.5,17722795.53,310148921.7
06/05/2019 6:00,16989408.98,5178052.147,8600729.055,17.5,16989408.98,297314657.2
06/05/2019 7:00,16391810.73,15536713.4,4161523.845,17.5,16391810.73,286856687.8
06/05/2019 8:00,15885665.57,25324156.17,2242251.551,17.5,15885665.57,277999147.5
06/05/2019 9:00,15549297.32,32585430.76,1139454.287,17.5,15549297.32,272112703
06/05/2019 10:00,15288553.56,37373719.22,797109.918,17.5,15288553.56,267549687.4
06/05/2019 11:00,15149348.57,39562823.91,917359.843,17.5,15149348.57,265113600
06/05/2019 12:00,15368719.87,39932537,1199456.622,17.5,15368719.87,268952597.7
06/05/2019 13:00,16041677.37,38077289.7,1319903.747,17.5,16041677.37,280729353.9
06/05/2019 14:00,16756599.46,33447291.19,1328881.158,17.5,16756599.46,293240490.5
06/05/2019 15:00,17415114.85,26942827.12,1390430.837,17.5,17415114.85,304764509.9
06/05/2019 16:00,18325276.95,18260441.07,1655027.634,17.5,18325276.95,320692346.7
06/05/2019 17:00,19391057.66,8475824.936,2231821.124,17.5,19391057.66,339343509.1
06/05/2019 18:00,20382177.75,927476.902,3191083.443,17.5,20382177.75,356688110.7
06/05/2019 19:00,21225277.77,0,4381077.202,17.5,21225277.77,371442361
06/05/2019 20:00,21869975.93,0,5573034.562,17.5,21869975.93,382724578.7
06/05/2019 21:00,22205702.51,0,6779295.043,17.5,22205702.51,388599794
06/05/2019 22:00,22104374.82,0,7767901.277,17.5,22104374.82,386826559.4
06/05/2019 23:00,21722318.23,0,7792000.605,17.5,21722318.23,380140569
07/05/2019 0:00,21163548.79,0,6104232.246,17.5,21163548.79,370362103.8
07/05/2019 1:00,20536183.39,0,3077936.944,17.5,20536183.39,359383209.3
07/05/2019 2:00,19841394.97,0,1451920.355,17.5,19841394.97,347224411.9
07/05/2019 3:00,19152921.28,0,2140423.331,17.5,19152921.28,335176122.4
07/05/2019 4:00,18392448.25,0,3204874.984,17.5,18392448.25,321867844.4
07/05/2019 5:00,17620285.57,34953.315,5273090.801,17.5,17620285.57,308354997.5
07/05/2019 6:00,16899543.82,4763347,6926774.499,17.5,16899543.82,295742016.8
07/05/2019 7:00,16312231.39,14497613.76,4727358.058,17.5,16312231.39,285464049.3
07/05/2019 8:00,15814737.38,24179348.35,2914623.121,17.5,15814737.38,276757904.1
07/05/2019 9:00,15484391.89,31674414.62,2089741.609,17.5,15484391.89,270976858.1
07/05/2019 10:00,15228436.91,36480780.58,1271543.232,17.5,15228436.91,266497645.8
07/05/2019 11:00,15092241.76,38694558.92,706956.824,17.5,15092241.76,264114230.8
07/05/2019 12:00,15309913.08,39056690.42,398088.262,17.5,15309913.08,267923478.9
07/05/2019 13:00,15975512.61,37195484.91,332694.928,17.5,15975512.61,279571470.6
07/05/2019 14:00,16682751.8,33005999.22,760708.238,17.5,16682751.8,291948156.5
07/05/2019 15:00,17334415.2,26544486.27,1460692.938,17.5,17334415.2,303352265.9
07/05/2019 16:00,18234776.43,17964740.47,1979270.559,17.5,18234776.43,319108587.6
07/05/2019 17:00,19288966.32,8379778.9,2362968.822,17.5,19288966.32,337556910.5
07/05/2019 18:00,20269360.18,974880.44,3732930.566,17.5,20269360.18,354713803.2
07/05/2019 19:00,21103340.96,0,4532342.027,17.5,21103340.96,369308466.9
07/05/2019 20:00,21741028.77,0,4230834.211,17.5,21741028.77,380468003.4
07/05/2019 21:00,22073070.48,0,4421814.492,17.5,22073070.48,386278733.3
07/05/2019 22:00,21972843.58,0,5990600.819,17.5,21972843.58,384524762.7
07/05/2019 23:00,21594884.66,0,9262944.149,17.5,21594884.66,377910481.6
08/05/2019 0:00,21042072.89,0,13605629.76,17.5,21042072.89,368236275.5
08/05/2019 1:00,20421330.06,0,16570584.49,17.5,20421330.06,357373276
08/05/2019 2:00,19733883.51,0,17975128.52,17.5,19733883.51,345342961.4
08/05/2019 3:00,19052665,0,17633194.73,17.5,19052665,333421637.5
08/05/2019 4:00,18300344.55,0,15391013.97,17.5,18300344.55,320256029.5
08/05/2019 5:00,17536572.4,45600.435,11744649.88,17.5,17536572.4,306890017
08/05/2019 6:00,16823723.65,4796450.059,5667083.729,17.5,16823723.65,294415163.9
08/05/2019 7:00,16242793,14379678.45,1205545.78,17.5,16242793,284248877.5
08/05/2019 8:00,15750686.97,23875793.2,532012.14,17.5,15750686.97,275637021.9
08/05/2019 9:00,15423716.82,31217770.33,983825.043,17.5,15423716.82,269915044.4
08/05/2019 10:00,15170260.68,36020981.5,1697922.608,17.5,15170260.68,265479561.8
08/05/2019 11:00,15035061.73,38662307.91,1451142.615,17.5,15035061.73,263113580.3
08/05/2019 12:00,15249035.91,38998818.99,1077599.332,17.5,15249035.91,266858128.4
08/05/2019 13:00,15904785.93,37138759.4,897229.225,17.5,15904785.93,278333753.7
08/05/2019 14:00,16601375.8,31215563.28,638199.024,17.5,16601375.8,290524076.5
08/05/2019 15:00,17242935.17,24289334.2,402239.83,17.5,17242935.17,301751365.5
08/05/2019 16:00,18129499.14,14541185.01,221864.826,17.5,18129499.14,317266234.9
08/05/2019 17:00,19167456.73,6033592.148,82144.846,17.5,19167456.73,335430492.8
08/05/2019 18:00,20132419.59,783254.164,15234.92,17.5,20132419.59,352317342.9
08/05/2019 19:00,20952891.06,0,94045.492,17.5,20952891.06,366675593.6
08/05/2019 20:00,21579801.64,0,840922.454,17.5,21579801.64,377646528.8
08/05/2019 21:00,21905514.3,0,3250470.048,17.5,21905514.3,383346500.3
08/05/2019 22:00,21805420.57,0,6980793.342,17.5,21805420.57,381594860
08/05/2019 23:00,21431888.37,0,9245994.992,17.5,21431888.37,375058046.4
09/05/2019 0:00,20886315.16,0,7270544.293,17.5,20886315.16,365510515.2
09/05/2019 1:00,20274035.68,0,3211083.9,17.5,20274035.68,354795624.5
09/05/2019 2:00,19596262.36,0,3207044.612,17.5,19596262.36,342934591.4
09/05/2019 3:00,18924801.2,0,4723042.319,17.5,18924801.2,331184020.9
09/05/2019 4:00,18183506.89,0,6389369.389,17.5,18183506.89,318211370.6
09/05/2019 5:00,17431098.56,39683.76,9108148.766,17.5,17431098.56,305044224.9
09/05/2019 6:00,16728963.67,4051421.966,11153283.29,17.5,16728963.67,292756864.2
09/05/2019 7:00,16156801.52,12716656.91,7931691.354,17.5,16156801.52,282744026.6
09/05/2019 8:00,15672159.6,21692332.07,5757739.417,17.5,15672159.6,274262792.9
09/05/2019 9:00,15350125.43,28870164.45,3412983.182,17.5,15350125.43,268627195
09/05/2019 10:00,15100495.16,33746761.27,1682762.758,17.5,15100495.16,264258665.2
09/05/2019 11:00,14967290.94,36379023.87,619612.202,17.5,14967290.94,261927591.4
09/05/2019 12:00,15177743.47,36721020.49,150444.806,17.5,15177743.47,265610510.7
09/05/2019 13:00,15822958.05,34956153.15,92364.593,17.5,15822958.05,276901765.8
09/05/2019 14:00,16508357.18,30108790.72,45034.48,17.5,16508357.18,288896250.7
09/05/2019 15:00,17139607.39,23487087.63,52632.989,17.5,17139607.39,299943129.3
09/05/2019 16:00,18011968.39,15462566.89,53462.973,17.5,18011968.39,315209446.8
09/05/2019 17:00,19033323.38,6845392.986,459274.247,17.5,19033323.38,333083159.2
09/05/2019 18:00,19982879.16,871107.312,3614495.383,17.5,19982879.16,349700385.3
09/05/2019 19:00,20790308.65,0,11532028.18,17.5,20790308.65,363830401.4
09/05/2019 20:00,21407362.2,0,20640753.74,17.5,21407362.2,374628838.5
09/05/2019 21:00,21728144.1,0,22521525.87,17.5,21728144.1,380242521.7
09/05/2019 22:00,21630041.85,0,15257381.4,17.5,21630041.85,378525732.4
09/05/2019 23:00,21262980.3,0,9450534.906,17.5,21262980.3,372102155.3
10/05/2019 0:00,20726721.75,0,6920641.353,17.5,20726721.75,362717630.6
10/05/2019 1:00,20124910.41,0,2832574.824,17.5,20124910.41,352185932.2
10/05/2019 2:00,19458708.65,0,861966.568,17.5,19458708.65,340527401.4
10/05/2019 3:00,18798766.4,0,899655.643,17.5,18798766.4,328978411.9
10/05/2019 4:00,18070071.1,0,2161320.21,17.5,18070071.1,316226244.2
10/05/2019 5:00,17330382.59,57025.82,4846330.519,17.5,17330382.59,303281695.3
10/05/2019 6:00,16640118.57,4633766.073,5697331.008,17.5,16640118.57,291202075
10/05/2019 7:00,16077793.83,13802449.93,2401460.204,17.5,16077793.83,281361391.9
10/05/2019 8:00,15601616.57,23015401.13,1432069.859,17.5,15601616.57,273028290
10/05/2019 9:00,15285652.9,30367269.13,2081918.452,17.5,15285652.9,267498925.7
10/05/2019 10:00,15041063.42,35361695.37,2604101.742,17.5,15041063.42,263218609.9
10/05/2019 11:00,14911340.54,38137445.81,2584939.15,17.5,14911340.54,260948459.5
10/05/2019 12:00,15120924.47,38759523.8,2349323.098,17.5,15120924.47,264616178.2
10/05/2019 13:00,15760278.31,37000926.51,2011881.688,17.5,15760278.31,275804870.4
10/05/2019 14:00,16440232.07,32152581.48,1149225.508,17.5,16440232.07,287704061.2
10/05/2019 15:00,17067690.82,25371421.05,531736.846,17.5,17067690.82,298684589.4
10/05/2019 16:00,17934788.38,16864556.2,408421.049,17.5,17934788.38,313858796.6
10/05/2019 17:00,18950933.02,7821205.787,486084.897,17.5,18950933.02,331641327.8
10/05/2019 18:00,19897848.6,1014187.649,2080688.629,17.5,19897848.6,348212350.5
10/05/2019 19:00,20705770.75,0,9409459.756,17.5,20705770.75,362350988.1
10/05/2019 20:00,21326559.48,0,15839618.74,17.5,21326559.48,373214790.9
10/05/2019 21:00,21654591.19,0,17689993.51,17.5,21654591.19,378955345.8
10/05/2019 22:00,21567175.21,0,17440455.44,17.5,21567175.21,377425566.1
10/05/2019 23:00,21212296.78,0,17164588.61,17.5,21212296.78,371215193.6
11/05/2019 0:00,20688485.91,0,16672050.88,17.5,20688485.91,362048503.4
11/05/2019 1:00,20098499,0,15247998.67,17.5,20098499,351723732.6
11/05/2019 2:00,19443212.11,0,12596667.71,17.5,19443212.11,340256212
11/05/2019 3:00,18792942.69,0,10206730.03,17.5,18792942.69,328876497.1
11/05/2019 4:00,18072606.9,0,8268289.592,17.5,18072606.9,316270620.7
11/05/2019 5:00,17339763.97,57470.066,6135546.968,17.5,17339763.97,303445869.5
11/05/2019 6:00,16654901.98,4414350.715,2941900.002,17.5,16654901.98,291460784.6
11/05/2019 7:00,16096946.2,13184567.57,1076271.693,17.5,16096946.2,281696558.6
11/05/2019 8:00,15624303.71,22215680.55,999013.811,17.5,15624303.71,273425314.9
11/05/2019 9:00,15311731.91,29307160.38,1247161.206,17.5,15311731.91,267955308.4
11/05/2019 10:00,15070288.63,33800054.92,2011838.054,17.5,15070288.63,263730051
11/05/2019 11:00,14944029.15,35295026.38,2757748.556,17.5,14944029.15,261520510.1
11/05/2019 12:00,15159741.32,36106132.69,3338841.822,17.5,15159741.32,265295473.1
11/05/2019 13:00,15809795.16,34982798.96,3865264.31,17.5,15809795.16,276671415.2
11/05/2019 14:00,1650.763,30560482.61,3410506.033,17.5,1650.763,28888.3525
11/05/2019 15:00,17142195.66,24176935.95,2255226.993,17.5,17142195.66,299988424.1
11/05/2019 16:00,18025981.65,15915478.56,1353227.264,17.5,18025981.65,315454678.8
11/05/2019 17:00,19062046.81,7224371.876,826294.248,17.5,19062046.81,333585819.1
11/05/2019 18:00,20029187.68,973792.734,794897.274,17.5,20029187.68,350510784.3
11/05/2019 19:00,20856230.97,0,2077803.728,17.5,20856230.97,364984042
11/05/2019 20:00,21493782.04,0,7757487.201,17.5,21493782.04,376141185.8
11/05/2019 21:00,21833936.63,0,17290017.94,17.5,21833936.63,382093891
11/05/2019 22:00,21751232.63,0,22683111.93,17.5,21751232.63,380646571
11/05/2019 23:00,21395512.84,0,24089022.93,17.5,21395512.84,374421474.7
12/05/2019 0:00,20866709.74,0,24228456.77,17.5,20866709.74,365167420.4
12/05/2019 1:00,20269321.78,0,22883157.98,17.5,20269321.78,354713131.1
12/05/2019 2:00,19604275.88,0,17175501.94,17.5,19604275.88,343074827.8
12/05/2019 3:00,18943284.5,0,9702899.85,17.5,18943284.5,331507478.8
12/05/2019 4:00,18209997.55,0,4369290.331,17.5,18209997.55,318674957.2
12/05/2019 5:00,17463216.67,67556.357,1874307.215,17.5,17463216.67,305606291.7
12/05/2019 6:00,16764745.3,4186692.297,1044975.404,17.5,16764745.3,293383042.8
12/05/2019 7:00,16195132.45,12398745.16,1489631.415,17.5,16195132.45,283414817.8
12/05/2019 8:00,15712100.15,20577285.88,990939.063,17.5,15712100.15,274961752.5
12/05/2019 9:00,15391773.26,28963950.91,767202.191,17.5,15391773.26,269356032
12/05/2019 10:00,15143565.35,34248445.98,852778.441,17.5,15143565.35,265012393.6
12/05/2019 11:00,15012191.88,38371752.77,1015473.825,17.5,15012191.88,262713357.8
12/05/2019 12:00,15227730.2,38647696.3,999211.345,17.5,15227730.2,266485278.5
12/05/2019 13:00,15882922.17,36135448.46,716349.622,17.5,15882922.17,277951137.9
12/05/2019 14:00,16578786.34,29600274.72,333114.965,17.5,16578786.34,290128761
12/05/2019 15:00,17219562.17,21852802.15,146295.9,17.5,17219562.17,301342337.9
12/05/2019 16:00,18103914,13301831.98,129976.022,17.5,18103914,316818494.9
12/05/2019 17:00,19138254.98,5801586.105,139432.502,17.5,19138254.98,334919462.1
12/05/2019 18:00,20098559.15,884935.087,243945.288,17.5,20098559.15,351724785
12/05/2019 19:00,20913388.77,0,999374.367,17.5,20913388.77,365984303.5
12/05/2019 20:00,21533905.15,0,2686091.543,17.5,21533905.15,376843340.1
12/05/2019 21:00,21853202.98,0,4707479.859,17.5,21853202.98,382431052.1
12/05/2019 22:00,21747867.08,0,6923171.441,17.5,21747867.08,380587673.8
12/05/2019 23:00,21370267.26,0,8495177.51,17.5,21370267.26,373979677
13/05/2019 0:00,20821862.44,0,8193601.536,17.5,20821862.44,364382592.7
13/05/2019 1:00,20207787.08,0,6804045.781,17.5,20207787.08,353636273.8
13/05/2019 2:00,19529551.26,0,6611341.554,17.5,19529551.26,341767147.1
13/05/2019 3:00,18858626.69,0,8364590.542,17.5,18858626.69,330025967.1
13/05/2019 4:00,18119595.73,0,12706818.06,17.5,18119595.73,317092925.2
13/05/2019 5:00,17370768.28,18790.684,23442366.75,17.5,17370768.28,303988445
13/05/2019 6:00,16672929.82,2429885.723,36776953.18,17.5,16672929.82,291776271.9
13/05/2019 7:00,16104873.56,4619734.316,41369220.48,17.5,16104873.56,281835287.3
13/05/2019 8:00,15624378.98,7529501.773,38460154.59,17.5,15624378.98,273426632.2
13/05/2019 9:00,15305680.83,9742739.805,24391828.44,17.5,15305680.83,267849414.5
13/05/2019 10:00,15059394.26,12944650.1,8618602.152,17.5,15059394.26,263539399.5
13/05/2019 11:00,14929143.28,16733953.02,2817483.098,17.5,14929143.28,261260007.4
13/05/2019 12:00,15140389.46,20120459.97,1040907.091,17.5,15140389.46,264956815.6
13/05/2019 13:00,15784400.97,22693446.41,1584180.993,17.5,15784400.97,276227017
13/05/2019 14:00,16470842.23,25850693.76,2761882.727,17.5,16470842.23,288239739
13/05/2019 15:00,17106639.29,21670893.5,3866461.01,17.5,17106639.29,299366187.5
13/05/2019 16:00,17986440.98,16097771.58,5443416.774,17.5,17986440.98,314762717.1
13/05/2019 17:00,19020395.61,7409114.704,8204739.503,17.5,19020395.61,332856923.2
13/05/2019 18:00,19989486.19,1073033.324,16273576.19,17.5,19989486.19,349816008.4
13/05/2019 19:00,20823364.01,0,26867555.2,17.5,20823364.01,364408870.2
13/05/2019 20:00,21472796.64,0,31026847.51,17.5,21472796.64,375773941.2
13/05/2019 21:00,21829460.55,0,31026956.54,17.5,21829460.55,382015559.7
13/05/2019 22:00,21766351,0,29112321.59,17.5,21766351,380911142.5
13/05/2019 23:00,21431281.48,0,24944425.94,17.5,21431281.48,375047425.8
14/05/2019 0:00,20922667.89,0,16717774.02,17.5,20922667.89,366146688
14/05/2019 1:00,20344212.14,0,7370500.162,17.5,20344212.14,356023712.5
14/05/2019 2:00,19695886.19,0,5916555.994,17.5,19695886.19,344678008.3
14/05/2019 3:00,19049374.88,0,6523235.306,17.5,19049374.88,333364060.3
14/05/2019 4:00,18326761.46,0,6375488.908,17.5,18326761.46,320718325.6
14/05/2019 5:00,17586980.55,87447.141,8941110.391,17.5,17586980.55,307772159.7
14/05/2019 6:00,16892741.32,4429270.135,7825891.577,17.5,16892741.32,295622973
14/05/2019 7:00,16326712.76,12962574.69,6534721.681,17.5,16326712.76,285717473.3
14/05/2019 8:00,15846422.59,21794742.42,4947023.02,17.5,15846422.59,277312395.2
14/05/2019 9:00,15530915.31,29081212.66,2023255.572,17.5,15530915.31,271791017.9
14/05/2019 10:00,15287953.01,34223992.85,912307.648,17.5,15287953.01,267539177.6
14/05/2019 11:00,15164411.02,37001326.72,397652.88,17.5,15164411.02,265377192.8
14/05/2019 12:00,15400182.9,37211614.07,106185.931,17.5,15400182.9,269503200.8
14/05/2019 13:00,16094622.15,35051807.79,12372.623,17.5,16094622.15,281655887.6
14/05/2019 14:00,16834526.01,28905362.12,21460.014,17.5,16834526.01,294604205.1
14/05/2019 15:00,17519675.38,22562829.66,406379.004,17.5,17519675.38,306594319.1
14/05/2019 16:00,18462539.86,15073205.65,1723150.768,17.5,18462539.86,323094447.6
14/05/2019 17:00,19565957.82,6996143.279,3686543.345,17.5,19565957.82,342404261.9
14/05/2019 18:00,20594342.7,1070825.86,5612321.667,17.5,20594342.7,360400997.3
14/05/2019 19:00,21471257.36,0,6863148.275,17.5,21471257.36,375747003.7
14/05/2019 20:00,22143715.52,0,4141843.179,17.5,22143715.52,387515021.7
14/05/2019 21:00,22497156.16,0,4331483.623,17.5,22497156.16,393700232.8
14/05/2019 22:00,22399215.3,0,3866536.235,17.5,22399215.3,391986267.8
14/05/2019 23:00,22009835.55,0,2655660.571,17.5,22009835.55,385172122.1
15/05/2019 0:00,21435997.48,0,6115989.933,17.5,21435997.48,375129955.9
15/05/2019 1:00,20789210.45,0,14098090.68,17.5,20789210.45,363811182.9
15/05/2019 2:00,20071334.49,0,17162702.94,17.5,20071334.49,351248353.5
15/05/2019 3:00,19358656.88,0,15270332.3,17.5,19358656.88,338776495.4
15/05/2019 4:00,18571597.3,0,11274716.53,17.5,18571597.3,325002952.8
15/05/2019 5:00,17772637.43,53648.328,8875706.676,17.5,17772637.43,311021155
15/05/2019 6:00,17026827.3,3344854.643,6610071.331,17.5,17026827.3,297969477.8
15/05/2019 7:00,16418026.79,9682549.685,3619865.699,17.5,16418026.79,287315468.9
15/05/2019 8:00,15901614.19,18499673.97,4553430.627,17.5,15901614.19,278278248.3
15/05/2019 9:00,15555925.59,27911477.29,2878544.345,17.5,15555925.59,272228697.8
15/05/2019 10:00,15286200.18,33075127.97,1676109.783,17.5,15286200.18,267508503.2
15/05/2019 11:00,15137972.86,35136419.57,1740557.404,17.5,15137972.86,264914525.1
15/05/2019 12:00,15346488.71,32893045.38,2105249.86,17.5,15346488.71,268563552.5
15/05/2019 13:00,16003608.14,29476959.39,2158891.302,17.5,16003608.14,280063142.5
15/05/2019 14:00,16698216.82,23192964.5,1725602.961,17.5,16698216.82,292218794.4
15/05/2019 15:00,17332591.46,15923855.66,1844829.158,17.5,17332591.46,303320350.5
15/05/2019 16:00,18210349.6,9149247.882,3416526.896,17.5,18210349.6,318681117.9
15/05/2019 17:00,19234816.78,3439694.724,8272342.625,17.5,19234816.78,336609293.7
15/05/2019 18:00,20178939.17,468288.537,17018089.02,17.5,20178939.17,353131435.5
15/05/2019 19:00,20971676.98,0,23195838,17.5,20971676.98,367004347.1
15/05/2019 20:00,21565406.56,0,20134684.21,17.5,21565406.56,377394614.8
15/05/2019 21:00,21854935.2,0,13974671.93,17.5,21854935.2,382461365.9
15/05/2019 22:00,21719695.62,0,23926604.05,17.5,21719695.62,380094673.4
15/05/2019 23:00,21314706.93,0,33992412.64,17.5,21314706.93,373007371.2
16/05/2019 0:00,20742756.47,0,27155261.65,17.5,20742756.47,362998238.2
16/05/2019 1:00,20109145.8,0,14646885.82,17.5,20109145.8,351910051.5
16/05/2019 2:00,19415786.34,0,5038510.4,17.5,19415786.34,339776261
16/05/2019 3:00,18733439.88,0,1324314.128,17.5,18733439.88,327835197.9
16/05/2019 4:00,17987895.01,0,1060825.975,17.5,17987895.01,314788162.7
16/05/2019 5:00,17236672.47,57397.873,730952.016,17.5,17236672.47,301641768.2
16/05/2019 6:00,16539149.86,3657106.536,611324.793,17.5,16539149.86,289435122.5
16/05/2019 7:00,15971703.64,10256557.18,1109312.754,17.5,15971703.64,279504813.8
16/05/2019 8:00,15492285.99,15747148.67,1088512.306,17.5,15492285.99,271115004.8
16/05/2019 9:00,15172297.75,21982983.59,796394.817,17.5,15172297.75,265515210.6
16/05/2019 10:00,14924062.67,27385143.53,470279.233,17.5,14924062.67,261171096.7
16/05/2019 11:00,14789244.14,30602110.48,104324.021,17.5,14789244.14,258811772.5
16/05/2019 12:00,14984540.55,30966038.25,39376.182,17.5,14984540.55,262229459.6
16/05/2019 13:00,15595767.51,29924930.01,12433.95,17.5,15595767.51,272925931.4
16/05/2019 14:00,16245557.94,26739415.87,24159.551,17.5,16245557.94,284297264
16/05/2019 15:00,16844575.76,20785839.97,101105.142,17.5,16844575.76,294780075.9
16/05/2019 16:00,17675192.04,13716321.42,430039.963,17.5,17675192.04,309315860.6
16/05/2019 17:00,18650456.38,6661613.729,1481742.307,17.5,18650456.38,326382986.6
16/05/2019 18:00,19560961.09,1174942.951,4727695.974,17.5,19560961.09,342316819.1
16/05/2019 19:00,20340316.48,0,12684631.31,17.5,20340316.48,355955538.3
16/05/2019 20:00,20942621.15,0,16112750.47,17.5,20942621.15,366495870.1
16/05/2019 21:00,21266116.32,0,14854124.11,17.5,21266116.32,372157035.5
16/05/2019 22:00,21191824.84,0,13773618.37,17.5,21191824.84,370856934.8
16/05/2019 23:00,20861348.51,0,14016143.46,17.5,20861348.51,365073598.8
17/05/2019 0:00,20368679.11,0,13955272.84,17.5,20368679.11,356451884.5
17/05/2019 1:00,19812225.5,0,12357673.27,17.5,19812225.5,346713946.2
17/05/2019 2:00,19192023.86,0,9679682.634,17.5,19192023.86,335860417.5
17/05/2019 3:00,18575661.52,0,8071822.191,17.5,18575661.52,325074076.6
17/05/2019 4:00,17889522.72,0,7200572.977,17.5,17889522.72,313066647.7
17/05/2019 5:00,17189013.94,71138.707,6121837.496,17.5,17189013.94,300807744
17/05/2019 6:00,16532928.95,2987701.278,3263724.734,17.5,16532928.95,289326256.6
17/05/2019 7:00,15998764.09,8977810.751,1678940.068,17.5,15998764.09,279978371.6
17/05/2019 8:00,15546249.33,17321304.06,2180522.583,17.5,15546249.33,272059363.2
17/05/2019 9:00,15249558.74,26260199.41,2894145.841,17.5,15249558.74,266867277.9
17/05/2019 10:00,15021779.02,31594916.87,4001881.918,17.5,15021779.02,262881132.9
17/05/2019 11:00,14906999.14,33223538.42,5239313.414,17.5,14906999.14,260872485
17/05/2019 12:00,15131288.83,32652525.76,5846871.127,17.5,15131288.83,264797554.5
17/05/2019 13:00,15788978.46,30332719.03,5563731.165,17.5,15788978.46,276307123.1
17/05/2019 14:00,16491463.73,25813746.8,4383748.281,17.5,16491463.73,288600615.3
17/05/2019 15:00,17144595.66,19060170.86,2939960.371,17.5,17144595.66,300030424.1
17/05/2019 16:00,18044089.95,11592360.51,1891081.17,17.5,18044089.95,315771574.1
17/05/2019 17:00,19099367.49,5155193.262,1568397.305,17.5,19099367.49,334238931
17/05/2019 18:00,20088250.18,833836.473,2886094.433,17.5,20088250.18,351544378.2
17/05/2019 19:00,20938304.17,0,5992355.912,17.5,20938304.17,366420323
17/05/2019 20:00,21598744.71,0,8182092.222,17.5,21598744.71,377978032.4
17/05/2019 21:00,21959433.51,0,9325261.801,17.5,21959433.51,384290086.4
17/05/2019 22:00,21891952.59,0,9316518.956,17.5,21891952.59,383109170.3
17/05/2019 23:00,21546558.26,0,8766114.266,17.5,21546558.26,377064769.5
18/05/2019 0:00,21023782.04,0,7014483.748,17.5,21023782.04,367916185.7
18/05/2019 1:00,20429393.76,0,4386896.038,17.5,20429393.76,357514390.8
18/05/2019 2:00,19764258.43,0,2148207.648,17.5,19764258.43,345874522.6
18/05/2019 3:00,19101395.41,0,784244.149,17.5,19101395.41,334274419.6
18/05/2019 4:00,18363032.25,0,194397.525,17.5,18363032.25,321353064.3
18/05/2019 5:00,17609091.51,174240.808,39418.196,17.5,17609091.51,308159101.4
18/05/2019 6:00,16902821.74,5534796.774,21547.132,17.5,16902821.74,295799380.5
18/05/2019 7:00,16326938.66,15019059.97,147474.572,17.5,16326938.66,285721426.6
18/05/2019 8:00,15838593.81,24415904.43,177871.679,17.5,15838593.81,277175391.7
18/05/2019 9:00,15516293.23,31949648.83,282115.212,17.5,15516293.23,271535131.4
18/05/2019 10:00,15267550.75,37032817.03,423704.357,17.5,15267550.75,267182138.2
18/05/2019 11:00,15138722.27,38502043.96,336876.658,17.5,15138722.27,264927639.7
18/05/2019 12:00,15367630.38,37826752.7,257992.477,17.5,15367630.38,268933531.6
18/05/2019 13:00,16051811.95,34720150.5,372007.57,17.5,16051811.95,280906709.1
18/05/2019 14:00,16780873.84,28334930.37,749643.966,17.5,16780873.84,293665292.1
18/05/2019 15:00,17456072.05,21539023.73,1521527.589,17.5,17456072.05,305481260.9
18/05/2019 16:00,18387626.18,14550015.89,3293152.043,17.5,18387626.18,321783458.2
18/05/2019 17:00,19480066.05,7363602.749,6064464.191,17.5,19480066.05,340901155.8
18/05/2019 18:00,20501199.2,1369095.608,9594609.307,17.5,20501199.2,358770985.9
18/05/2019 19:00,21376050.28,0,13304163.38,17.5,21376050.28,374080879.8
18/05/2019 20:00,22052391.32,0,15194606.97,17.5,22052391.32,385916848.1
18/05/2019 21:00,22416298.54,0,16340980.25,17.5,22416298.54,392285224.5
18/05/2019 22:00,22335140.87,0,17221204.74,17.5,22335140.87,390864965.2
18/05/2019 23:00,21966117.72,0,18200545.92,17.5,21966117.72,384407060.2
19/05/2019 0:00,21414141.08,0,19389363.26,17.5,21414141.08,374747468.8
19/05/2019 1:00,20789164.5,0,19602341.57,17.5,20789164.5,363810378.7
19/05/2019 2:00,20092077.46,0,18549627.04,17.5,20092077.46,351611355.6
19/05/2019 3:00,19398508.32,0,17211835.28,17.5,19398508.32,339473895.6
19/05/2019 4:00,18627848.13,0,16292522.39,17.5,18627848.13,325987342.3
19/05/2019 5:00,17842150.14,173076.147,14929543.46,17.5,17842150.14,312237627.5
19/05/2019 6:00,17106755.15,5349845.036,8960825.819,17.5,17106755.15,299368215.2
19/05/2019 7:00,16506920.61,14652265.1,6349554.867,17.5,16506920.61,288871110.6
19/05/2019 8:00,15998115.12,23776602.19,12800925.69,17.5,15998115.12,279967014.5
19/05/2019 9:00,15661010.06,31128751.25,12607360.17,17.5,15661010.06,274067676.1
19/05/2019 10:00,15399917.3,36146336.87,9406910.281,17.5,15399917.3,269498552.8
19/05/2019 11:00,15262271.18,39166327.18,5894893.346,17.5,15262271.18,267089745.7
19/05/2019 12:00,15491873.71,39487198.3,3572908.391,17.5,15491873.71,271107789.8
19/05/2019 13:00,16187285.25,37618232.4,2035034.503,17.5,16187285.25,283277491.8
19/05/2019 14:00,16926041.02,32706102.66,626835.06,17.5,16926041.02,296205717.9
19/05/2019 15:00,17606623.88,26464495.22,291375.434,17.5,17606623.88,308115917.9
19/05/2019 16:00,18545569.13,18156261.83,334304.762,17.5,18545569.13,324547459.7
19/05/2019 17:00,19643728.55,8861786.204,561688.335,17.5,19643728.55,343765249.6
19/05/2019 18:00,20663514.96,1497669.607,835201.133,17.5,20663514.96,361611511.9
19/05/2019 19:00,21528993.26,0,1648669.136,17.5,21528993.26,376757382.1
19/05/2019 20:00,22188145.37,0,3843715.541,17.5,22188145.37,388292543.9
19/05/2019 21:00,22527386.63,0,7033789.709,17.5,22527386.63,394229266.1
19/05/2019 22:00,22415628.33,0,9730626.091,17.5,22415628.33,392273495.8
19/05/2019 23:00,22014454.97,0,10120845.76,17.5,22014454.97,385252961.9
20/05/2019 0:00,21431518.67,0,8054737.421,17.5,21431518.67,375051576.6
20/05/2019 1:00,20778408.86,0,5437063.992,17.5,20778408.86,363622155.1
20/05/2019 2:00,20056840.48,0,2728936.49,17.5,20056840.48,350994708.4
20/05/2019 3:00,19342711.32,0,2283558.01,17.5,19342711.32,338497448
20/05/2019 4:00,18556244.48,0,4789079.928,17.5,18556244.48,324734278.4
20/05/2019 5:00,17759421.53,100309.082,10349678.66,17.5,17759421.53,310789876.7
20/05/2019 6:00,17016757.53,3906434.899,13707841.21,17.5,17016757.53,297793256.8
20/05/2019 7:00,16411655.98,11463136.29,9661250.563,17.5,16411655.98,287203979.7
20/05/2019 8:00,15899368.43,19945506.46,6374636.214,17.5,15899368.43,278238947.6
20/05/2019 9:00,15558166.29,28008855.76,2338662.663,17.5,15558166.29,272267910.1
20/05/2019 10:00,15293407.97,33579026.67,441221.498,17.5,15293407.97,267634639.4
20/05/2019 11:00,15150868.92,37882209.12,60614.067,17.5,15150868.92,265140206.1
20/05/2019 12:00,15367281.92,38868766.39,65899.072,17.5,15367281.92,268927433.5
20/05/2019 13:00,16036975.32,37245928.42,163993.243,17.5,16036975.32,280647068
20/05/2019 14:00,16748348.79,33182701.1,366434.503,17.5,16748348.79,293096103.8
20/05/2019 15:00,17403430.81,26841188.74,665525.831,17.5,17403430.81,304560039.1
20/05/2019 16:00,18310021.59,18505919.26,678910.186,17.5,18310021.59,320425377.8
20/05/2019 17:00,19372536.57,9210622.483,587265.219,17.5,19372536.57,339019390
20/05/2019 18:00,20361640.46,1630304.13,843709.543,17.5,20361640.46,356328708
20/05/2019 19:00,21204450.42,0,1165564.709,17.5,21204450.42,371077882.3
20/05/2019 20:00,21850821.77,0,1001799.489,17.5,21850821.77,382389381
20/05/2019 21:00,22190267.96,0,629948.912,17.5,22190267.96,388329689.3
20/05/2019 22:00,22094449.1,0,495667.293,17.5,22094449.1,386652859.2
20/05/2019 23:00,21718861.12,0,666431.259,17.5,21718861.12,380080069.5
21/05/2019 0:00,21166867.38,0,1329652.715,17.5,21166867.38,370420179.2
21/05/2019 1:00,20546111.85,0,2348079.303,17.5,20546111.85,359556957.4
21/05/2019 2:00,19857404.01,0,2606061.906,17.5,19857404.01,347504570.2
21/05/2019 3:00,19174316.43,0,1751682.007,17.5,19174316.43,335550537.6
21/05/2019 4:00,18418108.78,0,858702.809,17.5,18418108.78,322316903.6
21/05/2019 5:00,17649029.99,164611.245,372568.545,17.5,17649029.99,308858024.8
21/05/2019 6:00,16930369.74,4876369.775,148315.513,17.5,16930369.74,296281470.4
21/05/2019 7:00,16344672.25,13884750.02,77651.804,17.5,16344672.25,286031764.3
21/05/2019 8:00,15848319.56,23094070.91,1097636.053,17.5,15848319.56,277345592.2
21/05/2019 9:00,15519409.1,30372303.09,2668323.303,17.5,15519409.1,271589659.2
21/05/2019 10:00,15264787.75,35221646.15,2872441.593,17.5,15264787.75,267133785.6
21/05/2019 11:00,15130371.11,38684470.67,2100100.324,17.5,15130371.11,264781494.4
21/05/2019 12:00,15352674.97,38984516.34,1491575.81,17.5,15352674.97,268671812
21/05/2019 13:00,16027222.19,37206925.86,1426835.803,17.5,16027222.19,280476388.4
21/05/2019 14:00,16743979.49,32751877.51,1424997.253,17.5,16743979.49,293019641.1
21/05/2019 15:00,17404468.73,26635339.95,1716700.838,17.5,17404468.73,304578202.8
21/05/2019 16:00,18315921.12,18427613.47,2613935.469,17.5,18315921.12,320528619.7
21/05/2019 17:00,19382158.53,9073022.476,4201102.822,17.5,19382158.53,339187774.2
21/05/2019 18:00,20372625.3,1608191.889,6451743.856,17.5,20372625.3,356520942.8
21/05/2019 19:00,21213614.97,0,8815573.348,17.5,21213614.97,371238262
21/05/2019 20:00,21854613.13,0,13124675.24,17.5,21854613.13,382455729.7
21/05/2019 21:00,22185263.46,0,18626595.56,17.5,22185263.46,388242110.5
21/05/2019 22:00,22078164.97,0,22182572.66,17.5,22078164.97,386367887
21/05/2019 23:00,21690039.21,0,22651679.78,17.5,21690039.21,379575686.2
22/05/2019 0:00,21125320.67,0,20700543.57,17.5,21125320.67,369693111.7
22/05/2019 1:00,20492302.24,0,17835774.58,17.5,20492302.24,358615289.2
22/05/2019 2:00,19792596.83,0,14393837.26,17.5,19792596.83,346370444.5
22/05/2019 3:00,19099911.42,0,12140825.71,17.5,19099911.42,334248449.9
22/05/2019 4:00,18336698.53,0,10809391.78,17.5,18336698.53,320892224.3
22/05/2019 5:00,17563174.25,237592.469,8613033.035,17.5,17563174.25,307355549.3
22/05/2019 6:00,16842046.86,5719703.265,4614038.728,17.5,16842046.86,294735820
22/05/2019 7:00,16254423,14308432.19,1951027.996,17.5,16254423,284452402.5
22/05/2019 8:00,15756849.62,22324540,2662548.49,17.5,15756849.62,275744868.3
22/05/2019 9:00,15425462.46,30426589.82,5753653.113,17.5,15425462.46,269945593.1
22/05/2019 10:00,15168279.17,36018397.62,5184025.892,17.5,15168279.17,265444885.5
22/05/2019 11:00,15029828.8,38337972.38,4137170.95,17.5,15029828.8,263022004
22/05/2019 12:00,15240331.25,38620008.96,3387804.37,17.5,15240331.25,266705796.9
22/05/2019 13:00,15891498.48,36640982.45,3214380.804,17.5,15891498.48,278101223.4
22/05/2019 14:00,16583014.13,31437755.21,3390992.86,17.5,16583014.13,290202747.2
22/05/2019 15:00,17219534.33,25096008.35,3793578.831,17.5,17219534.33,301341850.8
22/05/2019 16:00,18100245.41,16818671.39,3763959.19,17.5,18100245.41,316754294.7
22/05/2019 17:00,19132043.01,7296868.916,3403943.84,17.5,19132043.01,334810752.7
22/05/2019 18:00,20091850.14,1042756.171,2605263.226,17.5,20091850.14,351607377.4
22/05/2019 19:00,20908823.27,0,2826559.92,17.5,20908823.27,365904407.2
22/05/2019 20:00,21534316.36,0,6378192.679,17.5,21534316.36,376850536.3
22/05/2019 21:00,21861177.4,0,12991175.45,17.5,21861177.4,382570604.5
22/05/2019 22:00,21765070.35,0,21163351.94,17.5,21765070.35,380888731.2
22/05/2019 23:00,21397338.93,0,26771235.03,17.5,21397338.93,374453431.3
23/05/2019 0:00,20858588.19,0,26771416.61,17.5,20858588.19,365025293.3
23/05/2019 1:00,20253455.59,0,21638032.32,17.5,20253455.59,354435472.8
23/05/2019 2:00,19582831.58,0,15018413.6,17.5,19582831.58,342699552.6
23/05/2019 3:00,18918133.66,0,10132695.65,17.5,18918133.66,331067339
23/05/2019 4:00,18183056.84,0,6632011.737,17.5,18183056.84,318203494.7
23/05/2019 5:00,17436034.97,201771.492,4792609.715,17.5,17436034.97,305130612
23/05/2019 6:00,16738378.77,5420508.446,3382573.884,17.5,16738378.77,292921628.4
23/05/2019 7:00,16169990.82,14662742.73,1259218.053,17.5,16169990.82,282974839.3
23/05/2019 8:00,15688524.75,23665653.09,49706.84,17.5,15688524.75,274549183.1
23/05/2019 9:00,15369553.89,30900594.99,15899.094,17.5,15369553.89,268967193
23/05/2019 10:00,15122802.32,35795952.36,27543.204,17.5,15122802.32,264649040.5
23/05/2019 11:00,14992715.89,38469009.88,108879.352,17.5,14992715.89,262372528
23/05/2019 12:00,15208388.53,37318986.91,222012.32,17.5,15208388.53,266146799.2
23/05/2019 13:00,15862510.29,35341180.66,695420.481,17.5,15862510.29,277593930
23/05/2019 14:00,16558142.73,31390487.8,1412816.296,17.5,16558142.73,289767497.8
23/05/2019 15:00,17200057.65,25486701.09,2230450.064,17.5,17200057.65,301001008.8
23/05/2019 16:00,18086282.43,17936430.19,3379660.8,17.5,18086282.43,316509942.5
23/05/2019 17:00,19124075.03,9279215.916,4693050.486,17.5,19124075.03,334671313
23/05/2019 18:00,20090182.97,1715795.787,5865961.287,17.5,20090182.97,351578201.9
23/05/2019 19:00,20913153.92,0,7722277.698,17.5,20913153.92,365980193.5
23/05/2019 20:00,21543798.86,0,10574425.2,17.5,21543798.86,377016480
23/05/2019 21:00,21874469.99,0,12674086.07,17.5,21874469.99,382803224.9
23/05/2019 22:00,21780412.91,0,11295776.04,17.5,21780412.91,381157225.9
23/05/2019 23:00,21413156.03,0,6915108.072,17.5,21413156.03,374730230.5
24/05/2019 0:00,20873650.48,0,2637545.753,17.5,20873650.48,365288883.4
24/05/2019 1:00,20266978.13,0,1167389.97,17.5,20266978.13,354672117.3
24/05/2019 2:00,19594315.74,0,2013978.03,17.5,19594315.74,342900525.5
24/05/2019 3:00,18927430.39,0,6033024.696,17.5,18927430.39,331230031.8
24/05/2019 4:00,18190140.43,0,11298257.02,17.5,18190140.43,318327457.5
24/05/2019 5:00,17441122.72,246205.681,14398660.36,17.5,17441122.72,305219647.6
24/05/2019 6:00,16741843.96,5715175.041,10170414.73,17.5,16741843.96,292982269.3
24/05/2019 7:00,16172277.42,14964181.59,4073935.009,17.5,16172277.42,283014854.9
24/05/2019 8:00,15690041.57,24161145.22,884654.432,17.5,15690041.57,274575727.5
24/05/2019 9:00,15370710.61,31606831.03,94467.301,17.5,15370710.61,268987435.7
24/05/2019 10:00,15123973.46,36639865.53,3018.848,17.5,15123973.46,264669535.5
24/05/2019 11:00,14994309.46,38691613.38,0,17.5,14994309.46,262400415.5
24/05/2019 12:00,15211017.8,39169844.67,0,17.5,15211017.8,266192811.5
24/05/2019 13:00,15867247.37,37402093.31,791.19,17.5,15867247.37,277676828.9
24/05/2019 14:00,16566287.26,32771611.27,4670.599,17.5,16566287.26,289910027
24/05/2019 15:00,17213169.25,26342677.81,2325.644,17.5,17213169.25,301230461.9
24/05/2019 16:00,18107079.78,17951777.42,24286.459,17.5,18107079.78,316873896.2
24/05/2019 17:00,19156102.15,8818307.258,710016.927,17.5,19156102.15,335231787.6
24/05/2019 18:00,20136994.24,1633787.545,4472362.996,17.5,20136994.24,352397399.2
24/05/2019 19:00,20978010.35,0,14828191.31,17.5,20978010.35,367115181.2
24/05/2019 20:00,21629201.64,0,19862725.65,17.5,21629201.64,378511028.7
24/05/2019 21:00,21981073.53,0,17480049.8,17.5,21981073.53,384668786.8
24/05/2019 22:00,21905840.75,0,12869551.09,17.5,21905840.75,383352213.2
24/05/2019 23:00,21554507.44,0,8727275.249,17.5,21554507.44,377203880.3
25/05/2019 0:00,21027692.32,0,6578456.337,17.5,21027692.32,367984615.6
25/05/2019 1:00,20430951.35,0,6402864.482,17.5,20430951.35,357541648.7
25/05/2019 2:00,19764782.18,0,8431446,17.5,19764782.18,345883688.1
25/05/2019 3:00,19101844.35,0,11116461.47,17.5,19101844.35,334282276
25/05/2019 4:00,18364023.12,0,12315969.09,17.5,18364023.12,321370404.6
25/05/2019 5:00,17610931.4,252339.38,11336488.64,17.5,17610931.4,308191299.4
25/05/2019 6:00,16905594.2,5665974.032,5136714.629,17.5,16905594.2,295847898.6
25/05/2019 7:00,16330616.52,14895457.41,1194187.693,17.5,16330616.52,285785789
25/05/2019 8:00,15843055.21,24085200.64,51150.986,17.5,15843055.21,277253466.2
25/05/2019 9:00,15521465.62,31540706.29,9403.899,17.5,15521465.62,271625648.4
25/05/2019 10:00,15273275.46,36596137.56,38694.356,17.5,15273275.46,267282320.6
25/05/2019 11:00,15144891.96,38034042.48,129721.278,17.5,15144891.96,265035609.3
25/05/2019 12:00,15374480.74,38533611.1,218700.818,17.5,15374480.74,269053412.9
25/05/2019 13:00,16059675.94,36776305.92,198860.597,17.5,16059675.94,281044329
25/05/2019 14:00,16789242.43,33450809.32,147497.434,17.5,16789242.43,293811742.5
25/05/2019 15:00,17463982.56,27169006.15,52143.722,17.5,17463982.56,305619694.8
25/05/2019 16:00,18394060.18,18892368.6,37655.404,17.5,18394060.18,321896053.1
25/05/2019 17:00,19483197.54,9553813.65,131929.834,17.5,19483197.54,340955957
25/05/2019 18:00,20498441.13,1799703.272,277807.347,17.5,20498441.13,358722719.7
25/05/2019 19:00,21364640.4,0,1410789.848,17.5,21364640.4,373881206.9
25/05/2019 20:00,22029785.75,0,4448607.44,17.5,22029785.75,385521250.6
25/05/2019 21:00,22380727.3,0,8318499.182,17.5,22380727.3,391662727.7
25/05/2019 22:00,22286406.19,0,13350250.76,17.5,22286406.19,390012108.2
25/05/2019 23:00,21904878.63,0,18387922.13,17.5,21904878.63,383335376
26/05/2019 0:00,21341672.29,0,21549783.58,17.5,21341672.29,373479265
26/05/2019 1:00,20706839.28,0,21637235.55,17.5,20706839.28,362369687.4
26/05/2019 2:00,20001815.85,0,17131689.95,17.5,20001815.85,350031777.4
26/05/2019 3:00,19301930.83,0,10659699.49,17.5,19301930.83,337783789.5
26/05/2019 4:00,18527775.86,0,5774026.368,17.5,18527775.86,324236077.5
26/05/2019 5:00,17741036.26,282178.027,4565721.823,17.5,17741036.26,310468134.5
26/05/2019 6:00,17006208.17,5962806.912,4094466.905,17.5,17006208.17,297608643
26/05/2019 7:00,16406916.1,15429948.9,2935634.846,17.5,16406916.1,287121031.7
26/05/2019 8:00,15898890.43,24401792.23,1948099.508,17.5,15898890.43,278230582.5
26/05/2019 9:00,15560763.64,31453593.4,1130863.983,17.5,15560763.64,272313363.6
26/05/2019 10:00,15298194.65,36280983.1,703228.012,17.5,15298194.65,267718406.4
26/05/2019 11:00,15157194.74,39233035.33,583293.826,17.5,15157194.74,265250907.9
26/05/2019 12:00,15375055.47,39584952.73,752538.284,17.5,15375055.47,269063470.7
26/05/2019 13:00,16046398.88,37794482.68,1329196.618,17.5,16046398.88,280811980.4
26/05/2019 14:00,16758694.18,32568761.39,2141910.562,17.5,16758694.18,293277148.2
26/05/2019 15:00,17413418.81,26337666.84,2739090.217,17.5,17413418.81,304734829.1
26/05/2019 16:00,18318356.92,18190628.66,3235300.457,17.5,18318356.92,320571246
26/05/2019 17:00,19377022.28,9168527.611,3404866.221,17.5,19377022.28,339097890
26/05/2019 18:00,20359226.26,1776073.765,3867197.227,17.5,20359226.26,356286459.5
26/05/2019 19:00,21191892.06,0,4775525.647,17.5,21191892.06,370858111.1
26/05/2019 20:00,21825107.46,0,4749023.862,17.5,21825107.46,381939380.5
26/05/2019 21:00,22149288.12,0,3652592.417,17.5,22149288.12,387612542.1
26/05/2019 22:00,22037907.23,0,2254382.466,17.5,22037907.23,385663376.5
26/05/2019 23:00,21647472.85,0,1241662.593,17.5,21647472.85,378830774.9
27/05/2019 0:00,21082070.92,0,706216.236,17.5,21082070.92,368936241.2
27/05/2019 1:00,20449463.52,0,392398.188,17.5,20449463.52,357865611.7
27/05/2019 2:00,19751110.88,0,126731.851,17.5,19751110.88,345644440.3
27/05/2019 3:00,19060236.65,0,843847.407,17.5,19060236.65,333554141.4
27/05/2019 4:00,18299535.21,0,4523505.702,17.5,18299535.21,320241866.1
27/05/2019 5:00,17528835.35,281199.921,12243874.8,17.5,17528835.35,306754618.6
27/05/2019 6:00,16810445.99,5730340.272,13135768.52,17.5,16810445.99,294182804.7
27/05/2019 7:00,16224967.13,14970633.9,11035131.94,17.5,16224967.13,283936924.7
27/05/2019 8:00,15729096.36,23985200.09,6002980.015,17.5,15729096.36,275259186.4
27/05/2019 9:00,15398466.05,31003059.34,870771.035,17.5,15398466.05,269473155.9
27/05/2019 10:00,15141525.01,35810372.01,24394.655,17.5,15141525.01,264976687.7
27/05/2019 11:00,15002444.19,37951336.31,2559.93,17.5,15002444.19,262542773.3
27/05/2019 12:00,15209726.92,38345879.19,6441.415,17.5,15209726.92,266170221.1
27/05/2019 13:00,15853871.69,36555852.62,6553.588,17.5,15853871.69,277442754.6
27/05/2019 14:00,16536837.23,32677542.09,2498.273,17.5,16536837.23,289394651.6
27/05/2019 15:00,17163759.66,26462488.62,1649.171,17.5,17163759.66,300365794.1
27/05/2019 16:00,18030825.3,18297905.67,66454.053,17.5,18030825.3,315539442.8
27/05/2019 17:00,19044892.69,9208680.43,299804.44,17.5,19044892.69,333285622.1
27/05/2019 18:00,19984529.73,1798269.833,1642178.358,17.5,19984529.73,349729270.3
27/05/2019 19:00,20779634.31,0,5654879.745,17.5,20779634.31,363643600.4
27/05/2019 20:00,21382456.59,0,9249544.241,17.5,21382456.59,374192990.4
27/05/2019 21:00,21688079.82,0,10295187.77,17.5,21688079.82,379541396.9
27/05/2019 22:00,21575540.05,0,9107231.222,17.5,21575540.05,377571950.9
27/05/2019 23:00,21195447.42,0,6965924.661,17.5,21195447.42,370920329.9
28/05/2019 0:00,20647901.33,0,4925901.05,17.5,20647901.33,361338273.3
28/05/2019 1:00,20036345.13,0,3337106.197,17.5,20036345.13,350636039.8
28/05/2019 2:00,19362290.24,0,2349420.312,17.5,19362290.24,338840079.1
28/05/2019 3:00,18695893.4,0,2061417.112,17.5,18695893.4,327178134.5
28/05/2019 4:00,17963318.01,0,2658905.14,17.5,17963318.01,314358065.2
28/05/2019 5:00,17221895.55,286364.013,3514160.363,17.5,17221895.55,301383172.2
28/05/2019 6:00,16531170.47,5696521.52,3041396.289,17.5,16531170.47,289295483.2
28/05/2019 7:00,15967918.35,14843355.75,1285605.082,17.5,15967918.35,279438571.1
28/05/2019 8:00,15490647.47,23743541.29,848836.161,17.5,15490647.47,271086330.7
28/05/2019 9:00,15171109.35,30708590.74,1534704.131,17.5,15171109.35,265494413.7
28/05/2019 10:00,14921880.24,35521183.05,1629972.602,17.5,14921880.24,261132904.3
28/05/2019 11:00,14784656.17,38522477.41,1545476.934,17.5,14784656.17,258731483
28/05/2019 12:00,14975495.36,38873735.78,1090582.825,17.5,14975495.36,262071168.7
28/05/2019 13:00,15578555.2,37149663.33,602379.507,17.5,15578555.2,272624716
28/05/2019 14:00,16215827.84,32847526.19,253581.246,17.5,16215827.84,283776987.1
28/05/2019 15:00,16797427.02,26825151.37,179161.107,17.5,16797427.02,293954972.9
28/05/2019 16:00,17602082.85,18785844.26,315165.048,17.5,17602082.85,308036449.9
28/05/2019 17:00,18540671.29,9595040.87,868095.101,17.5,18540671.29,324461747.6
28/05/2019 18:00,19404431.81,1866232.073,2701402.092,17.5,19404431.81,339577556.7
28/05/2019 19:00,20128047.79,0,6154515.543,17.5,20128047.79,352240836.3
28/05/2019 20:00,20667839.82,0,9480586.061,17.5,20667839.82,361687196.8
28/05/2019 21:00,20927516.92,0,11904090.47,17.5,20927516.92,366231546.1
28/05/2019 22:00,20797037.77,0,14736062.33,17.5,20797037.77,363948161
28/05/2019 23:00,20419017.08,0,18145053.78,17.5,20419017.08,357332798.9
29/05/2019 0:00,19888044.09,0,20940334.42,17.5,19888044.09,348040771.5
29/05/2019 1:00,19300804.44,0,21888956.59,17.5,19300804.44,337764077.6
29/05/2019 2:00,18659333.1,0,20236047.09,17.5,18659333.1,326538329.3
29/05/2019 3:00,18028455.57,0,16020113.42,17.5,18028455.57,315497972.5
29/05/2019 4:00,17340733.49,0,10370991.65,17.5,17340733.49,303462836.1
29/05/2019 5:00,16648874.37,306936.403,4834334.017,17.5,16648874.37,291355301.5
29/05/2019 6:00,16007015.61,5909489.022,3749677.064,17.5,16007015.61,280122773.2
29/05/2019 7:00,15484374.52,15335511.87,3051589.371,17.5,15484374.52,270976554
29/05/2019 8:00,15042510.38,24333070.59,3520401.551,17.5,15042510.38,263243931.6
29/05/2019 9:00,14745658.89,31268377.52,3063490.834,17.5,14745658.89,258049030.6
29/05/2019 10:00,14514082.71,35878732.63,1592142.809,17.5,14514082.71,253996447.4
29/05/2019 11:00,14384963.42,37360513,754498.27,17.5,14384963.42,251736859.9
29/05/2019 12:00,14552217.48,37786674.07,333463.22,17.5,14552217.48,254663805.9
29/05/2019 13:00,15090639.58,36142532.14,163525.574,17.5,15090639.58,264086192.6
29/05/2019 14:00,15660256.02,32309139.71,100815.189,17.5,15660256.02,274054480.4
29/05/2019 15:00,16180975.21,26354751.35,131869.464,17.5,16180975.21,283167066.1
29/05/2019 16:00,16903801.63,18401422.25,244951.415,17.5,16903801.63,295816528.6
29/05/2019 17:00,17749683.36,9358738.748,486615.171,17.5,17749683.36,310619458.9
29/05/2019 18:00,18532215.78,1857517.933,909633.96,17.5,18532215.78,324313776.2
29/05/2019 19:00,19193250.53,0,1771965.336,17.5,19193250.53,335881884.2
29/05/2019 20:00,19693483.76,0,3710324.789,17.5,19693483.76,344635965.9
29/05/2019 21:00,19945447.55,0,5744853.674,17.5,19945447.55,349045332.2
29/05/2019 22:00,19848052.38,0,7185528.344,17.5,19848052.38,347340916.6
29/05/2019 23:00,19528036.06,0,8392768.546,17.5,19528036.06,341740631
30/05/2019 0:00,19069293.41,0,8355343.951,17.5,19069293.41,333712634.7
30/05/2019 1:00,18558353.72,0,5349573.586,17.5,18558353.72,324771190.2
30/05/2019 2:00,17996043.43,0,1739019.327,17.5,17996043.43,314930760
30/05/2019 3:00,17440913.92,0,1482525.77,17.5,17440913.92,305215993.5
30/05/2019 4:00,16830361.31,0,4784639.053,17.5,16830361.31,294531322.9
30/05/2019 5:00,16212181.71,318317.331,12261804.9,17.5,16212181.71,283713179.9
30/05/2019 6:00,15636250.43,5801906.505,14693235.55,17.5,15636250.43,273634382.5
30/05/2019 7:00,15167358.85,14921851.91,10592522.48,17.5,15167358.85,265428779.8
30/05/2019 8:00,14770557.09,23758092.53,8757823.188,17.5,14770557.09,258484749.1
30/05/2019 9:00,14506936.76,30570333.01,8142724.345,17.5,14506936.76,253871393.4
30/05/2019 10:00,14302702.53,35198393.68,5792830.235,17.5,14302702.53,250297294.2
30/05/2019 11:00,14193678.17,37652606.18,3523159.758,17.5,14193678.17,248389367.9
30/05/2019 12:00,14365211.01,38012877.4,2163859.784,17.5,14365211.01,251391192.6
30/05/2019 13:00,14891553.65,36286416.6,1481882.633,17.5,14891553.65,260602188.9
30/05/2019 14:00,15450643.14,32179912.01,1204021.855,17.5,15450643.14,270386254.9
30/05/2019 15:00,15965438.33,26166364.52,1177312.183,17.5,15965438.33,279395170.7
30/05/2019 16:00,16676747.71,18207122.94,1247406.262,17.5,16676747.71,291843084.9
30/05/2019 17:00,17509232.32,9255479.898,1496583.567,17.5,17509232.32,306411565.6
30/05/2019 18:00,18282569.08,1881683.006,2489229.67,17.5,18282569.08,319944959
30/05/2019 19:00,18939275.51,0,3970416.511,17.5,18939275.51,331437321.4
30/05/2019 20:00,19439942.79,0,6752027.786,17.5,19439942.79,340198998.8
30/05/2019 21:00,19698277.11,0,11438221.45,17.5,19698277.11,344719849.5
30/05/2019 22:00,19614562.5,0,18567845.21,17.5,19614562.5,343254843.8
30/05/2019 23:00,19311270.3,0,26231407.68,17.5,19311270.3,337947230.3
31/05/2019 0:00,18869936.07,0,29893054.58,17.5,18869936.07,330223881.2
31/05/2019 1:00,18375157.26,0,26232269.42,17.5,18375157.26,321565252
31/05/2019 2:00,17828074.33,0,13979812.93,17.5,17828074.33,311991300.8
31/05/2019 3:00,17286278.11,0,9558004.682,17.5,17286278.11,302509866.9
31/05/2019 4:00,16689037.42,0,15065907.74,17.5,16689037.42,292058154.9
31/05/2019 5:00,16083462.71,342192.397,21828092.17,17.5,16083462.71,281460597.5
31/05/2019 6:00,15518642.39,6043989.281,16503642.6,17.5,15518642.39,271576241.8
31/05/2019 7:00,15058053.65,15443798.25,11214070.49,17.5,15058053.65,263515938.8
31/05/2019 8:00,14667706.57,24402713.72,9062023.918,17.5,14667706.57,256684865
31/05/2019 9:00,14407115.02,31272396.42,5510733.415,17.5,14407115.02,252124512.8
31/05/2019 10:00,14204293.48,35653593.46,2139072.287,17.5,14204293.48,248575135.9
31/05/2019 11:00,14093943.41,37069032.31,802523.519,17.5,14093943.41,246644009.6
31/05/2019 12:00,14255487.51,37311992.75,294936.989,17.5,14255487.51,249471031.4
31/05/2019 13:00,14759617.27,35474615.19,159214.593,17.5,14759617.27,258293302.3
31/05/2019 14:00,15293354.24,30142463.1,222944.78,17.5,15293354.24,267633699.1
31/05/2019 15:00,15782101.75,24190258.94,488732.039,17.5,15782101.75,276186780.5
31/05/2019 16:00,16457902.49,16567075.83,988909.586,17.5,16457902.49,288013293.5
31/05/2019 17:00,17247203.1,8335426.872,1715268.249,17.5,17247203.1,301826054.3
31/05/2019 18:00,17976257.48,1737477.744,2557982.851,17.5,17976257.48,314584505.9
31/05/2019 19:00,18590289.56,0,3306973.49,17.5,18590289.56,325330067.3
31/05/2019 20:00,19052276.15,0,4986577.161,17.5,19052276.15,333414832.7
31/05/2019 21:00,19280877.29,0,7154339.489,17.5,19280877.29,337415352.5
31/05/2019 22:00,19182731.92,0,8559676.161,17.5,19182731.92,335697808.6
31/05/2019 23:00,18876267.63,0,8082285.368,17.5,18876267.63,330334683.4
01/06/2019 0:00,18440157.82,0,5920206.516,17.5,18440157.82,322702761.8
01/06/2019 1:00,17955288.48,0,4511134.382,17.5,17955288.48,314217548.3
01/06/2019 2:00,17423152.49,0,4823792.183,17.5,17423152.49,304905168.5
01/06/2019 3:00,16898303.33,0,6373226.025,17.5,16898303.33,295720308.3
01/06/2019 4:00,16323767.29,0,9034581.88,17.5,16323767.29,285665927.6
01/06/2019 5:00,15744039.21,312643.768,11990592.39,17.5,15744039.21,275520686.1
01/06/2019 6:00,15205043.79,5580599.368,10491197.47,17.5,15205043.79,266088266.3
01/06/2019 7:00,14765680.96,14469677.17,7813929.085,17.5,14765680.96,258399416.9
01/06/2019 8:00,14393683.17,23220036.59,7807204.761,17.5,14393683.17,251889455.5
01/06/2019 9:00,14143816.68,30044796.11,4796701.872,17.5,14143816.68,247516791.8
01/06/2019 10:00,13948630.89,34672756.88,2404706.181,17.5,13948630.89,244101040.6
01/06/2019 11:00,13839830.65,37270255.62,1175553.131,17.5,13839830.65,242197036.3
01/06/2019 12:00,13982263.73,37641921.49,551249.698,17.5,13982263.73,244689615.3
01/06/2019 13:00,14439422.4,35924390.61,245656.836,17.5,14439422.4,252689892
01/06/2019 14:00,14922128.85,31818495.86,177238.619,17.5,14922128.85,261137254.8
01/06/2019 15:00,15361991.71,25867766.24,199559.752,17.5,15361991.71,268834854.8
01/06/2019 16:00,15971626.53,18026301.89,259893.054,17.5,15971626.53,279503464.2
01/06/2019 17:00,16683113.42,9221617.263,395552.452,17.5,16683113.42,291954484.9
01/06/2019 18:00,17337761.07,1930691.198,928641.48,17.5,17337761.07,303410818.8
01/06/2019 19:00,17886177.84,0,1621153.379,17.5,17886177.84,313008112.2
01/06/2019 20:00,18295359.6,0,1835124.997,17.5,18295359.6,320168793
01/06/2019 21:00,18492211.74,0,1624553.741,17.5,18492211.74,323613705.5
01/06/2019 22:00,18393065.3,0,1498438,17.5,18393065.3,321878642.8
01/06/2019 23:00,18106247.57,0,2411357.952,17.5,18106247.57,316859332.4
02/06/2019 0:00,17703499.85,0,5052972.179,17.5,17703499.85,309811247.3
02/06/2019 1:00,17258170.09,0,9901360.759,17.5,17258170.09,302017976.5
02/06/2019 2:00,16771623.46,0,12873790.61,17.5,16771623.46,293503410.5
02/06/2019 3:00,16293041.15,0,13567567.92,17.5,16293041.15,285128220.2
02/06/2019 4:00,15770965.41,0,13821269.3,17.5,15770965.41,275991894.7
02/06/2019 5:00,15245429.74,358916.39,13192851.75,17.5,15245429.74,266795020.5
02/06/2019 6:00,14757616.5,6087380.428,8747941.937,17.5,14757616.5,258258288.8
02/06/2019 7:00,14360274.26,15383198.53,4917679.683,17.5,14360274.26,251304799.6
02/06/2019 8:00,14024158.77,24106163.01,5050992.876,17.5,14024158.77,245422778.5
02/06/2019 9:00,13798272.65,30788258.08,4342057.843,17.5,13798272.65,241469771.3
02/06/2019 10:00,13621867.35,35327893.88,3902809.835,17.5,13621867.35,238382678.6
02/06/2019 11:00,13523292.01,37049513.7,3183899.039,17.5,13523292.01,236657610.1
02/06/2019 12:00,13650304.44,37523006.1,2356683.87,17.5,13650304.44,238880327.8
02/06/2019 13:00,14059682.49,35988136.46,1706974.762,17.5,14059682.49,246044443.6
02/06/2019 14:00,14492031.42,32204113.54,1280842.022,17.5,14492031.42,253610549.8
02/06/2019 15:00,14886097.17,26319567.95,1209027.069,17.5,14886097.17,260506700.5
02/06/2019 16:00,15432576.91,18463326.09,1324095.167,17.5,15432576.91,270070096
02/06/2019 17:00,16070656.74,9502885.538,1530290.604,17.5,16070656.74,281236492.9
02/06/2019 18:00,16658173.48,1974455.505,1977816.072,17.5,16658173.48,291518035.9
02/06/2019 19:00,17151049.62,0,2312538.424,17.5,17151049.62,300143368.4
02/06/2019 20:00,17519911.19,0,2543808.519,17.5,17519911.19,306598445.9
02/06/2019 21:00,17699335.75,0,3466024.897,17.5,17699335.75,309738375.6
02/06/2019 22:00,17614207.13,0,4098436.388,17.5,17614207.13,308248624.8
02/06/2019 23:00,17361538.11,0,3856691,17.5,17361538.11,303826917
03/06/2019 0:00,17005507.33,0,2836483.458,17.5,17005507.33,297596378.3
03/06/2019 1:00,16611799.32,0,2238548.175,17.5,16611799.32,290706488.2
03/06/2019 2:00,16181386.01,0,3046884.499,17.5,16181386.01,283174255.2
03/06/2019 3:00,15758328.53,0,5377789.93,17.5,15758328.53,275770749.3
03/06/2019 4:00,15295842.89,0,7084972.792,17.5,15295842.89,267677250.5
03/06/2019 5:00,14829688.32,363565.343,5610595.421,17.5,14829688.32,259519545.6
03/06/2019 6:00,14396925.66,5891503.86,2481015.26,17.5,14396925.66,251946199
03/06/2019 7:00,14045581.01,14892748.79,655475.343,17.5,14045581.01,245797667.7
03/06/2019 8:00,13749298.55,23490057.75,879731.62,17.5,13749298.55,240612724.6
03/06/2019 9:00,13553409.11,30096398.03,408027.639,17.5,13553409.11,237184659.3
03/06/2019 10:00,13402816.48,34562727.16,509774.936,17.5,13402816.48,234549288.3
03/06/2019 11:00,13324268.26,36475116.15,410048.812,17.5,13324268.26,233174694.5
03/06/2019 12:00,13456613.92,36859098.6,354027.561,17.5,13456613.92,235490743.5
03/06/2019 13:00,13856811.83,35212262.34,265391.695,17.5,13856811.83,242494207.1
03/06/2019 14:00,14285281.28,31517276.35,196349.946,17.5,14285281.28,249992422.3
03/06/2019 15:00,14685012.69,25593680.77,201434.809,17.5,14685012.69,256987722.1
03/06/2019 16:00,15238845.68,17750716.56,178369.259,17.5,15238845.68,266679799.5
03/06/2019 17:00,15892493.28,8914620.676,59463.479,17.5,15892493.28,278118632.4
03/06/2019 18:00,16510843.29,1802926.585,278456.17,17.5,16510843.29,288939757.6
03/06/2019 19:00,17050133.73,0,2001909.068,17.5,17050133.73,298377340.3
03/06/2019 20:00,17479119.18,0,7586202.101,17.5,17479119.18,305884585.7
03/06/2019 21:00,17728718.48,0,18457512.6,17.5,17728718.48,310252573.5
03/06/2019 22:00,17716740.24,0,26925069.99,17.5,17716740.24,310042954.1
03/06/2019 23:00,17533710.92,0,27479201.52,17.5,17533710.92,306839941.2
04/06/2019 0:00,17239954.28,0,23368252.86,17.5,17239954.28,301699200
04/06/2019 1:00,16900104.48,0,17855860.12,17.5,16900104.48,295751828.4
04/06/2019 2:00,16513185.95,0,13711383.77,17.5,16513185.95,288980754.1
04/06/2019 3:00,16124569.37,0,11735325.71,17.5,16124569.37,282179963.9
04/06/2019 4:00,15683241.2,0,11179829.29,17.5,15683241.2,274456721.1
04/06/2019 5:00,15226626.16,338281.076,9346971.283,17.5,15226626.16,266465957.8
04/06/2019 6:00,14795455.03,5614864.829,3867966.079,17.5,14795455.03,258920463
04/06/2019 7:00,14444652.72,14354938.62,947744.201,17.5,14444652.72,252781422.6
04/06/2019 8:00,14147190.97,23164695.19,13283.347,17.5,14147190.97,247575841.9
04/06/2019 9:00,13956866.62,30051049.48,425791.977,17.5,13956866.62,244245165.8
04/06/2019 10:00,13813402.54,33937347.17,1785174.524,17.5,13813402.54,241734544.5
04/06/2019 11:00,13749444.1,35120313.15,2835230.425,17.5,13749444.1,240615271.8
04/06/2019 12:00,13930412.52,35762451.03,4098705.436,17.5,13930412.52,243782219.2
04/06/2019 13:00,14429597.92,34875742.07,5797990.376,17.5,14429597.92,252517963.6
04/06/2019 14:00,14967438.96,30191211.06,6011873.431,17.5,14967438.96,261930181.8
04/06/2019 15:00,15474955.51,24687446.3,5748235.785,17.5,15474955.51,270811721.4
04/06/2019 16:00,16171119.49,17082354.33,5871510.534,17.5,16171119.49,282994591
04/06/2019 17:00,16991409.23,8691267.319,5773754.237,17.5,16991409.23,297349661.5
04/06/2019 18:00,17770777.82,1900201.492,4749873.639,17.5,17770777.82,310988611.9
04/06/2019 19:00,18453471.64,0,3501239.169,17.5,18453471.64,322935753.7
04/06/2019 20:00,18998939.51,0,3038316.963,17.5,18998939.51,332481441.4
04/06/2019 21:00,19320413.14,0,2684459.687,17.5,19320413.14,338107230
04/06/2019 22:00,19315271.98,0,2280353.931,17.5,19315271.98,338017259.7
04/06/2019 23:00,19094176.72,0,3707777.823,17.5,19094176.72,334148092.6
05/06/2019 0:00,18731766.87,0,7176360.568,17.5,18731766.87,327805920.3
05/06/2019 1:00,18308502.32,0,13374006.13,17.5,18308502.32,320398790.6
05/06/2019 2:00,17824275.5,0,17858604.73,17.5,17824275.5,311924821.3
05/06/2019 3:00,17335923.02,0,18552902.3,17.5,17335923.02,303378652.8
05/06/2019 4:00,16781992.07,0,19238370.23,17.5,16781992.07,293684861.2
05/06/2019 5:00,16209483.09,393391.934,19658593.62,17.5,16209483.09,283665954.1
05/06/2019 6:00,15668959.68,6066785.13,13521805.8,17.5,15668959.68,274206794.3
05/06/2019 7:00,15227496.55,15253378.86,9815372.979,17.5,15227496.55,266481189.5
05/06/2019 8:00,14852050.36,24092151.92,8126153.649,17.5,14852050.36,259910881.3
05/06/2019 9:00,14607124.53,30973678.34,4571118.929,17.5,14607124.53,255624679.3
05/06/2019 10:00,14419277,35663104.3,2240324.956,17.5,14419277,252337347.5
05/06/2019 11:00,14326999.53,37010517.99,1159790.759,17.5,14326999.53,250722491.8
05/06/2019 12:00,14525683.77,37253156.54,692379.834,17.5,14525683.77,254199466
05/06/2019 13:00,15097979.4,35396493.11,530260.025,17.5,15097979.4,264214639.4
05/06/2019 14:00,15709521.21,30182275.7,1141400.09,17.5,15709521.21,274916621.1
05/06/2019 15:00,16278802.3,24360820.03,4214137.921,17.5,16278802.3,284879040.3
05/06/2019 16:00,17061327.44,16705801.22,6647962.279,17.5,17061327.44,298573230.2
05/06/2019 17:00,17978945.64,8444461.416,9231003.503,17.5,17978945.64,314631548.8
05/06/2019 18:00,18839219.87,1836626.157,12840024.33,17.5,18839219.87,329686347.7
05/06/2019 19:00,19579008.25,0,19197689.87,17.5,19579008.25,342632644.3
05/06/2019 20:00,20153890.66,0,22101276.49,17.5,20153890.66,352693086.6
05/06/2019 21:00,20468063.45,0,24136969.79,17.5,20468063.45,358191110.3
05/06/2019 22:00,20409973.82,0,27461350,17.5,20409973.82,357174541.9
05/06/2019 23:00,20109849.46,0,32160789.91,17.5,20109849.46,351922365.5
06/06/2019 0:00,19654981.17,0,36961407.87,17.5,19654981.17,343962170.4
06/06/2019 1:00,19137264.15,0,39377169.04,17.5,19137264.15,334902122.6
06/06/2019 2:00,18557697.47,0,37863956.26,17.5,18557697.47,324759705.7
06/06/2019 3:00,17979760.5,0,34035326.01,17.5,17979760.5,314645808.7
06/06/2019 4:00,17336384.25,0,29296233.43,17.5,17336384.25,303386724.4
06/06/2019 5:00,16679706.94,378540.624,24677651.03,17.5,16679706.94,291894871.5
06/06/2019 6:00,16064605.44,5904169.072,14031087.65,17.5,16064605.44,281130595.3
06/06/2019 7:00,15562536.44,14917173.98,7018385.425,17.5,15562536.44,272344387.7
06/06/2019 8:00,15136409.25,23634191.88,2717301.971,17.5,15136409.25,264887161.8
06/06/2019 9:00,14853686.79,30785041.45,1323917.748,17.5,14853686.79,259939518.7
06/06/2019 10:00,14634448.13,35763682.52,1238181.583,17.5,14634448.13,256102842.2
06/06/2019 11:00,14518300.93,38500806.53,1176895.928,17.5,14518300.93,254070266.3
06/06/2019 12:00,14708643.38,38994062.18,892209.644,17.5,14708643.38,257401259.2
06/06/2019 13:00,15287432.86,37351025.14,691208.825,17.5,15287432.86,267530075.1
06/06/2019 14:00,15902050.49,33171565.3,680665.944,17.5,15902050.49,278285883.5
06/06/2019 15:00,16467926.06,27152856.79,978404.741,17.5,16467926.06,288188706.1
06/06/2019 16:00,17249049.26,19113217.16,1494392.007,17.5,17249049.26,301858362
06/06/2019 17:00,18162817.22,9916446.251,2352292.831,17.5,18162817.22,317849301.4
06/06/2019 18:00,19011408.24,2127626.532,4167317.427,17.5,19011408.24,332699644.2
06/06/2019 19:00,19731657.02,0,8168442.395,17.5,19731657.02,345303997.8
06/06/2019 20:00,20280252.68,0,10589834.9,17.5,20280252.68,354904422
06/06/2019 21:00,20562524.49,0,10444401.78,17.5,20562524.49,359844178.6
06/06/2019 22:00,20469200.29,0,10342063.84,17.5,20469200.29,358211005.1
06/06/2019 23:00,20134756.38,0,11183428.61,17.5,20134756.38,352358236.6
07/06/2019 0:00,19648776.17,0,12795296.06,17.5,19648776.17,343853583
07/06/2019 1:00,19104131.38,0,14104708.36,17.5,19104131.38,334322299.1
07/06/2019 2:00,18502209.79,0,11446486.03,17.5,18502209.79,323788671.3
07/06/2019 3:00,17906207.63,0,6093547.749,17.5,17906207.63,313358633.6
07/06/2019 4:00,17249724.66,0,2567522.196,17.5,17249724.66,301870181.6
07/06/2019 5:00,16584452.81,374626.973,1760993.955,17.5,16584452.81,290227924.2
07/06/2019 6:00,15964155.9,5627437.73,1522654.868,17.5,15964155.9,279372728.3
07/06/2019 7:00,15458227.33,14210421.68,894728.047,17.5,15458227.33,270518978.3
07/06/2019 8:00,15029419.77,22638367.68,62627.38,17.5,15029419.77,263014845.9
07/06/2019 9:00,14742648.6,29482824.64,386266.69,17.5,14742648.6,257996350.5
07/06/2019 10:00,14519149.14,34224655.17,958289.945,17.5,14519149.14,254085109.9
07/06/2019 11:00,14396697.68,37079625.87,1282573.696,17.5,14396697.68,251942209.4
07/06/2019 12:00,14570749.1,37461850.43,1473837.153,17.5,14570749.1,254988109.3
07/06/2019 13:00,15117821.69,35741652.83,1595360.172,17.5,15117821.69,264561879.5
07/06/2019 14:00,15696450.16,31525077.13,1481274.992,17.5,15696450.16,274687877.8
07/06/2019 15:00,16225388.34,25559229.25,1489495.08,17.5,16225388.34,283944296
07/06/2019 16:00,16957102.3,17747251.69,1807527.267,17.5,16957102.3,296749290.3
07/06/2019 17:00,17811275.77,9096857.021,2574439.436,17.5,17811275.77,311697326
07/06/2019 18:00,18598969.1,2007852.948,4642623.368,17.5,18598969.1,325481959.3
07/06/2019 19:00,19260909.75,0,9781732.93,17.5,19260909.75,337065920.7
07/06/2019 20:00,19757267.88,0,18123895.65,17.5,19757267.88,345752187.9
07/06/2019 21:00,20000242.76,0,26890377.24,17.5,20000242.76,350004248.3
07/06/2019 22:00,19889192.85,0,33859294.78,17.5,19889192.85,348060874.8
07/06/2019 23:00,19553035.09,0,38340606.69,17.5,19553035.09,342178114
08/06/2019 0:00,19077317.2,0,40510992.06,17.5,19077317.2,333853051
08/06/2019 1:00,18549767.6,0,41514622.93,17.5,18549767.6,324620933
08/06/2019 2:00,17972011.88,0,40945796.44,17.5,17972011.88,314510207.9
08/06/2019 3:00,17403061.91,0,39579400.86,17.5,17403061.91,304553583.4
08/06/2019 4:00,16781158.15,0,36967128.18,17.5,16781158.15,293670267.6
08/06/2019 5:00,16154320.48,374035.863,32643576.53,17.5,16154320.48,282700608.4
08/06/2019 6:00,15572091.04,5587279.207,19557269.67,17.5,15572091.04,272511593.2
08/06/2019 7:00,15098113.3,14196275.83,8907515.638,17.5,15098113.3,264216982.8
08/06/2019 8:00,14697383.15,22680114.34,17016983.85,17.5,14697383.15,257204205.1
08/06/2019 9:00,14429261.65,29483993.34,18121500.06,17.5,14429261.65,252512078.9
08/06/2019 10:00,14220732.73,34226430.98,12287884.2,17.5,14220732.73,248862822.8
08/06/2019 11:00,14106330.17,36747814.52,7273948.552,17.5,14106330.17,246860777.9
08/06/2019 12:00,14265692.34,37168797.16,4685040.351,17.5,14265692.34,249649616
08/06/2019 13:00,14769232.86,35538829.49,3358958.59,17.5,14769232.86,258461575.1
08/06/2019 14:00,15303282.45,31888515.71,2349197.796,17.5,15303282.45,267807442.9
08/06/2019 15:00,15793636.82,26041162.29,1339448.374,17.5,15793636.82,276388644.3
08/06/2019 16:00,16473550.78,18278915.52,838855.501,17.5,16473550.78,288287138.7
08/06/2019 17:00,17270290.69,9492427.855,1164316.44,17.5,17270290.69,302230087
08/06/2019 18:00,18010513.97,2119438.586,1765224.664,17.5,18010513.97,315183994.5
08/06/2019 19:00,18639506.12,0,4501985.784,17.5,18639506.12,326191357.1
08/06/2019 20:00,19119772.13,0,11664791.66,17.5,19119772.13,334596012.2
08/06/2019 21:00,19368415.11,0,18964891.56,17.5,19368415.11,338947264.4
08/06/2019 22:00,19289297.53,0,24833654.62,17.5,19289297.53,337562706.7
08/06/2019 23:00,18999959.6,0,27494645.97,17.5,18999959.6,332499293
09/06/2019 0:00,18578404.19,0,26968767.67,17.5,18578404.19,325122073.3
09/06/2019 1:00,18105647.25,0,22883424.91,17.5,18105647.25,316848826.9
09/06/2019 2:00,17582343.81,0,16292040.81,17.5,17582343.81,307691016.6
09/06/2019 3:00,17063715.7,0,15359341.56,17.5,17063715.7,298615024.7
09/06/2019 4:00,16490825.45,0,15570958.45,17.5,16490825.45,288589445.4
09/06/2019 5:00,15908955.69,426134.929,14449443.85,17.5,15908955.69,278406724.6
09/06/2019 6:00,15365488.7,6152886.257,10747899.08,17.5,15365488.7,268896052.3
09/06/2019 7:00,14921926.3,15334193.1,11420380.43,17.5,14921926.3,261133710.2
09/06/2019 8:00,14545494.89,24106622.52,8904755.628,17.5,14545494.89,254546160.6
09/06/2019 9:00,14293969.87,30879158.59,6538875.512,17.5,14293969.87,250144472.6
09/06/2019 10:00,14097689.79,35456892.96,4250035.92,17.5,14097689.79,246709571.3
09/06/2019 11:00,13990295.79,36855499.35,2942648.646,17.5,13990295.79,244830176.3
09/06/2019 12:00,14145487.96,37232063.62,2877011.442,17.5,14145487.96,247546039.3
09/06/2019 13:00,14631125.69,35534065.29,2421804.047,17.5,14631125.69,256044699.6
09/06/2019 14:00,15143338.66,30971757.02,1225230.661,17.5,15143338.66,265008426.5
09/06/2019 15:00,15609340.89,25100220.27,439838.509,17.5,15609340.89,273163465.6
09/06/2019 16:00,16252290.25,17446142.44,587594.733,17.5,16252290.25,284415079.4
09/06/2019 17:00,16999502.64,8987454.361,793575.14,17.5,16999502.64,297491296.2
09/06/2019 18:00,17682441.37,2022040.605,1058409.438,17.5,17682441.37,309442724
09/06/2019 19:00,18248429.3,0,2145908.422,17.5,18248429.3,319347512.7
09/06/2019 20:00,18662756.33,0,3057774.457,17.5,18662756.33,326598235.8
09/06/2019 21:00,18849517.98,0,4139834.88,17.5,18849517.98,329866564.6
09/06/2019 22:00,18723105.39,0,5915222.304,17.5,18723105.39,327654344.3
09/06/2019 23:00,18399251.29,0,8376020.593,17.5,18399251.29,321986897.6
10/06/2019 0:00,17954812.45,0,11850224.1,17.5,17954812.45,314209217.9
10/06/2019 1:00,17467480.47,0,15763367.34,17.5,17467480.47,305680908.2
10/06/2019 2:00,16939842.06,0,19222011.34,17.5,16939842.06,296447236.1
10/06/2019 3:00,16423374.11,0,21330898.06,17.5,16423374.11,287409046.9
10/06/2019 4:00,15866066.31,0,20894556.06,17.5,15866066.31,277656160.5
10/06/2019 5:00,15309572.43,429780.453,18350935.72,17.5,15309572.43,267917517.5
10/06/2019 6:00,14795876.76,6112135.378,12433704.07,17.5,14795876.76,258927843.3
10/06/2019 7:00,14377706.18,15227271.48,5726834.02,17.5,14377706.18,251609858.1
10/06/2019 8:00,14024697,23891807.45,8125453.812,17.5,14024697,245432197.5
10/06/2019 9:00,13784881.2,30613469.69,11261691.36,17.5,13784881.2,241235420.9
10/06/2019 10:00,13596626.24,35173748.62,9778306.564,17.5,13596626.24,237940959.1
10/06/2019 11:00,13487317.2,37190315.87,7515350.079,17.5,13487317.2,236028051.1
10/06/2019 12:00,13601321.23,37531823.74,5776023.493,17.5,13601321.23,238023121.4
10/06/2019 13:00,13991876.43,35820477.53,4551404.213,17.5,13991876.43,244857837.5
10/06/2019 14:00,14403336.4,31649532.12,3061275.276,17.5,14403336.4,252058387
10/06/2019 15:00,14776599.13,25709227.52,2159115.5,17.5,14776599.13,258590484.7
10/06/2019 16:00,15297978.85,17888944.77,2584664.663,17.5,15297978.85,267714629.9
10/06/2019 17:00,15908635.46,9176908.288,4247095.242,17.5,15908635.46,278401120.5
10/06/2019 18:00,16471810.58,2051618.387,10204393.3,17.5,16471810.58,288256685.1
10/06/2019 19:00,16946076.96,0,27842356.75,17.5,16946076.96,296556346.8
10/06/2019 20:00,17303938.34,0,43284323.46,17.5,17303938.34,302818921
10/06/2019 21:00,17482531.43,0,47450841.11,17.5,17482531.43,305944299.9
10/06/2019 22:00,17408785.02,0,47760917.87,17.5,17408785.02,304653737.9
10/06/2019 23:00,17175718.38,0,46664732.11,17.5,17175718.38,300575071.7
11/06/2019 0:00,16844406.41,0,44955206.14,17.5,16844406.41,294777112.2
11/06/2019 1:00,16477628.42,0,45030580.22,17.5,16477628.42,288358497.4
11/06/2019 2:00,16075288.44,0,45448992.63,17.5,16075288.44,281317547.6
11/06/2019 3:00,15679644.07,0,44805534.52,17.5,15679644.07,274393771.2
11/06/2019 4:00,15243831.63,0,42220747.87,17.5,15243831.63,266767053.5
11/06/2019 5:00,14802137.63,426851.594,37340685.27,17.5,14802137.63,259037408.4
11/06/2019 6:00,14390826.55,5918900.636,23586249.55,17.5,14390826.55,251839464.6
11/06/2019 7:00,14058012.7,14723132.25,16076000.52,17.5,14058012.7,246015222.3
11/06/2019 8:00,13777943.83,23316781.34,11383441.07,17.5,13777943.83,241114017
11/06/2019 9:00,13597234.29,30042763.19,13826228.14,17.5,13597234.29,237951600
11/06/2019 10:00,13461141.46,34541242.08,18164103.21,17.5,13461141.46,235569975.5
11/06/2019 11:00,13397837.27,36690545.43,23501740.06,17.5,13397837.27,234462152.2
11/06/2019 12:00,13552387.79,36935321.9,30127833.4,17.5,13552387.79,237166786.2
11/06/2019 13:00,13988460.18,35143865.4,36671298.2,17.5,13988460.18,244798053.1
11/06/2019 14:00,14460264.07,29946927.88,39784895.63,17.5,14460264.07,253054621.2
11/06/2019 15:00,14908162.13,23916895.33,41740732.83,17.5,14908162.13,260892837.2
11/06/2019 16:00,15526042.1,16456511.92,43496510.1,17.5,15526042.1,271705736.7
11/06/2019 17:00,16258973.63,8512943.139,43820077.94,17.5,16258973.63,284532038.6
11/06/2019 18:00,16963180.75,1971014.916,43319538.98,17.5,16963180.75,296855663.1
11/06/2019 19:00,17590024.2,0,44971130.58,17.5,17590024.2,307825423.6
11/06/2019 20:00,18103231.43,0,46551473.96,17.5,18103231.43,316806550.1
11/06/2019 21:00,18424030.69,0,47265831.92,17.5,18424030.69,322420537.1
11/06/2019 22:00,18457358.32,0,47222129.19,17.5,18457358.32,323003770.5
11/06/2019 23:00,18298477.58,0,46729392.94,17.5,18298477.58,320223357.7
12/06/2019 0:00,18011488.34,0,45139545.05,17.5,18011488.34,315201046
12/06/2019 1:00,17667099.42,0,42062526.94,17.5,17667099.42,309174239.8
12/06/2019 2:00,17263538.58,0,42637478.81,17.5,17263538.58,302111925.1
12/06/2019 3:00,16851796.83,0,46913235.75,17.5,16851796.83,294906444.4
12/06/2019 4:00,16373985.91,0,47277968.61,17.5,16373985.91,286544753.3
12/06/2019 5:00,15872606.86,423217.902,46629995.28,17.5,15872606.86,277770620.1
12/06/2019 6:00,15394735.8,5989038.077,46868974.49,17.5,15394735.8,269407876.4
12/06/2019 7:00,15004436.9,15079795.5,47864469.6,17.5,15004436.9,262577645.8
12/06/2019 8:00,14671743.91,23954393.16,44766419.53,17.5,14671743.91,256755518.4
12/06/2019 9:00,14459765.77,30970364.62,38371247.91,17.5,14459765.77,253045901
12/06/2019 10:00,14299644.24,35778476.53,32437694.52,17.5,14299644.24,250243774.2
12/06/2019 11:00,14229724.03,36165597.88,28436251.87,17.5,14229724.03,249020170.6
12/06/2019 12:00,14442548.29,37090760.64,24834563.77,17.5,14442548.29,252744595
12/06/2019 13:00,15023582.16,35857267.17,20781947.66,17.5,15023582.16,262912687.7
12/06/2019 14:00,15647513.71,31916233.19,17501737.76,17.5,15647513.71,273831489.9
12/06/2019 15:00,16233282.48,26196744.97,15748786.05,17.5,16233282.48,284082443.4
12/06/2019 16:00,17033924.76,18517515.96,14921554.07,17.5,17033924.76,298093683.4
12/06/2019 17:00,17972684.78,9737446.488,15136422.33,17.5,17972684.78,314521983.7
12/06/2019 18:00,18856747.71,2246658.249,17628021.91,17.5,18856747.71,329993085
12/06/2019 19:00,19621119.77,0,23585409.93,17.5,19621119.77,343369595.9
12/06/2019 20:00,20219399.12,0,24285519.32,17.5,20219399.12,353839484.6
12/06/2019 21:00,20553363.23,0,21480973.49,17.5,20553363.23,359683856.5
12/06/2019 22:00,20508760.26,0,17229716.7,17.5,20508760.26,358903304.6
12/06/2019 23:00,20215922.63,0,13209186.27,17.5,20215922.63,353778646
13/06/2019 0:00,19762889.43,0,10877083.69,17.5,19762889.43,345850565.1
13/06/2019 1:00,19242953.3,0,9998139.466,17.5,19242953.3,336751682.8
13/06/2019 2:00,18657653.98,0,10990060.11,17.5,18657653.98,326508944.6
13/06/2019 3:00,18071865.25,0,13320936.92,17.5,18071865.25,316257641.9
13/06/2019 4:00,17418267.24,0,14102642.15,17.5,17418267.24,304819676.7
13/06/2019 5:00,16750260.33,463350.514,13249981.86,17.5,16750260.33,293129555.7
13/06/2019 6:00,16123891.33,6445312.349,8123212.206,17.5,16123891.33,282168098.3
13/06/2019 7:00,15611728.74,16128480.5,3194901.604,17.5,15611728.74,273205253
13/06/2019 8:00,15176389.94,25121758,2155491.059,17.5,15176389.94,265586824
13/06/2019 9:00,14885909.56,31988504.4,1465920.166,17.5,14885909.56,260503417.3
13/06/2019 10:00,14659503.86,36664694.89,711380.979,17.5,14659503.86,256541317.5
13/06/2019 11:00,14536866,38768225.78,165689.054,17.5,14536866,254395155.1
13/06/2019 12:00,14721699.24,39100223.95,22646.798,17.5,14721699.24,257629736.7
13/06/2019 13:00,15294602.71,37326650.11,13342.028,17.5,15294602.71,267655547.4
13/06/2019 14:00,15900961.11,32200407.82,24659.42,17.5,15900961.11,278266819.4
13/06/2019 15:00,16456150.34,26155679.77,180449.402,17.5,16456150.34,287982630.9
13/06/2019 16:00,17223393.35,18206408.64,940433.389,17.5,17223393.35,301409383.7
13/06/2019 17:00,18119386.62,9378233.079,2000747.425,17.5,18119386.62,317089265.9
13/06/2019 18:00,18947145.01,2132929.908,3659539.405,17.5,18947145.01,331575037.6
13/06/2019 19:00,19644478.92,0,5513367.623,17.5,19644478.92,343778381.1
13/06/2019 20:00,20169300.07,0,4904566.307,17.5,20169300.07,352962751.1
13/06/2019 21:00,20429186,0,2737442.025,17.5,20429186,357510755.1
13/06/2019 22:00,20318100.64,0,1003819.629,17.5,20318100.64,355566761.2
13/06/2019 23:00,19970356.65,0,245680.528,17.5,19970356.65,349481241.3
14/06/2019 0:00,19475213.81,0,93505.584,17.5,19475213.81,340816241.7
14/06/2019 1:00,18924458.85,0,122030.364,17.5,18924458.85,331178029.8
14/06/2019 2:00,18319814.12,0,166493.565,17.5,18319814.12,320596747.1
14/06/2019 3:00,17723226.47,0,234760.957,17.5,17723226.47,310156463.2
14/06/2019 4:00,17070125.56,0,424323.172,17.5,17070125.56,298727197.2
14/06/2019 5:00,16411069.79,415238.175,758084.426,17.5,16411069.79,287193721.3
14/06/2019 6:00,15798205.66,5492661.428,934787.923,17.5,15798205.66,276468599
14/06/2019 7:00,15298319.3,13722650.05,1117861.833,17.5,15298319.3,267720587.7
14/06/2019 8:00,14874807.75,21998285.72,2913782.706,17.5,14874807.75,260309135.7
14/06/2019 9:00,14589618.86,28810172.34,2922592.478,17.5,14589618.86,255318330
14/06/2019 10:00,14366271.55,33590151.04,2372652.705,17.5,14366271.55,251409752.1
14/06/2019 11:00,14240507.54,36257932.27,1774835.895,17.5,14240507.54,249208881.9
14/06/2019 12:00,14398248.88,36645983.64,1230524.359,17.5,14398248.88,251969355.5
14/06/2019 13:00,14910276.22,34935512.51,881498.363,17.5,14910276.22,260929833.9
14/06/2019 14:00,15449490.37,30684673.71,847732.032,17.5,15449490.37,270366081.5
14/06/2019 15:00,15938597.92,24584265.42,1535229.63,17.5,15938597.92,278925463.6
14/06/2019 16:00,16616465.55,16675586.98,3582334.39,17.5,16616465.55,290788147.2
14/06/2019 17:00,17405763.37,8286589.965,8112046.181,17.5,17405763.37,304600858.9
14/06/2019 18:00,18127854.01,1827344.985,15438437.05,17.5,18127854.01,317237445.2
14/06/2019 19:00,18727713.97,0,27155325.84,17.5,18727713.97,327734994.5
14/06/2019 20:00,19169218.73,0,38476743.38,17.5,19169218.73,335461327.7
14/06/2019 21:00,19372003.88,0,43107746.75,17.5,19372003.88,339010068
14/06/2019 22:00,19244718.65,0,44177831.03,17.5,19244718.65,336782576.3
14/06/2019 23:00,18909784.81,0,44660301.26,17.5,18909784.81,330921234.1
15/06/2019 0:00,18448130.16,0,44765158.39,17.5,18448130.16,322842277.8
15/06/2019 1:00,17941749,0,44393219.17,17.5,17941749,313980607.6
15/06/2019 2:00,17392532.55,0,43243644.22,17.5,17392532.55,304369319.6
15/06/2019 3:00,16854922.75,0,41407499.6,17.5,16854922.75,294961148.2
15/06/2019 4:00,16272232.56,0,39529462.07,17.5,16272232.56,284764069.7
15/06/2019 5:00,15688495.7,421273.981,36961965.43,17.5,15688495.7,274548674.7
15/06/2019 6:00,15148696.31,5707228.726,29184257.63,17.5,15148696.31,265102185.4
15/06/2019 7:00,14710323.1,14187784.02,32780849,17.5,14710323.1,257430654.2
15/06/2019 8:00,14340859.02,22558779.89,31057356.32,17.5,14340859.02,250965032.9
15/06/2019 9:00,14093772.65,29654872.16,26442520.46,17.5,14093772.65,246641021.4
15/06/2019 10:00,13902284.84,34479624.26,22659106.26,17.5,13902284.84,243289984.7
15/06/2019 11:00,13797531.1,36825268.18,21158686.2,17.5,13797531.1,241456794.3
15/06/2019 12:00,13942482.97,37308513.23,22182276.86,17.5,13942482.97,243993451.9
15/06/2019 13:00,14401427.13,35583322.84,24131467.79,17.5,14401427.13,252024974.8
15/06/2019 14:00,14890358.55,31228303.52,24132260.8,17.5,14890358.55,260581274.7
15/06/2019 15:00,15342562.49,25316318.11,25378815,17.5,15342562.49,268494843.6
15/06/2019 16:00,15971376.99,17601339.19,31211370.96,17.5,15971376.99,279499097.3
15/06/2019 17:00,16712342.82,9096888.549,39499572.57,17.5,16712342.82,292465999.3
15/06/2019 18:00,17408512.76,2094205.712,44039604.28,17.5,17408512.76,304648973.3
15/06/2019 19:00,18010032.21,0,44726003.03,17.5,18010032.21,315175563.7
15/06/2019 20:00,18481898.06,0,45192950.24,17.5,18481898.06,323433216
15/06/2019 21:00,18746034.13,0,46179431.28,17.5,18746034.13,328055597.3
15/06/2019 22:00,18710147.58,0,46547427.37,17.5,18710147.58,327427582.7
15/06/2019 23:00,18479734.79,0,44956224.5,17.5,18479734.79,323395358.9
16/06/2019 0:00,18124765.52,0,40308001.52,17.5,18124765.52,317183396.6
16/06/2019 1:00,17719353.85,0,30074847.54,17.5,17719353.85,310088692.3
16/06/2019 2:00,17262679.9,0,12251993.86,17.5,17262679.9,302096898.3
16/06/2019 3:00,16806223.52,0,8134504.626,17.5,16806223.52,294108911.6
16/06/2019 4:00,16292622.94,0,13612390.91,17.5,16292622.94,285120901.4
16/06/2019 5:00,15764320.48,424341.105,15445964.02,17.5,15764320.48,275875608.4
16/06/2019 6:00,15267018.4,5670801.254,11462983.18,17.5,15267018.4,267172822
16/06/2019 7:00,14861670.14,14076439.15,8999645.377,17.5,14861670.14,260079227.4
16/06/2019 8:00,14517490.72,22525079.84,5152657.493,17.5,14517490.72,254056087.6
16/06/2019 9:00,14293409.1,29486832.33,2885208.738,17.5,14293409.1,250134659.3
16/06/2019 10:00,14121806.39,34272118.76,1619905.47,17.5,14121806.39,247131611.8
16/06/2019 11:00,14037906.87,36461943.75,774860.405,17.5,14037906.87,245663370.2
16/06/2019 12:00,14221216.45,36828750.13,340138.326,17.5,14221216.45,248871287.9
16/06/2019 13:00,14747658.44,35045918.96,172034.558,17.5,14747658.44,258084022.7
16/06/2019 14:00,15309602.02,31802006.82,150056.765,17.5,15309602.02,267918035.3
16/06/2019 15:00,15831642.31,25810865.13,459221.525,17.5,15831642.31,277053740.4
16/06/2019 16:00,16547926.28,18130668.74,989197.186,17.5,16547926.28,289588709.8
16/06/2019 17:00,17385601.06,9596047.933,1474424.157,17.5,17385601.06,304248018.6
16/06/2019 18:00,18166988.7,2284554.269,1750574.329,17.5,18166988.7,317922302.3
16/06/2019 19:00,18833941.23,0,2234128.957,17.5,18833941.23,329593971.5
16/06/2019 20:00,19346129.39,0,1617229.209,17.5,19346129.39,338557264.4
16/06/2019 21:00,19616896.72,0,847593.486,17.5,19616896.72,343295692.6
16/06/2019 22:00,19546225.78,0,950470.181,17.5,19546225.78,342058951.2
16/06/2019 23:00,19254861.95,0,4759747.272,17.5,19254861.95,336960084.1
17/06/2019 0:00,18823781.91,0,12925518.42,17.5,18823781.91,329416183.5
17/06/2019 1:00,18337458.12,0,22883795.53,17.5,18337458.12,320905517.1
17/06/2019 2:00,17797510.59,0,27461350,17.5,17797510.59,311456435.3
17/06/2019 3:00,17261734.16,0,27155275.7,17.5,17261734.16,302080347.8
17/06/2019 4:00,16670010.43,0,25533963.43,17.5,16670010.43,291725182.6
17/06/2019 5:00,16069527.52,435142.538,22111247.4,17.5,16069527.52,281216731.6
17/06/2019 6:00,15509435.87,5737982.442,18351033.2,17.5,15509435.87,271415127.8
17/06/2019 7:00,15053293.1,14248131.88,22735088.18,17.5,15053293.1,263432629.3
17/06/2019 8:00,14667377.86,22766231.51,19256837.7,17.5,14667377.86,256679112.6
17/06/2019 9:00,14411454.48,29677484.07,16388695.61,17.5,14411454.48,252200453.5
17/06/2019 10:00,14213823.56,34421462.63,16053587.95,17.5,14213823.56,248741912.3
17/06/2019 11:00,14109619.6,36794490.76,17285901.96,17.5,14109619.6,246918342.9
17/06/2019 12:00,14280131.85,37140970.19,19865122.1,17.5,14280131.85,249902307.4
17/06/2019 13:00,14799082.58,35407970.77,23741115.16,17.5,14799082.58,258983945.2
17/06/2019 14:00,15353237.53,31409275.16,28599903.05,17.5,15353237.53,268681656.7
17/06/2019 15:00,15868149.84,25528408.55,34317372.81,17.5,15868149.84,277692622.2
17/06/2019 16:00,16581543.2,17842345.14,39972573.84,17.5,16581543.2,290177006.1
17/06/2019 17:00,17422130.89,9314507.754,44571616.36,17.5,17422130.89,304887290.6
17/06/2019 18:00,18214219.74,2185671.865,46826887.37,17.5,18214219.74,318748845.4
17/06/2019 19:00,18901270.1,0,47458057.57,17.5,18901270.1,330772226.8
17/06/2019 20:00,19443270.85,0,47686557.63,17.5,19443270.85,340257239.8
17/06/2019 21:00,19751684.85,0,48512670.35,17.5,19751684.85,345654484.9
17/06/2019 22:00,19721694.17,0,48490898.46,17.5,19721694.17,345129648
17/06/2019 23:00,19471405.54,0,47865769.46,17.5,19471405.54,340749596.9
18/06/2019 0:00,19079403.54,0,46705454.05,17.5,19079403.54,333889561.9
18/06/2019 1:00,18629321.07,0,44725402.29,17.5,18629321.07,326013118.8
18/06/2019 2:00,18120274.25,0,39618994.64,17.5,18120274.25,317104799.4
18/06/2019 3:00,17610593.26,0,36700868.39,17.5,17610593.26,308185382
18/06/2019 4:00,17035335.4,0,37850854.21,17.5,17035335.4,298118369.6
18/06/2019 5:00,16442541.72,440338.189,36130567.42,17.5,16442541.72,287744480.1
18/06/2019 6:00,15884104.73,5687007.291,33285480.44,17.5,15884104.73,277971832.7
18/06/2019 7:00,15429502.9,14061903.24,36552645.79,17.5,15429502.9,270016300.7
18/06/2019 8:00,15043988.31,22069326.89,35431026.85,17.5,15043988.31,263269795.4
18/06/2019 9:00,14795097.57,29374541.23,33844904.34,17.5,14795097.57,258914207.5
18/06/2019 10:00,14606101,34188459.33,30883973.79,17.5,14606101,255606767.4
18/06/2019 11:00,14517685.04,36884096.2,27155262.49,17.5,14517685.04,254059488.2
18/06/2019 12:00,14736727.05,37142295.55,22181048.29,17.5,14736727.05,257892723.4
18/06/2019 13:00,15352987.8,35061432.05,16797289.26,17.5,15352987.8,268677286.6
18/06/2019 14:00,16014683.78,30348519.87,11560826.55,17.5,16014683.78,280256966.2
18/06/2019 15:00,16635474.36,24087914.6,8208644.709,17.5,16635474.36,291120801.3
18/06/2019 16:00,17487803.55,16543204.29,6704063.363,17.5,17487803.55,306036562.2
18/06/2019 17:00,18489948.76,8427225.001,6415788.409,17.5,18489948.76,323574103.2
18/06/2019 18:00,19436473.31,1953381.548,7102546.626,17.5,19436473.31,340138282.9
18/06/2019 19:00,20258777.51,0,8126048.351,17.5,20258777.51,354528606.4
18/06/2019 20:00,20907660.09,0,10112883.09,17.5,20907660.09,365884051.6
18/06/2019 21:00,21277642.78,0,12988895.61,17.5,21277642.78,372358748.6
18/06/2019 22:00,21244933.9,0,16216265.41,17.5,21244933.9,371786343.3
18/06/2019 23:00,20947816.93,0,17420924.95,17.5,20947816.93,366586796.2
19/06/2019 0:00,20479345.15,0,16324026.52,17.5,20479345.15,358388540.2
19/06/2019 1:00,19938743.87,0,14345284.67,17.5,19938743.87,348928017.6
19/06/2019 2:00,19326538.5,0,10688704.24,17.5,19326538.5,338214423.7
19/06/2019 3:00,18712134.1,0,7942706.293,17.5,18712134.1,327462346.7
19/06/2019 4:00,18021548.69,0,7145752.05,17.5,18021548.69,315377102
19/06/2019 5:00,17312065.34,417372.445,6825755.53,17.5,17312065.34,302961143.4
19/06/2019 6:00,16644599.27,5511218.298,4933811.978,17.5,16644599.27,291280487.2
19/06/2019 7:00,16099066.13,13786570.26,5480662.085,17.5,16099066.13,281733657.3
19/06/2019 8:00,15635103.4,22388603.57,4420759.139,17.5,15635103.4,273614309.5
19/06/2019 9:00,15328645.14,29569289.71,4188804.5,17.5,15328645.14,268251290
19/06/2019 10:00,15091315.86,34531863.62,3967814.018,17.5,15091315.86,264098027.6
19/06/2019 11:00,14967890.68,37420834.81,3876852.68,17.5,14967890.68,261938086.9
19/06/2019 12:00,15186950.45,37929019.11,4128475.385,17.5,15186950.45,265771632.8
19/06/2019 13:00,15841693.59,36217781.87,4450408.301,17.5,15841693.59,277229637.8
19/06/2019 14:00,16537005.28,32122299.73,4525130.873,17.5,16537005.28,289397592.4
19/06/2019 15:00,17177403.33,26132090.91,4744492.41,17.5,17177403.33,300604558.3
19/06/2019 16:00,18059211.23,18287534,5472419.507,17.5,18059211.23,316036196.5
19/06/2019 17:00,19089126.89,9582793.149,7227279.596,17.5,19089126.89,334059720.5
19/06/2019 18:00,20043864.96,2268952.165,10822186.79,17.5,20043864.96,350767636.9
19/06/2019 19:00,20851866.78,0,17679227.92,17.5,20851866.78,364907668.6
19/06/2019 20:00,21464270.89,0,25287610.3,17.5,21464270.89,375624740.6
19/06/2019 21:00,21774877.28,0,30943299.93,17.5,21774877.28,381060352.4
19/06/2019 22:00,21661685.35,0,33873814.25,17.5,21661685.35,379079493.6
19/06/2019 23:00,21276860.23,0,34889277.12,17.5,21276860.23,372345054
20/06/2019 0:00,20721921.37,0,34753291.98,17.5,20721921.37,362633623.9
20/06/2019 1:00,20101754.48,0,33899319.62,17.5,20101754.48,351780703.3
20/06/2019 2:00,19418476.99,0,31632161.04,17.5,19418476.99,339823347.4
20/06/2019 3:00,18743195.94,0,29334270.78,17.5,18743195.94,328005928.9
20/06/2019 4:00,18002022.48,0,28145995.77,17.5,18002022.48,315035393.4
20/06/2019 5:00,17252933.87,425547.67,24606796.79,17.5,17252933.87,301926342.8
20/06/2019 6:00,16555906.42,5501752.48,15938221.92,17.5,16555906.42,289728362.4
20/06/2019 7:00,15988004.65,13762019.71,20482630.81,17.5,15988004.65,279790081.4
20/06/2019 8:00,15507447.97,22056101.59,23825096.99,17.5,15507447.97,271380339.4
20/06/2019 9:00,15186131.48,29078823.01,20686411.16,17.5,15186131.48,265757300.8
20/06/2019 10:00,14936264.73,33905299.31,17826747.85,17.5,14936264.73,261384632.7
20/06/2019 11:00,14799708.93,36883807.64,15916502.77,17.5,14799708.93,258994906.3
20/06/2019 12:00,14993602.72,37279848.92,14802521.36,17.5,14993602.72,262388047.6
20/06/2019 13:00,15603421.32,35567449.7,14417894.97,17.5,15603421.32,273059873
20/06/2019 14:00,16250603.87,30599148.96,13519522.77,17.5,16250603.87,284385567.7
20/06/2019 15:00,16845585.86,24655397.75,12752419.75,17.5,16845585.86,294797752.6
20/06/2019 16:00,17670564.4,17064927.89,13257689.41,17.5,17670564.4,309234877
20/06/2019 17:00,18638028.2,8858537.786,14917622.2,17.5,18638028.2,326165493.4
20/06/2019 18:00,19538571.64,2075685.934,19177535.63,17.5,19538571.64,341925003.8
20/06/2019 19:00,20306048.12,0,27994187.04,17.5,20306048.12,355355842.1
20/06/2019 20:00,20894986.61,0,35377301.77,17.5,20894986.61,365662265.6
20/06/2019 21:00,21204643.73,0,39014118.75,17.5,21204643.73,371081265.3
20/06/2019 22:00,21117760.23,0,39969200.35,17.5,21117760.23,369560804.1
20/06/2019 23:00,20776210.37,0,37971249.5,17.5,20776210.37,363583681.4
21/06/2019 0:00,20274130.11,0,31233724.3,17.5,20274130.11,354797276.9
21/06/2019 1:00,19709588.65,0,21198735.76,17.5,19709588.65,344917801.4
21/06/2019 2:00,19083022.08,0,12283812.61,17.5,19083022.08,333952886.5
21/06/2019 3:00,18461475.73,0,9540308.383,17.5,18461475.73,323075825.3
21/06/2019 4:00,17772668.05,0,12266552.07,17.5,17772668.05,311021690.9
21/06/2019 5:00,17071545.13,429683.342,16402824.97,17.5,17071545.13,298752039.7
21/06/2019 6:00,16415980.15,5706048.809,18421297.89,17.5,16415980.15,287279652.6
21/06/2019 7:00,15881663.77,14179594.42,20940198.05,17.5,15881663.77,277929116
21/06/2019 8:00,15428701.04,22707480.73,15714533.99,17.5,15428701.04,270002268.2
21/06/2019 9:00,15128869.09,29570701.77,8193849.1,17.5,15128869.09,264755209.1
21/06/2019 10:00,14896803.42,34182036.39,3890791.777,17.5,14896803.42,260694059.9
21/06/2019 11:00,14774745.9,35354907.53,1915017.742,17.5,14774745.9,258558053.3
21/06/2019 12:00,14980103.37,35473003.38,1174478.244,17.5,14980103.37,262151809
21/06/2019 13:00,15600827.66,33679730.3,955901.639,17.5,15600827.66,273014484.1
21/06/2019 14:00,16260044.15,31079444.64,1042067.109,17.5,16260044.15,284550772.6
21/06/2019 15:00,16866976.33,25333090.98,1354073.158,17.5,16866976.33,295172085.8
21/06/2019 16:00,17703671.08,17822269.54,1784794.174,17.5,17703671.08,309814243.8
21/06/2019 17:00,18681250.45,9275947.282,1612353.497,17.5,18681250.45,326921882.9
21/06/2019 18:00,19587379.73,2107007.423,1319535.494,17.5,19587379.73,342779145.3
21/06/2019 19:00,20354175.57,0,1579987.896,17.5,20354175.57,356198072.5
21/06/2019 20:00,20935350.96,0,976125.65,17.5,20935350.96,366368641.8
21/06/2019 21:00,21230061.86,0,246144.7,17.5,21230061.86,371526082.5
21/06/2019 22:00,21122386.82,0,34936.676,17.5,21122386.82,369641769.3
21/06/2019 23:00,20756922.61,0,340205.267,17.5,20756922.61,363246145.7
22/06/2019 0:00,20230072.59,0,1533762.849,17.5,20230072.59,354026270.3
22/06/2019 1:00,19641424.49,0,3608184.42,17.5,19641424.49,343724928.6
22/06/2019 2:00,18992884.1,0,5880987.065,17.5,18992884.1,332375471.8
22/06/2019 3:00,18351966.37,0,7593527.388,17.5,18351966.37,321159411.5
22/06/2019 4:00,17648315.66,0,8319821.273,17.5,17648315.66,308845524.1
22/06/2019 5:00,16936990.19,426174.818,7533259.545,17.5,16936990.19,296397328.3
22/06/2019 6:00,16274995.75,5483114.152,4341376.617,17.5,16274995.75,284812425.6
22/06/2019 7:00,15735664.08,13544803.99,3099634.113,17.5,15735664.08,275374121.4
22/06/2019 8:00,15279266.81,21591962.9,1609489.246,17.5,15279266.81,267387169.1
22/06/2019 9:00,14974287.28,27273726.67,1044261.586,17.5,14974287.28,262050027.3
22/06/2019 10:00,14737200.94,31438209.12,805672.849,17.5,14737200.94,257901016.4
22/06/2019 11:00,14607909,35247422.7,709639.033,17.5,14607909,255638407.5
22/06/2019 12:00,14793326.56,36055875.4,747405.276,17.5,14793326.56,258883214.8
22/06/2019 13:00,15375039.7,35333089.87,910307.517,17.5,15375039.7,269063194.7
22/06/2019 14:00,15992420.11,30870993.33,1410901.256,17.5,15992420.11,279867351.9
22/06/2019 15:00,16560047.83,25024930.56,2173987.116,17.5,16560047.83,289800837
22/06/2019 16:00,17346803.15,17357195.94,3173467.155,17.5,17346803.15,303569055.2
22/06/2019 17:00,18269205.07,8992211.932,4747609.649,17.5,18269205.07,319711088.8
22/06/2019 18:00,19127531.7,2081485.929,7699120.626,17.5,19127531.7,334731804.7
22/06/2019 19:00,19858636.78,0,12301213.1,17.5,19858636.78,347526143.7
22/06/2019 20:00,20419137.41,0,14907536.26,17.5,20419137.41,357334904.7
22/06/2019 21:00,20713041.06,0,13101774.94,17.5,20713041.06,362478218.5
22/06/2019 22:00,20628712.43,0,10927184.46,17.5,20628712.43,361002467.4
22/06/2019 23:00,20301513.23,0,10232655.99,17.5,20301513.23,355276481.5
23/06/2019 0:00,19821283.79,0,11118017.81,17.5,19821283.79,346872466.3
23/06/2019 1:00,19281569.1,0,13852214.93,17.5,19281569.1,337427459.2
23/06/2019 2:00,18682888.12,0,15621588.69,17.5,18682888.12,326950542
23/06/2019 3:00,18089149.31,0,16154493.72,17.5,18089149.31,316560112.9
23/06/2019 4:00,17431636.43,0,15397567.45,17.5,17431636.43,305053637.5
23/06/2019 5:00,16762714.43,346405.214,13282717.96,17.5,16762714.43,293347502.5
23/06/2019 6:00,16137462.84,4738202.413,8043973.222,17.5,16137462.84,282405599.7
23/06/2019 7:00,15627810.73,12197649.62,7642178.931,17.5,15627810.73,273486687.8
23/06/2019 8:00,15195763.65,20806921.83,4918176.732,17.5,15195763.65,265925863.8
23/06/2019 9:00,14909433.47,28093771.84,3301052.091,17.5,14909433.47,260915085.7
23/06/2019 10:00,14687632.31,33122422.25,2730116.943,17.5,14687632.31,257033565.3
23/06/2019 11:00,14570394.46,35397720.24,2147085.671,17.5,14570394.46,254981903.1
23/06/2019 12:00,14763884.14,35156753.27,1488979.883,17.5,14763884.14,258367972.4
23/06/2019 13:00,15351197.29,32362496.53,1103413.386,17.5,15351197.29,268645952.5
23/06/2019 14:00,15974624.5,24683332.52,965214.811,17.5,15974624.5,279555928.7
23/06/2019 15:00,16548118.22,19379730.82,1078817.232,17.5,16548118.22,289592068.8
23/06/2019 16:00,17338987.39,14468618.08,1599951.26,17.5,17338987.39,303432279.3
23/06/2019 17:00,18262878.31,7937838.265,2453957.33,17.5,18262878.31,319600370.4
23/06/2019 18:00,19118683.59,1886912.469,3040290.198,17.5,19118683.59,334576962.8
23/06/2019 19:00,19842405.9,0,2757922.619,17.5,19842405.9,347242103.3
23/06/2019 20:00,20390604.94,0,1629556.18,17.5,20390604.94,356835586.4
23/06/2019 21:00,20668254.86,0,5088540.358,17.5,20668254.86,361694460
23/06/2019 22:00,20566025.13,0,19311541.81,17.5,20566025.13,359905439.7
23/06/2019 23:00,20220964.7,0,37497896.18,17.5,20220964.7,353866882.3
24/06/2019 0:00,19724334.6,0,38926417.48,17.5,19724334.6,345175855.4
24/06/2019 1:00,19170314.68,0,35081296.32,17.5,19170314.68,335480507
24/06/2019 2:00,18560547.72,0,30521435.36,17.5,18560547.72,324809585.1
24/06/2019 3:00,17958776.87,0,26473508.56,17.5,17958776.87,314278595.1
24/06/2019 4:00,17298018.27,0,22882631.32,17.5,17298018.27,302715319.7
24/06/2019 5:00,16630104.8,104540.7,20032573.62,17.5,16630104.8,291026834.1
24/06/2019 6:00,16008873.05,2195446.555,20123211.3,17.5,16008873.05,280155278.4
24/06/2019 7:00,15504054.47,6457641.356,24563289.88,17.5,15504054.47,271320953.1
24/06/2019 8:00,15077964.44,13426380.04,27155291.98,17.5,15077964.44,263864377.6
24/06/2019 9:00,14796377.47,21630261.99,25721644.45,17.5,14796377.47,258936605.8
24/06/2019 10:00,14579918.53,26030231.86,20195566.87,17.5,14579918.53,255148574.2
24/06/2019 11:00,14467417.66,28413033.95,9688215.321,17.5,14467417.66,253179809
24/06/2019 12:00,14659860.41,29602869.76,2168661.408,17.5,14659860.41,256547557.2
24/06/2019 13:00,15239984.18,25260541.62,2578826.009,17.5,15239984.18,266699723.2
24/06/2019 14:00,15861553.38,22907316.87,3933032.728,17.5,15861553.38,277577184.2
24/06/2019 15:00,16442243.09,20371723.84,4016091.803,17.5,16442243.09,287739254.1
24/06/2019 16:00,17247034.33,14927026.52,1311142.839,17.5,17247034.33,301823100.7
24/06/2019 17:00,18197867.41,7949559.482,55987.02,17.5,18197867.41,318462679.6
24/06/2019 18:00,19099362.88,1962598.267,62715.681,17.5,19099362.88,334238850.3
24/06/2019 19:00,19887862.18,0,216496.646,17.5,19887862.18,348037588.2
24/06/2019 20:00,20517482.34,0,357971.699,17.5,20517482.34,359055940.9
24/06/2019 21:00,20887090.94,0,420236.75,17.5,20887090.94,365524091.4
24/06/2019 22:00,20876174.53,0,228420.524,17.5,20876174.53,365333054.3
24/06/2019 23:00,20615354.45,0,219296.988,17.5,20615354.45,360768702.8
25/06/2019 0:00,20191754.43,0,957521.711,17.5,20191754.43,353355702.4
25/06/2019 1:00,19699130.51,0,2478089.644,17.5,19699130.51,344734783.9
25/06/2019 2:00,19135976.46,0,3914077.127,17.5,19135976.46,334879588.1
25/06/2019 3:00,18568432.81,0,4445592.024,17.5,18568432.81,324947574.1
25/06/2019 4:00,17922474.85,0,3545051.597,17.5,17922474.85,313643309.8
25/06/2019 5:00,17252945.78,462825.098,1894968.766,17.5,17252945.78,301926551.1
25/06/2019 6:00,16619487.26,5912265.27,309015.956,17.5,16619487.26,290841027.1
25/06/2019 7:00,16102092.44,14464068.78,266.806,17.5,16102092.44,281786617.7
25/06/2019 8:00,15661541.82,22504657.31,5878.099,17.5,15661541.82,274076981.9
25/06/2019 9:00,15375457.15,28837767.02,26674.969,17.5,15375457.15,269070500.2
25/06/2019 10:00,15156209.22,33494942.27,36930.666,17.5,15156209.22,265233661.3
25/06/2019 11:00,15050266.31,36005256,19863.252,17.5,15050266.31,263379660.4
25/06/2019 12:00,15293085.28,36894069.82,6648.536,17.5,15293085.28,267628992.4
25/06/2019 13:00,15984610.51,35665883.48,4652.651,17.5,15984610.51,279730683.8
25/06/2019 14:00,16721692.23,31916228.65,8041.81,17.5,16721692.23,292629614
25/06/2019 15:00,17404945.13,26239060.27,21563.917,17.5,17404945.13,304586539.8
25/06/2019 16:00,18340465.28,18577790.27,72942.828,17.5,18340465.28,320958142.4
25/06/2019 17:00,19431775.58,9882218.25,340744.932,17.5,19431775.58,340056072.6
25/06/2019 18:00,20445248.11,2374664.821,1473285.029,17.5,20445248.11,357791842
25/06/2019 19:00,21304303,0,4214375.404,17.5,21304303,372825302.6
25/06/2019 20:00,21956198.39,0,6915806.412,17.5,21956198.39,384233471.8
25/06/2019 21:00,22288526.89,0,9410038.824,17.5,22288526.89,390049220.6
25/06/2019 22:00,22172795.61,0,12543521.7,17.5,22172795.61,388023923.2
25/06/2019 23:00,21768352.54,0,15260869.46,17.5,21768352.54,380946169.4
26/06/2019 0:00,21182217.8,0,17373274.13,17.5,21182217.8,370688811.5
26/06/2019 1:00,20525142.36,0,18956780.11,17.5,20525142.36,359189991.2
26/06/2019 2:00,19800363.08,0,17017764.58,17.5,19800363.08,346506353.9
26/06/2019 3:00,19083111.63,0,14554932.7,17.5,19083111.63,333954453.6
26/06/2019 4:00,18297245.24,0,13844257.12,17.5,18297245.24,320201791.6
26/06/2019 5:00,17504132.91,444045.295,13274757.9,17.5,17504132.91,306322325.9
26/06/2019 6:00,16766706.28,5675901.277,9212224.326,17.5,16766706.28,293417359.8
26/06/2019 7:00,16164907.95,13967527.6,8876907.977,17.5,16164907.95,282885889
26/06/2019 8:00,15655158.36,22254150.62,9289889.11,17.5,15655158.36,273965271.3
26/06/2019 9:00,15311057.35,29036060.89,8969955.922,17.5,15311057.35,267943503.7
26/06/2019 10:00,15041489.69,33740957.74,8265156.708,17.5,15041489.69,263226069.6
26/06/2019 11:00,14888806.62,36263629.42,7301001.384,17.5,14888806.62,260554115.9
26/06/2019 12:00,15073322.64,36614692.65,6551164.55,17.5,15073322.64,263783146.1
26/06/2019 13:00,15678733.28,34958231.41,6135937.902,17.5,15678733.28,274377832.3
26/06/2019 14:00,16317813.55,30880930.25,5953416.673,17.5,16317813.55,285561737
26/06/2019 15:00,16899960.8,25026126.96,5964594.161,17.5,16899960.8,295749314.1
26/06/2019 16:00,17709697.24,17449339.35,6375373.735,17.5,17709697.24,309919701.8
26/06/2019 17:00,18657365.64,9119281.548,7832214.064,17.5,18657365.64,326503898.8
26/06/2019 18:00,19532763.81,2167930.522,12859417.92,17.5,19532763.81,341823366.7
26/06/2019 19:00,20270979.71,0,26350623.07,17.5,20270979.71,354742144.9
26/06/2019 20:00,20828362.4,0,37472762.38,17.5,20828362.4,364496342
26/06/2019 21:00,21106938.66,0,40802232.41,17.5,21106938.66,369371426.5
26/06/2019 22:00,20993369.24,0,40706169.43,17.5,20993369.24,367383961.7
26/06/2019 23:00,20630659.48,0,38926338.85,17.5,20630659.48,361036540.9
27/06/2019 0:00,20113196.41,0,35300725.76,17.5,20113196.41,351980937.1
27/06/2019 1:00,19538161.22,0,27494838.8,17.5,19538161.22,341917821.3
27/06/2019 2:00,18906201.03,0,21548092.11,17.5,18906201.03,330858518.1
27/06/2019 3:00,18282946.52,0,19026834.66,17.5,18282946.52,319951564.2
27/06/2019 4:00,17597641.32,0,17444228.17,17.5,17597641.32,307958723.1
27/06/2019 5:00,16903822.9,417922.095,15635892.86,17.5,16903822.9,295816900.8
27/06/2019 6:00,16257490.12,5569933.008,10227114.13,17.5,16257490.12,284506077.1
27/06/2019 7:00,15731600.54,14061453.36,7105915.881,17.5,15731600.54,275303009.4
27/06/2019 8:00,15286758.09,22616411.21,8385993.238,17.5,15286758.09,267518266.6
27/06/2019 9:00,14991997.08,29532089.74,8126999.859,17.5,14991997.08,262359948.8
27/06/2019 10:00,14764120.5,34339302.2,7265382.411,17.5,14764120.5,258372108.7
27/06/2019 11:00,14643729.83,37120215.37,6808473.806,17.5,14643729.83,256265272
27/06/2019 12:00,14840816.39,37421066.56,6374973.745,17.5,14840816.39,259714286.8
27/06/2019 13:00,15440179.45,35631901.49,6027069.316,17.5,15440179.45,270203140.3
27/06/2019 14:00,16077602.29,30629874.24,5025695.338,17.5,16077602.29,281358040.1
27/06/2019 15:00,16665715.04,24683602.61,4204666.22,17.5,16665715.04,291650013.2
27/06/2019 16:00,17477745.66,17100276.51,4542542.661,17.5,17477745.66,305860549.1
27/06/2019 17:00,18428488.16,8873381.838,5991823.079,17.5,18428488.16,322498542.7
27/06/2019 18:00,19313090.65,2100960.175,8873935.138,17.5,19313090.65,337979086.4
27/06/2019 19:00,20065929.62,0,15119426.78,17.5,20065929.62,351153768.4
27/06/2019 20:00,20641837.65,0,26628205.23,17.5,20641837.65,361232158.9
27/06/2019 21:00,20942146.12,0,36552723.43,17.5,20942146.12,366487557.1
27/06/2019 22:00,20852688.51,0,4081.573,17.5,20852688.51,364922049
27/06/2019 23:00,20512491.84,0,41893604.84,17.5,20512491.84,358968607.2
28/06/2019 0:00,20014220.04,0,41981473.8,17.5,20014220.04,350248850.7
28/06/2019 1:00,19454232.45,0,40659552.62,17.5,19454232.45,340449067.8
28/06/2019 2:00,18833789.44,0,35449124.94,17.5,18833789.44,329591315.2
28/06/2019 3:00,18218657.14,0,27842384.37,17.5,18218657.14,318826499.9
28/06/2019 4:00,17539442.79,0,20145736.79,17.5,17539442.79,306940248.8
28/06/2019 5:00,16849976.44,382152.166,13196003.37,17.5,16849976.44,294874587.7
28/06/2019 6:00,16206456.15,5152824.101,6140425.424,17.5,16206456.15,283612982.5
28/06/2019 7:00,15681657.51,13125475.82,3100391.952,17.5,15681657.51,274429006.5
28/06/2019 8:00,15236827.07,21297033.74,2039798.001,17.5,15236827.07,266644473.8
28/06/2019 9:00,14940304.78,28053163.04,1410875.936,17.5,14940304.78,261455333.7
28/06/2019 10:00,14709759.63,32772862.24,1388458.405,17.5,14709759.63,257420793.5
28/06/2019 11:00,14585112.36,35021425.08,1918643.461,17.5,14585112.36,255239466.3
28/06/2019 12:00,14772491.5,35381129.96,2722871.56,17.5,14772491.5,258518601.2
28/06/2019 13:00,15353578.16,33683119.27,3643741.514,17.5,15353578.16,268687617.7
28/06/2019 14:00,15969372.2,29911635.53,4442253.926,17.5,15969372.2,279464013.5
28/06/2019 15:00,16534196.24,24067502.66,4786582.806,17.5,16534196.24,289348434.2
28/06/2019 16:00,17314964.65,16664499.93,4984827.588,17.5,17314964.65,303011881.4
28/06/2019 17:00,18227445.45,8676884.416,5286889.461,17.5,18227445.45,318980295.4
28/06/2019 18:00,19071841.48,2078584.496,6955217.02,17.5,19071841.48,333757225.9
28/06/2019 19:00,19785031.31,0,11943522.23,17.5,19785031.31,346238047.9
28/06/2019 20:00,20324219.23,0,18349264.04,17.5,20324219.23,355673836.5
28/06/2019 21:00,20595312.32,0,23386384.88,17.5,20595312.32,360417965.6
28/06/2019 22:00,20489993.31,0,26558624.12,17.5,20489993.31,358574882.8
28/06/2019 23:00,20144336.58,0,27308421.9,17.5,20144336.58,352525890.2
29/06/2019 0:00,19648765.88,0,25921884.09,17.5,19648765.88,343853403
29/06/2019 1:00,19096505.45,0,22727606.29,17.5,19096505.45,334188845.3
29/06/2019 2:00,18489026.27,0,18201388.81,17.5,18489026.27,323557959.6
29/06/2019 3:00,17889382.9,0,15159211.66,17.5,17889382.9,313064200.8
29/06/2019 4:00,17231202.57,0,14046289.34,17.5,17231202.57,301546044.9
29/06/2019 5:00,16565880.49,371827.887,13522635.02,17.5,16565880.49,289902908.6
29/06/2019 6:00,15946756.85,4963320.296,9353412.495,17.5,15946756.85,279068244.9
29/06/2019 7:00,15442708.73,12703435.86,7415269.55,17.5,15442708.73,270247402.7
29/06/2019 8:00,15016381.85,20740251.73,11729271.93,17.5,15016381.85,262786682.3
29/06/2019 9:00,14732371.85,27527381.11,12639040.45,17.5,14732371.85,257816507.4
29/06/2019 10:00,14512131.18,32363941.26,11704933.61,17.5,14512131.18,253962295.7
29/06/2019 11:00,14393430.87,36237736.39,10720499.97,17.5,14393430.87,251885040.2
29/06/2019 12:00,14572051.29,36612843.52,10069696.77,17.5,14572051.29,255010897.6
29/06/2019 13:00,15125968.53,34894137.01,9561856.889,17.5,15125968.53,264704449.3
29/06/2019 14:00,15714721.91,30075008.62,9125867,17.5,15714721.91,275007633.4
29/06/2019 15:00,16257387.28,24349774.09,8233601.477,17.5,16257387.28,284504277.3
29/06/2019 16:00,17008831.25,16953382.63,7513935.341,17.5,17008831.25,297654546.9
29/06/2019 17:00,17890226.39,8862119.413,7628259.673,17.5,17890226.39,313078961.8
29/06/2019 18:00,18711950.31,2120295.908,10634125.44,17.5,18711950.31,327459130.3
29/06/2019 19:00,19413690.15,0,20396977.83,17.5,19413690.15,339739577.6
29/06/2019 20:00,19953795.99,0,31667523.34,17.5,19953795.99,349191429.9
29/06/2019 21:00,20240422.15,0,37103077.87,17.5,20240422.15,354207387.7
29/06/2019 22:00,20166600.26,0,37217266.54,17.5,20166600.26,352915504.5
29/06/2019 23:00,19860726.12,0,35023240.75,17.5,19860726.12,347562707.1
30/06/2019 0:00,19408139.66,0,31510610.15,17.5,19408139.66,339642444.1
30/06/2019 1:00,18897957.95,0,26855924.59,17.5,18897957.95,330714264.2
30/06/2019 2:00,18330637.42,0,22534107.09,17.5,18330637.42,320786154.9
30/06/2019 3:00,17767240.96,0,19709928.5,17.5,17767240.96,310926716.9
30/06/2019 4:00,17142094.16,0,17825917.01,17.5,17142094.16,299986647.9
30/06/2019 5:00,16505264.54,392244.507,15309585.85,17.5,16505264.54,288842129.4
30/06/2019 6:00,15909524.28,5284552.327,9418803.461,17.5,15909524.28,278416674.8
30/06/2019 7:00,15423882.81,13347649.45,8766280.591,17.5,15423882.81,269917949.1
30/06/2019 8:00,15012117.42,21648353.58,6909840.114,17.5,15012117.42,262712054.9
30/06/2019 9:00,14739681.72,28524007.23,4464740.716,17.5,14739681.72,257944430
30/06/2019 10:00,14528899.02,33360701.96,3510708.644,17.5,14528899.02,254255732.8
30/06/2019 11:00,14418312.07,34499137.42,3404928.943,17.5,14418312.07,252320461.1
30/06/2019 12:00,14606126.63,34957898.47,3522103.488,17.5,14606126.63,255607216
30/06/2019 13:00,15172708.79,33298046.42,3666817.276,17.5,15172708.79,265522403.8
30/06/2019 14:00,15774723.13,27612246.8,3476655.231,17.5,15774723.13,276057654.8
30/06/2019 15:00,16329485.56,21791200.4,3018291.808,17.5,16329485.56,285765997.3
30/06/2019 16:00,17094337.28,14721302.73,2453879.674,17.5,17094337.28,299150902.4
30/06/2019 17:00,17988478.31,7431554.273,2029262.877,17.5,17988478.31,314798370.4
30/06/2019 18:00,18818326.85,1721886.21,2239174.829,17.5,18818326.85,329320719.8
30/06/2019 19:00,19521816.9,0,3140250.177,17.5,19521816.9,341631795.7
30/06/2019 20:00,20056412.02,0,6030267.49,17.5,20056412.02,350987210.3
30/06/2019 21:00,20329598.94,0,11973229.24,17.5,20329598.94,355767981.5
30/06/2019 22:00,20234892.15,0,19001777.84,17.5,20234892.15,354110612.5
30/06/2019 23:00,19903975.23,0,22783189.49,17.5,19903975.23,348319566.6
01/07/2019 0:00,19424683.74,0,22181513.22,17.5,19424683.74,339931965.5
01/07/2019 1:00,18887966.61,0,18690897.97,17.5,18887966.61,330539415.6
01/07/2019 2:00,18295515.08,0,12738949.63,17.5,18295515.08,320171513.8
01/07/2019 3:00,17709130.69,0,7330938.527,17.5,17709130.69,309909787.1
01/07/2019 4:00,17064496.13,0,4440653.35,17.5,17064496.13,298628682.2
01/07/2019 5:00,16412146.17,329599.731,3128473.305,17.5,16412146.17,287212558
01/07/2019 6:00,15804411.34,4666583.099,2065994.069,17.5,15804411.34,276577198.4
01/07/2019 7:00,15308482.29,12080956.11,2349670.794,17.5,15308482.29,267898440.1
01/07/2019 8:00,14888063.98,19851510.94,2581154.878,17.5,14888063.98,260541119.6
01/07/2019 9:00,14605653.41,26505572.43,2112379.531,17.5,14605653.41,255598934.6
01/07/2019 10:00,14384822.18,31254371.43,2121658.574,17.5,14384822.18,251734388.2
01/07/2019 11:00,14261745.06,34783351.27,2466255.836,17.5,14261745.06,249580538.6
01/07/2019 12:00,14423965.75,35173509.66,3027023.518,17.5,14423965.75,252419400.7
01/07/2019 13:00,14943701.79,33458675.22,3871562.699,17.5,14943701.79,261514781.2
01/07/2019 14:00,15492008.5,28255487.68,4286660.89,17.5,15492008.5,271110148.7
01/07/2019 15:00,15990987.05,22547531.07,4783818.322,17.5,15990987.05,279842273.4
01/07/2019 16:00,16682137,15395676.81,6039890.16,17.5,16682137,291937397.4
01/07/2019 17:00,17487953.9,7877703.534,8236060.073,17.5,17487953.9,306039193.2
01/07/2019 18:00,18227924.7,1830211.661,11810017.08,17.5,18227924.7,318988682.3
01/07/2019 19:00,18845934.38,0,17678654.32,17.5,18845934.38,329803851.6
01/07/2019 20:00,19304646.55,0,24297011.42,17.5,19304646.55,337831314.7
01/07/2019 21:00,19521472.07,0,29148965.37,17.5,19521472.07,341625761.3
01/07/2019 22:00,19402204.72,0,31586233.42,17.5,19402204.72,339538582.6
01/07/2019 23:00,19070256,0,31008118.53,17.5,19070256,333729480
02/07/2019 0:00,18607363.41,0,27814429.67,17.5,18607363.41,325628859.6
02/07/2019 1:00,18096821.68,0,22727732.22,17.5,18096821.68,316694379.4
02/07/2019 2:00,17540437.51,0,17977394.84,17.5,17540437.51,306957656.5
02/07/2019 3:00,16993883.19,0,13545040.41,17.5,16993883.19,297392955.8
02/07/2019 4:00,16399323.08,0,9677123.361,17.5,16399323.08,286988153.8
02/07/2019 5:00,15802022.87,406050.614,6915560.965,17.5,15802022.87,276535400.2
02/07/2019 6:00,15248319.14,5531766.532,3556189.629,17.5,15248319.14,266845584.9
02/07/2019 7:00,14797287.07,13785900.23,5576866.078,17.5,14797287.07,258952523.7
02/07/2019 8:00,14415853.41,22054965.2,6916371.007,17.5,14415853.41,252277434.7
02/07/2019 9:00,14158615.9,28930738.48,6832046.083,17.5,14158615.9,247775778.3
02/07/2019 10:00,13957277.34,33717672.95,6403035.199,17.5,13957277.34,244252353.5
02/07/2019 11:00,13843278.35,35637486.56,5775655.744,17.5,13843278.35,242257371.2
02/07/2019 12:00,13980983.04,36152369.62,4850306.852,17.5,13980983.04,244667203.1
02/07/2019 13:00,14432671.64,34533920.57,3866143.72,17.5,14432671.64,252571753.6
02/07/2019 14:00,14908863.22,29821502.95,2046237.574,17.5,14908863.22,260905106.3
02/07/2019 15:00,15341514.74,24074056.34,712084.016,17.5,15341514.74,268476508
02/07/2019 16:00,15942348.59,16668871.87,197534.963,17.5,15942348.59,278991100.3
02/07/2019 17:00,16643518,8628013.146,65158.214,17.5,16643518,291261565
02/07/2019 18:00,17287447.07,2015144.616,44268.43,17.5,17287447.07,302530323.8
02/07/2019 19:00,17825461.07,0,299429.493,17.5,17825461.07,311945568.7
02/07/2019 20:00,18225209.96,0,1314941.635,17.5,18225209.96,318941174.2
02/07/2019 21:00,18414660.32,0,3091262.902,17.5,18414660.32,322256555.6
02/07/2019 22:00,18311440.1,0,5204676.627,17.5,18311440.1,320450201.8
02/07/2019 23:00,18023127.88,0,6848008.004,17.5,18023127.88,315404737.9
03/07/2019 0:00,17620833.46,0,7217262.354,17.5,17620833.46,308364585.6
03/07/2019 1:00,17177068.69,0,5692626.714,17.5,17177068.69,300598702.1
03/07/2019 2:00,16693156.21,0,2806244.306,17.5,16693156.21,292130233.7
03/07/2019 3:00,16217592.78,0,1058067.882,17.5,16217592.78,283807873.6
03/07/2019 4:00,15699584.9,0,830677.016,17.5,15699584.9,274742735.7
03/07/2019 5:00,15178625.85,400129.907,972884.729,17.5,15178625.85,265625952.3
03/07/2019 6:00,14695265.83,5560456.49,693933.121,17.5,14695265.83,257167152.1
03/07/2019 7:00,14301337.72,13994257.9,666679.224,17.5,14301337.72,250273410.1
03/07/2019 8:00,13967924.59,22354938.08,1330094.965,17.5,13967924.59,244438680.3
03/07/2019 9:00,13743016.34,29217640.48,1336354.825,17.5,13743016.34,240502785.9
03/07/2019 10:00,13566743.86,33964891.39,965664.894,17.5,13566743.86,237418017.5
03/07/2019 11:00,13466731.1,36446304.61,529454.343,17.5,13466731.1,235667794.3
03/07/2019 12:00,13587225.65,36854819.13,222915.769,17.5,13587225.65,237776448.9
03/07/2019 13:00,13982650.08,35187447.11,94287.995,17.5,13982650.08,244696376.4
03/07/2019 14:00,14398548.45,31063537.42,46367.109,17.5,14398548.45,251974597.8
03/07/2019 15:00,14774894.9,25272565.69,27601.64,17.5,14774894.9,258560660.7
03/07/2019 16:00,15296747.92,17695343.5,34800.036,17.5,15296747.92,267693088.5
03/07/2019 17:00,15903786.22,9256837.933,72301.169,17.5,15903786.22,278316258.8
03/07/2019 18:00,16457510.36,2164392.299,276655.452,17.5,16457510.36,288006431.3
03/07/2019 19:00,16915450.17,0,789857.808,17.5,16915450.17,296020377.9
03/07/2019 20:00,17249908.12,0,1664394.353,17.5,17249908.12,301873392.1
03/07/2019 21:00,17399246.44,0,3304245.123,17.5,17399246.44,304486812.7
03/07/2019 22:00,17293680.83,0,5874380.627,17.5,17293680.83,302639414.5
03/07/2019 23:00,17028241.16,0,9004535.795,17.5,17028241.16,297994220.2
04/07/2019 0:00,16665711.81,0,10993889.3,17.5,16665711.81,291649956.6
04/07/2019 1:00,16269433.02,0,11193788.37,17.5,16269433.02,284715077.9
04/07/2019 2:00,15841057.81,0,10457309.2,17.5,15841057.81,277218511.6
04/07/2019 3:00,15422442.87,0,9589340.233,17.5,15422442.87,269892750.3
04/07/2019 4:00,14970332.39,0,9101201.644,17.5,14970332.39,261980816.8
04/07/2019 5:00,14518546.71,417276.127,9737051.195,17.5,14518546.71,254074567.4
04/07/2019 6:00,14101421.89,5747837.071,8165084.398,17.5,14101421.89,246774883
04/07/2019 7:00,13762562.75,14335414.35,9793048.479,17.5,13762562.75,240844848
04/07/2019 8:00,13476968.88,22656416.49,8106336.748,17.5,13476968.88,235846955.3
04/07/2019 9:00,13284913.73,29404497.37,6390876.338,17.5,13284913.73,232485990.2
04/07/2019 10:00,13135448.04,34034162.86,5285660.043,17.5,13135448.04,229870340.7
04/07/2019 11:00,13051859.61,35850301.48,4120193.693,17.5,13051859.61,228407543.2
04/07/2019 12:00,13156504.58,36199946.83,3025779.223,17.5,13156504.58,230238830.2
04/07/2019 13:00,13496578.17,34480779.53,2142248.466,17.5,13496578.17,236190118
04/07/2019 14:00,13857639.73,29331101.19,1218886.612,17.5,13857639.73,242508695.3
04/07/2019 15:00,14189603.82,23567065.17,630177.078,17.5,14189603.82,248318066.8
04/07/2019 16:00,14651955.45,16193410.27,463496.57,17.5,14651955.45,256409220.4
04/07/2019 17:00,15195817.93,8270012.325,743292.956,17.5,15195817.93,265926813.8
04/07/2019 18:00,15703969.54,1877846.436,2630277.052,17.5,15703969.54,274819466.9
04/07/2019 19:00,16139787.32,0,8772555.602,17.5,16139787.32,282446278.1
04/07/2019 20:00,16478015.31,0,20786525.24,17.5,16478015.31,288365267.8
04/07/2019 21:00,16661807.11,0,33257371.54,17.5,16661807.11,291581624.5
04/07/2019 22:00,16624241,0,38929705.27,17.5,16624241,290924217.5
04/07/2019 23:00,16444395.75,0,40253529.36,17.5,16444395.75,287776925.7
05/07/2019 0:00,16174537.04,0,40159688.23,17.5,16174537.04,283054398.1
05/07/2019 1:00,15869513.08,0,39537096.37,17.5,15869513.08,277716478.9
05/07/2019 2:00,15528818.49,0,36133349.04,17.5,15528818.49,271754323.5
05/07/2019 3:00,15190172.21,0,31983480.94,17.5,15190172.21,265828013.6
05/07/2019 4:00,14811409.2,0,28823938.01,17.5,14811409.2,259199661
05/07/2019 5:00,14423447.32,375683.265,23976549.77,17.5,14423447.32,252410328.1
05/07/2019 6:00,14059466.54,5309447.216,15249741.04,17.5,14059466.54,246040664.5
05/07/2019 7:00,13763820.38,13405593.51,16962097.66,17.5,13763820.38,240866856.6
05/07/2019 8:00,13513767.88,21655820.13,12477353.09,17.5,13513767.88,236490937.8
05/07/2019 9:00,13352422.36,28466481.11,8481778.47,17.5,13352422.36,233667391.4
05/07/2019 10:00,13230251.53,33170738.6,6364970.2,17.5,13230251.53,231529401.7
05/07/2019 11:00,13173260.44,33314228.24,5603491.544,17.5,13173260.44,230532057.7
05/07/2019 12:00,13314254.17,33680857.21,5774207.22,17.5,13314254.17,232999448
05/07/2019 13:00,13711057.34,31892421.09,6404373.538,17.5,13711057.34,239943503.5
05/07/2019 14:00,14138031.15,28115322.84,6922866.771,17.5,14138031.15,247415545.2
05/07/2019 15:00,14539935.35,22272691.67,7902987.637,17.5,14539935.35,254448868.6
05/07/2019 16:00,15092383.37,15015577.27,9770347.346,17.5,15092383.37,264116709
05/07/2019 17:00,15743444.42,7472826.618,13333256.57,17.5,15743444.42,275510277.3
05/07/2019 18:00,16361196.14,1646781.838,19027423.67,17.5,16361196.14,286320932.5
05/07/2019 19:00,16901423.32,0,28323526.06,17.5,16901423.32,295774908
05/07/2019 20:00,17332092.5,0,36398646.34,17.5,17332092.5,303311618.8
05/07/2019 21:00,17584316.96,0,40851085.43,17.5,17584316.96,307725546.9
05/07/2019 22:00,17576625.57,0,42207045.9,17.5,17576625.57,307590947.5
05/07/2019 23:00,17397450.35,0,40433175.11,17.5,17397450.35,304455381.1
06/07/2019 0:00,17106312.78,0,38978293.56,17.5,17106312.78,299360473.7
06/07/2019 1:00,16767239.63,0,37473788.5,17.5,16767239.63,293426693.6
06/07/2019 2:00,16380078.45,0,34894960.69,17.5,16380078.45,286651372.8
06/07/2019 3:00,15989965.28,0,32285951.2,17.5,15989965.28,279824392.4
06/07/2019 4:00,15547958.98,0,31146162.22,17.5,15547958.98,272089282.2
06/07/2019 5:00,15091408.04,317326.36,30910491.97,17.5,15091408.04,264099640.8
06/07/2019 6:00,14660466.2,4649166.305,28532631.88,17.5,14660466.2,256558158.6
06/07/2019 7:00,14308364.21,12037304.66,31026877.91,17.5,14308364.21,250396373.6
06/07/2019 8:00,14008781,19843709.52,25921939.51,17.5,14008781,245153667.5
06/07/2019 9:00,13812840.76,26503120.18,22005121.48,17.5,13812840.76,241724713.4
06/07/2019 10:00,13662149.01,31264276.64,18828245.45,17.5,13662149.01,239087607.7
06/07/2019 11:00,13587135.95,33619125.28,16516189.07,17.5,13587135.95,237774879.1
06/07/2019 12:00,13742381.04,34028518.98,14987688.83,17.5,13742381.04,240491668.2
06/07/2019 13:00,14192682.8,32322953.6,13516949.37,17.5,14192682.8,248371949.1
06/07/2019 14:00,14672761.82,28818439.78,8213545.026,17.5,14672761.82,256773331.8
06/07/2019 15:00,15117941.3,22962734.65,3381254.294,17.5,15117941.3,264563972.7
06/07/2019 16:00,15729602.16,15574232.72,1206084.859,17.5,15729602.16,275268037.8
06/07/2019 17:00,16445226.25,7804171.973,460852.545,17.5,16445226.25,287791459.3
06/07/2019 18:00,17112657.15,1718452.644,347377.223,17.5,17112657.15,299471500.2
06/07/2019 19:00,17682232.35,0,719628.309,17.5,17682232.35,309439066.1
06/07/2019 20:00,18119413.91,0,3526959.922,17.5,18119413.91,317089743.4
06/07/2019 21:00,18349873.06,0,11834607.46,17.5,18349873.06,321122778.6
06/07/2019 22:00,18287788.75,0,21535741.42,17.5,18287788.75,320036303.1
06/07/2019 23:00,18036484.9,0,28145805.2,17.5,18036484.9,315638485.8
07/07/2019 0:00,17665194.55,0,31857997.5,17.5,17665194.55,309140904.6
07/07/2019 1:00,17246159.19,0,34399859.85,17.5,17246159.19,301807785.7
07/07/2019 2:00,16780718.18,0,32556705.52,17.5,16780718.18,293662568.1
07/07/2019 3:00,16318337.48,0,27736266.29,17.5,16318337.48,285570906
07/07/2019 4:00,15807714.62,0,23094233.11,17.5,15807714.62,276635005.8
07/07/2019 5:00,15289396.59,325173.875,19057715.56,17.5,15289396.59,267564440.3
07/07/2019 6:00,14805518.71,4880325.1,12747020.96,17.5,14805518.71,259096577.4
07/07/2019 7:00,14410248.96,12581560.06,8967927.814,17.5,14410248.96,252179356.9
07/07/2019 8:00,14074755.99,20670497.29,4816712.045,17.5,14074755.99,246308229.8
07/07/2019 9:00,13849462.83,27493722.69,3433966.518,17.5,13849462.83,242365599.6
07/07/2019 10:00,13673178.81,32281920.05,3127567.283,17.5,13673178.81,239280629.2
07/07/2019 11:00,13575099.13,35107781.23,3530728.442,17.5,13575099.13,237564234.7
07/07/2019 12:00,13706122.19,35470844.33,4202049.802,17.5,13706122.19,239857138.3
07/07/2019 13:00,14124442.08,33686321.63,4895574.354,17.5,14124442.08,247177736.5
07/07/2019 14:00,14565535.6,29795612.87,4360557.335,17.5,14565535.6,254896873
07/07/2019 15:00,14966672.41,23936254.48,3095413.87,17.5,14966672.41,261916767.2
07/07/2019 16:00,15521958.23,16432446.36,2226277.684,17.5,15521958.23,271634269.1
07/07/2019 17:00,16168927.79,8361358.999,1794931.535,17.5,16168927.79,282956236.4
07/07/2019 18:00,16762337.4,1854588.144,2250153.214,17.5,16762337.4,293340904.5
07/07/2019 19:00,17257096.22,0,4576394.741,17.5,17257096.22,301999183.8
07/07/2019 20:00,17623324.97,0,9231688.947,17.5,17623324.97,308408186.9
07/07/2019 21:00,17794901.69,0,14608627,17.5,17794901.69,311410779.6
07/07/2019 22:00,17696518.89,0,18685458.22,17.5,17696518.89,309689080.5
07/07/2019 23:00,17427597.12,0,21360227.16,17.5,17427597.12,304982949.5
08/07/2019 0:00,17053976.79,0,22883297.45,17.5,17053976.79,298444593.7
08/07/2019 1:00,16642631.98,0,23975863.75,17.5,16642631.98,291246059.6
08/07/2019 2:00,16195095.53,0,21636871,17.5,16195095.53,283414171.7
08/07/2019 3:00,15756017.34,0,17506502.57,17.5,15756017.34,275730303.4
08/07/2019 4:00,15279041.58,0,13522411.68,17.5,15279041.58,267383227.6
08/07/2019 5:00,14800392.96,280423.935,9276715.34,17.5,14800392.96,259006876.8
08/07/2019 6:00,14357126.16,4442931.935,4137812.167,17.5,14357126.16,251249707.8
08/07/2019 7:00,13996501.67,11815102.1,2260960.024,17.5,13996501.67,244938779.1
08/07/2019 8:00,13691964.07,19758866.42,1115235.507,17.5,13691964.07,239609371.2
08/07/2019 9:00,13487302.38,26576264.32,629537.659,17.5,13487302.38,236027791.6
08/07/2019 10:00,13327788.05,31431437.03,474716.83,17.5,13327788.05,233236290.8
08/07/2019 11:00,13238757.17,35898480.44,562503.297,17.5,13238757.17,231678250.5
08/07/2019 12:00,13352711.25,36282310.97,1029971.985,17.5,13352711.25,233672446.8
08/07/2019 13:00,13720758.56,34591191.8,2056101.201,17.5,13720758.56,240113274.9
08/07/2019 14:00,14110622.79,28758659.98,2361159.189,17.5,14110622.79,246935898.8
08/07/2019 15:00,14467750.3,22962193.42,2069465.027,17.5,14467750.3,253185630.2
08/07/2019 16:00,14964077.78,15690234.72,2229231.733,17.5,14964077.78,261871361.1
08/07/2019 17:00,15545969.02,8000522.772,2946873.429,17.5,15545969.02,272054457.9
08/07/2019 18:00,16086214.58,1802991.223,4828754.73,17.5,16086214.58,281508755.2
08/07/2019 19:00,16545169.73,0,10349433.18,17.5,16545169.73,289540470.2
08/07/2019 20:00,16895900.38,0,19178607.06,17.5,16895900.38,295678256.6
08/07/2019 21:00,17078099.22,0,27626450.37,17.5,17078099.22,298866736.4
08/07/2019 22:00,17021533.32,0,34318632.42,17.5,17021533.32,297876833.1
08/07/2019 23:00,16812477.86,0,38379248.68,17.5,16812477.86,294218362.5
09/07/2019 0:00,16507980.93,0,40438841.82,17.5,16507980.93,288889666.3
09/07/2019 1:00,16167260.55,0,40971099.33,17.5,16167260.55,282927059.7
09/07/2019 2:00,15790416.45,0,39869250.57,17.5,15790416.45,276332287.8
09/07/2019 3:00,15417731.12,0,36770046.88,17.5,15417731.12,269810294.5
09/07/2019 4:00,15005198.18,0,34558157.03,17.5,15005198.18,262590968.2
09/07/2019 5:00,14585695.8,326910.041,30786973.39,17.5,14585695.8,255249676.4
09/07/2019 6:00,14193965.12,5161160.16,30884218.5,17.5,14193965.12,248394389.6
09/07/2019 7:00,13875824.05,13380177.34,24859099.99,17.5,13875824.05,242826920.9
09/07/2019 8:00,13607082.09,21758036.87,14450307.53,17.5,13607082.09,238123936.6
09/07/2019 9:00,13431717.59,28552475.47,5966818.727,17.5,13431717.59,235055057.8
09/07/2019 10:00,13297975.6,33242360.17,3258030.873,17.5,13297975.6,232714573
09/07/2019 11:00,13232134.17,34203441.86,2378470.095,17.5,13232134.17,231562348
09/07/2019 12:00,13369296.94,34668369.38,3377730.248,17.5,13369296.94,233962696.4
09/07/2019 13:00,13766829.32,32962343.97,5482234.024,17.5,13766829.32,240919513.1
09/07/2019 14:00,14193645.38,28429379.06,6522981.945,17.5,14193645.38,248388794.2
09/07/2019 15:00,14593848.63,22539748.26,7225995.798,17.5,14593848.63,255392351
09/07/2019 16:00,15145741.77,15150002.86,7953468.507,17.5,15145741.77,265050481
09/07/2019 17:00,15796462.95,7477508.176,9295945.257,17.5,15796462.95,276438101.7
09/07/2019 18:00,16412968.62,1603802.379,12763084.96,17.5,16412968.62,287226950.9
09/07/2019 19:00,16951251.54,0,21482001.45,17.5,16951251.54,296646901.9
09/07/2019 20:00,17379611.9,0,30736435.72,17.5,17379611.9,304143208.3
09/07/2019 21:00,17629173.81,0,35043325.28,17.5,17629173.81,308510541.7
09/07/2019 22:00,17618368.53,0,36611651.38,17.5,17618368.53,308321449.3
09/07/2019 23:00,17436367.23,0,37166389.64,17.5,17436367.23,305136426.6
10/07/2019 0:00,17142953.64,0,37700273.3,17.5,17142953.64,300001688.7
10/07/2019 1:00,16802307.3,0,38109908.45,17.5,16802307.3,294040377.8
10/07/2019 2:00,16414011.69,0,35725686.52,17.5,16414011.69,287245204.6
10/07/2019 3:00,16023219.85,0,32246750.81,17.5,16023219.85,280406347.3
10/07/2019 4:00,15580438.36,0,30674928.29,17.5,15580438.36,272657671.4
10/07/2019 5:00,15123019.42,253173.793,28307627.93,17.5,15123019.42,264652839.8
10/07/2019 6:00,14691229.7,4219834.269,27781284.85,17.5,14691229.7,257096519.8
10/07/2019 7:00,14338656.21,11479498.01,24677907.78,17.5,14338656.21,250926483.6
10/07/2019 8:00,14038778.76,19409107.58,22087340.98,17.5,14038778.76,245678628.2
10/07/2019 9:00,13843255.72,26121461.04,21966380.11,17.5,13843255.72,242256975.2
10/07/2019 10:00,13693240.27,30861638.59,21793111.16,17.5,13693240.27,239631704.8
10/07/2019 11:00,13619566.14,32709828,21792631.69,17.5,13619566.14,238342407.4
10/07/2019 12:00,13778837.88,33247337.1,22251182.33,17.5,13778837.88,241129662.9
10/07/2019 13:00,14237171.94,31628292.81,23198245.83,17.5,14237171.94,249150508.9
10/07/2019 14:00,14726242.99,27930685.71,22292740.15,17.5,14726242.99,257709252.3
10/07/2019 15:00,15180415.02,22354899.96,20836600.92,17.5,15180415.02,265657262.8
10/07/2019 16:00,15803901.31,15220143.86,20848084.79,17.5,15803901.31,276568272.8
10/07/2019 17:00,16533358.75,7632718.866,22182174.82,17.5,16533358.75,289333778.1
10/07/2019 18:00,17214202.93,1643458.167,24753963.26,17.5,17214202.93,301248551.2
10/07/2019 19:00,17795913.06,0,29597668.55,17.5,17795913.06,311428478.6
10/07/2019 20:00,18243388.17,0,34701037.89,17.5,18243388.17,319259292.9
10/07/2019 21:00,18481046.98,0,37091144.35,17.5,18481046.98,323418322.2
10/07/2019 22:00,18421519.79,0,36551443.82,17.5,18421519.79,322376596.3
10/07/2019 23:00,18169797.72,0,35596191.56,17.5,18169797.72,317971460.2
11/07/2019 0:00,17796266.07,0,35381977.6,17.5,17796266.07,311434656.3
11/07/2019 1:00,17374428.64,0,35924349.87,17.5,17374428.64,304052501.2
11/07/2019 2:00,16905562.66,0,36012521.8,17.5,16905562.66,295847346.5
11/07/2019 3:00,16440015.94,0,33773834.7,17.5,16440015.94,287700278.9
11/07/2019 4:00,15925191.42,0,30011104.15,17.5,15925191.42,278690849.9
11/07/2019 5:00,15402246.98,302523.077,25184489.1,17.5,15402246.98,269539322.1
11/07/2019 6:00,14914134.9,4870902.671,19178885.86,17.5,14914134.9,260997360.8
11/07/2019 7:00,14516496.18,12667480.97,12389452.03,17.5,14516496.18,254038683.1
11/07/2019 8:00,14179914.99,20841656.31,6531672.841,17.5,14179914.99,248148512.3
11/07/2019 9:00,13956779.8,27705253.13,4093118.392,17.5,13956779.8,244243646.6
11/07/2019 10:00,13784399.35,32574507.98,2002956.353,17.5,13784399.35,241226988.6
11/07/2019 11:00,13693578.77,33151321.58,1314398.559,17.5,13693578.77,239637628.5
11/07/2019 12:00,13843120.44,33655528.35,972137.241,17.5,13843120.44,242254607.6
11/07/2019 13:00,14297575.9,32159673.39,935551.372,17.5,14297575.9,250207578.3
11/07/2019 14:00,14782463.09,25142018.77,1349632.017,17.5,14782463.09,258693104
11/07/2019 15:00,15232411.24,20147757.66,1764773.123,17.5,15232411.24,266567196.7
11/07/2019 16:00,15855326.71,13654799.85,2811545.648,17.5,15855326.71,277468217.4
11/07/2019 17:00,16588409.67,6740941.925,4678045.175,17.5,16588409.67,290297169.3
11/07/2019 18:00,17277576.84,1422222.271,8182830.061,17.5,17277576.84,302357594.7
11/07/2019 19:00,17873198.81,0,14033360.02,17.5,17873198.81,312780979.2
11/07/2019 20:00,18340269.19,0,20452194.28,17.5,18340269.19,320954710.8
11/07/2019 21:00,18601666.52,0,25319984.59,17.5,18601666.52,325529164.1
11/07/2019 22:00,18566552.47,0,26771464.57,17.5,18566552.47,324914668.3
11/07/2019 23:00,18338667.86,0,25223182.69,17.5,18338667.86,320926687.5
12/07/2019 0:00,17987110.84,0,24302043.18,17.5,17987110.84,314774439.7
12/07/2019 1:00,17585088.62,0,25888826.79,17.5,17585088.62,307739050.8
12/07/2019 2:00,17132251.82,0,27648763.79,17.5,17132251.82,299814406.8
12/07/2019 3:00,16679469.59,0,27308423.54,17.5,16679469.59,291890717.8
12/07/2019 4:00,16170946.28,0,26076924.35,17.5,16170946.28,282991559.8
12/07/2019 5:00,15648609.93,250732.684,23238343.19,17.5,15648609.93,273850673.8
12/07/2019 6:00,15157344.07,4343194.315,21976889.95,17.5,15157344.07,265253521.3
12/07/2019 7:00,14756630.97,11707105.17,19587548.92,17.5,14756630.97,258241041.9
12/07/2019 8:00,14416302.56,19618939.66,18698245.59,17.5,14416302.56,252285294.8
12/07/2019 9:00,14193492.33,26325636.24,20633792.35,17.5,14193492.33,248386115.8
12/07/2019 10:00,14022169.59,31049623.85,21679439.91,17.5,14022169.59,245387967.8
12/07/2019 11:00,13936313.67,31539376.12,22407055.76,17.5,13936313.67,243885489.2
12/07/2019 12:00,14109317.35,31468699.62,23524954.18,17.5,14109317.35,246913053.7
12/07/2019 13:00,14613548.79,27630546.64,25279570.16,17.5,14613548.79,255737103.8
12/07/2019 14:00,15150890.59,23222687.77,23975510.3,17.5,15150890.59,265140585.3
12/07/2019 15:00,15648682.26,19079397.44,21793149.57,17.5,15648682.26,273851939.6
12/07/2019 16:00,16332671.43,14050641.9,22348985.92,17.5,16332671.43,285821750
12/07/2019 17:00,17132398.7,7174454.98,24989966.84,17.5,17132398.7,299816977.2
12/07/2019 18:00,17877042.9,1513762.069,27532254.74,17.5,17877042.9,312848250.8
12/07/2019 19:00,18511042.37,0,30666593.29,17.5,18511042.37,323943241.5
12/07/2019 20:00,18995978.8,0,36014089.53,17.5,18995978.8,332429628.9
12/07/2019 21:00,19249070.01,0,40093895.51,17.5,19249070.01,336858725.2
12/07/2019 22:00,19174919.13,0,40839564.38,17.5,19174919.13,335561084.7
12/07/2019 23:00,18889654.45,0,40858364.47,17.5,18889654.45,330568952.8
13/07/2019 0:00,18471041.31,0,42140896.86,17.5,18471041.31,323243222.9
13/07/2019 1:00,17999979.86,0,43971304.99,17.5,17999979.86,314999647.6
13/07/2019 2:00,17478071.47,0,44170224.05,17.5,17478071.47,305866250.7
13/07/2019 3:00,16960543.41,0,43971273.06,17.5,16960543.41,296809509.7
13/07/2019 4:00,16390121.59,0,43956575.22,17.5,16390121.59,286827127.9
13/07/2019 5:00,15811955.2,219868.056,43826132.3,17.5,15811955.2,276709215.9
13/07/2019 6:00,15272899.79,3993608.59,46229512.98,17.5,15272899.79,267275746.4
13/07/2019 7:00,14833250.12,11018424.53,44721596.7,17.5,14833250.12,259581877.2
13/07/2019 8:00,14460759.71,18847829.55,41863928.48,17.5,14460759.71,253063294.9
13/07/2019 9:00,14211714.8,25712903.35,40253034.29,17.5,14211714.8,248705008.9
13/07/2019 10:00,14017863.57,30691173.58,38199429.61,17.5,14017863.57,245312612.5
13/07/2019 11:00,13911978.37,33969853.1,36175048.65,17.5,13911978.37,243459621.5
13/07/2019 12:00,14063574.34,34504797.59,34316082.26,17.5,14063574.34,246112550.9
13/07/2019 13:00,14539370.82,33008012.94,33658298.89,17.5,14539370.82,254438989.4
13/07/2019 14:00,15043844.22,27481122.99,34120418.88,17.5,15043844.22,263267273.8
13/07/2019 15:00,15506959.36,21814214.92,36719208.2,17.5,15506959.36,271371788.8
13/07/2019 16:00,16148638.68,14655616.88,40654633.09,17.5,16148638.68,282601176.9
13/07/2019 17:00,16900281.29,7157849.719,43826632.01,17.5,16900281.29,295754922.6
13/07/2019 18:00,17598402.1,1435699.289,45773790.08,17.5,17598402.1,307972036.7
13/07/2019 19:00,18191534.74,0,47144498.52,17.5,18191534.74,318351858
13/07/2019 20:00,18644550.71,0,48172487.59,17.5,18644550.71,326279637.4
13/07/2019 21:00,18879556.3,0,48181838.64,17.5,18879556.3,330392235.2
13/07/2019 22:00,18806117.72,0,47440179.26,17.5,18806117.72,329107060.1
13/07/2019 23:00,18535240.94,0,46199368.33,17.5,18535240.94,324366716.4
14/07/2019 0:00,18140537.84,0,45693233.41,17.5,18140537.84,317459412.2
14/07/2019 1:00,17698420.63,0,46285422.21,17.5,17698420.63,309722361.1
14/07/2019 2:00,17209388.35,0,46328395.89,17.5,17209388.35,301164296.1
14/07/2019 3:00,16725454.42,0,46025346.57,17.5,16725454.42,292695452.3
14/07/2019 4:00,16190595.4,0,45379742.53,17.5,16190595.4,283335419.4
14/07/2019 5:00,15647292.08,239900.302,44047310.3,17.5,15647292.08,273827611.5
14/07/2019 6:00,15140194.71,4479965.738,43748695.14,17.5,15140194.71,264953407.4
14/07/2019 7:00,14727746.75,12207055.42,41386655.29,17.5,14727746.75,257735568.1
14/07/2019 8:00,14378940.24,20487252.24,35275861.34,17.5,14378940.24,251631454.2
14/07/2019 9:00,14149396.15,27488918.05,27095098.44,17.5,14149396.15,247614432.7
14/07/2019 10:00,13973010.58,32405355.64,18876384.08,17.5,13973010.58,244527685.2
14/07/2019 11:00,13882737.47,34595290.87,12966593.48,17.5,13882737.47,242947905.8
14/07/2019 12:00,14048333.83,35137908.05,9003676.081,17.5,14048333.83,245845842.1
14/07/2019 13:00,14540098.71,33502750.42,7445672.239,17.5,14540098.71,254451727.4
14/07/2019 14:00,15065733.47,29216057.54,6532658.604,17.5,15065733.47,263650335.6
14/07/2019 15:00,15554923.38,23001167.18,6823619.24,17.5,15554923.38,272211159.2
14/07/2019 16:00,16230234.03,15286930.28,9257302.219,17.5,16230234.03,284029095.5
14/07/2019 17:00,17024252.7,7336612.548,13681859.3,17.5,17024252.7,297924422.3
14/07/2019 18:00,17770829.99,1444456.079,20579114.96,17.5,17770829.99,310989524.9
14/07/2019 19:00,18415951.43,0,28194730.22,17.5,18415951.43,322279150
14/07/2019 20:00,18921508.71,0,33257673.07,17.5,18921508.71,331126402.4
14/07/2019 21:00,19204227.3,0,35244045.38,17.5,19204227.3,336073977.7
14/07/2019 22:00,19166285.26,0,36302454.38,17.5,19166285.26,335409992
14/07/2019 23:00,18919663.04,0,35461941.72,17.5,18919663.04,331094103.2
15/07/2019 0:00,18539159.91,0,32408807.34,17.5,18539159.91,324435298.4
15/07/2019 1:00,18103995.33,0,28593165.86,17.5,18103995.33,316819918.2
15/07/2019 2:00,17614143.86,0,24834357.42,17.5,17614143.86,308247517.5
15/07/2019 3:00,17124615.2,0,23195185.94,17.5,17124615.2,299680766
15/07/2019 4:00,16575629.99,0,22181255.47,17.5,16575629.99,290073524.9
15/07/2019 5:00,16012433.2,182329.553,21228697.02,17.5,16012433.2,280217581
15/07/2019 6:00,15483309.89,3696495.437,24904946,17.5,15483309.89,270957923.1
15/07/2019 7:00,15052119.49,10474717.69,25724709.98,17.5,15052119.49,263412091.1
15/07/2019 8:00,14686396.52,18254239.77,22726418.44,17.5,14686396.52,257011939
15/07/2019 9:00,14447450.09,25123991,18973341.87,17.5,14447450.09,252830376.6
15/07/2019 10:00,14264365.74,30072744.36,14669725.64,17.5,14264365.74,249626400.4
15/07/2019 11:00,14173698.27,34768164.18,11121913.61,17.5,14173698.27,248039719.6
15/07/2019 12:00,14362085.07,35156617.63,8906304.328,17.5,14362085.07,251336488.7
15/07/2019 13:00,14908224.92,33397917.52,8127035.016,17.5,14908224.92,260893936
15/07/2019 14:00,15492341.65,26969025.42,7523778.5,17.5,15492341.65,271115978.8
15/07/2019 15:00,16036749.16,21285928.05,7560234.581,17.5,16036749.16,280643110.4
15/07/2019 16:00,16786002.72,14152586.26,9282428.273,17.5,16786002.72,293755047.6
15/07/2019 17:00,17665755.95,6795829.035,11891305.75,17.5,17665755.95,309150729.1
15/07/2019 18:00,18492298.49,1348610.023,15101922.36,17.5,18492298.49,323615223.6
15/07/2019 19:00,19205398.53,0,21095597.39,17.5,19205398.53,336094474.2
15/07/2019 20:00,19762531.37,0,26183108.74,17.5,19762531.37,345844298.9
15/07/2019 21:00,20071633.93,0,28035718.89,17.5,20071633.93,351253593.7
15/07/2019 22:00,20025050.82,0,28159406.12,17.5,20025050.82,350438389.4
15/07/2019 23:00,19746828.39,0,26856671.17,17.5,19746828.39,345569496.8
16/07/2019 0:00,19320076.06,0,24682726.75,17.5,19320076.06,338101331.1
16/07/2019 1:00,18832616.33,0,24331846.66,17.5,18832616.33,329570785.8
16/07/2019 2:00,18284977.25,0,26136250.16,17.5,18284977.25,319987101.9
16/07/2019 3:00,17738049.69,0,28145694.7,17.5,17738049.69,310415869.6
16/07/2019 4:00,17126709.19,0,30079971.53,17.5,17126709.19,299717410.9
16/07/2019 5:00,16500999.81,173168.589,32643877.96,17.5,16500999.81,288767496.6
16/07/2019 6:00,15913960.82,3654883.643,39029268.74,17.5,15913960.82,278494314.4
16/07/2019 7:00,15435190.48,10508878.96,40383458.88,17.5,15435190.48,270115833.4
16/07/2019 8:00,15028996.96,18501502.98,39467669.65,17.5,15028996.96,263007446.8
16/07/2019 9:00,14761650.03,25595634.76,37713900.8,17.5,14761650.03,258328875.5
16/07/2019 10:00,14555654.29,30708206.47,34896458.1,17.5,14555654.29,254723950
16/07/2019 11:00,14450245.88,32103075.4,32298019.25,17.5,14450245.88,252879302.9
16/07/2019 12:00,14646260.37,32468126.46,30666893.92,17.5,14646260.37,256309556.5
16/07/2019 13:00,15226713.61,30601511.32,30294116.2,17.5,15226713.61,266467488.1
16/07/2019 14:00,15845755.21,26154801.52,28191506.8,17.5,15845755.21,277300716.2
16/07/2019 15:00,16419914.56,20184832.59,26008047.22,17.5,16419914.56,287348504.8
16/07/2019 16:00,17211389.44,13037336.36,25533876.3,17.5,17211389.44,301199315.1
16/07/2019 17:00,18139670.11,6010650.104,26130143.92,17.5,18139670.11,317444226.9
16/07/2019 18:00,19008249.39,1138987.061,26936896.45,17.5,19008249.39,332644364.3
16/07/2019 19:00,19753454.77,0,26925007.96,17.5,19753454.77,345685458.5
16/07/2019 20:00,20330828.74,0,28103536.56,17.5,20330828.74,355789503
16/07/2019 21:00,20643579.92,0,29843785.55,17.5,20643579.92,361262648.5
16/07/2019 22:00,20578912.87,0,30126168.45,17.5,20578912.87,360130975.2
16/07/2019 23:00,20269835.68,0,28764366.19,17.5,20269835.68,354722124.5
17/07/2019 0:00,19805197.62,0,27155301.18,17.5,19805197.62,346590958.4
17/07/2019 1:00,19278265.25,0,25168797.73,17.5,19278265.25,337369641.9
17/07/2019 2:00,18689766.48,0,21674331.31,17.5,18689766.48,327070913.3
17/07/2019 3:00,18103937.2,0,17825320.44,17.5,18103937.2,316818901
17/07/2019 4:00,17452227.26,0,14684467,17.5,17452227.26,305413977
17/07/2019 5:00,16787319.95,119252.658,12456119.83,17.5,16787319.95,293778099
17/07/2019 6:00,16164793.12,3439498.69,10409547.44,17.5,16164793.12,282883879.5
17/07/2019 7:00,15657314.82,9983799.075,8756205.294,17.5,15657314.82,274003009.3
17/07/2019 8:00,15227086.27,17321352.04,6400999.238,17.5,15227086.27,266474009.7
17/07/2019 9:00,14943079.27,23695258.35,4927798.556,17.5,14943079.27,261503887.2
17/07/2019 10:00,14723879.91,28244193.19,3204197.561,17.5,14723879.91,257667898.5
17/07/2019 11:00,14610205.68,33351233.94,1571042.585,17.5,14610205.68,255678599.3
17/07/2019 12:00,14811099.04,33407911.54,976352.203,17.5,14811099.04,259194233.3
17/07/2019 13:00,15412203.28,31375766.79,2590519.741,17.5,15412203.28,269713557.5
17/07/2019 14:00,16052639.5,26505614.24,4880518.464,17.5,16052639.5,280921191.2
17/07/2019 15:00,16645583.51,20932824.99,7025392.428,17.5,16645583.51,291297711.4
17/07/2019 16:00,17463652.33,14610735.68,8643045.359,17.5,17463652.33,305613915.7
17/07/2019 17:00,18422833.19,7161770.68,9999500.61,17.5,18422833.19,322399580.8
17/07/2019 18:00,19319009.95,1465348.367,11961401.22,17.5,19319009.95,338082674.1
17/07/2019 19:00,20086354.36,0,13810005.59,17.5,20086354.36,351511201.4
17/07/2019 20:00,20679087.78,0,14791725.11,17.5,20679087.78,361884036.1
17/07/2019 21:00,20997297.38,0,16652016.84,17.5,20997297.38,367452704.1
17/07/2019 22:00,20924701.85,0,19261061.3,17.5,20924701.85,366182282.3
17/07/2019 23:00,20599534.64,0,20569646.98,17.5,20599534.64,360491856.2
18/07/2019 0:00,20114040.2,0,19863897.64,17.5,20114040.2,351995703.6
18/07/2019 1:00,19564812.07,0,18239028.16,17.5,19564812.07,342384211.2
18/07/2019 2:00,18952650.19,0,16300329.01,17.5,18952650.19,331671378.4
18/07/2019 3:00,18343927.08,0,14665076.97,17.5,18343927.08,321018723.9
18/07/2019 4:00,17667841.87,0,12047714.36,17.5,17667841.87,309187232.6
18/07/2019 5:00,16978804.26,126036.776,13024012.16,17.5,16978804.26,297129074.6
18/07/2019 6:00,16334115.69,3544269.226,13637853.95,17.5,16334115.69,285847024.5
18/07/2019 7:00,15808608.14,10291857.57,15496817.38,17.5,15808608.14,276650642.4
18/07/2019 8:00,15363162.66,18661846.15,14708188.43,17.5,15363162.66,268855346.5
18/07/2019 9:00,15068706.69,26036476.97,11850405.87,17.5,15068706.69,263702367
18/07/2019 10:00,14841218.13,30721298.75,7532051.583,17.5,14841218.13,259721317.3
18/07/2019 11:00,14722510.24,31944588.42,5089826.388,17.5,14722510.24,257643929.3
18/07/2019 12:00,14927487.37,30329604.38,4608582.18,17.5,14927487.37,261231028.9
18/07/2019 13:00,15543791.94,28396611.8,5177893.396,17.5,15543791.94,272016359
18/07/2019 14:00,16199938.27,23515258.17,5775807.927,17.5,16199938.27,283498919.7
18/07/2019 15:00,16806640.67,19116993.06,6801180.205,17.5,16806640.67,294116211.7
18/07/2019 16:00,17643880.55,13174160.83,8381955.191,17.5,17643880.55,308767909.6
18/07/2019 17:00,18625051.53,6884401.092,10870110.5,17.5,18625051.53,325938401.7
18/07/2019 18:00,19540487.83,1387969.871,14460120.93,17.5,19540487.83,341958536.9
18/07/2019 19:00,20322733.23,0,18350029.6,17.5,20322733.23,355647831.6
18/07/2019 20:00,20925043.3,0,19178476.02,17.5,20925043.3,366188257.8
18/07/2019 21:00,21245335.34,0,16363532.66,17.5,21245335.34,371793368.4
18/07/2019 22:00,21165023.71,0,12862250.97,17.5,21165023.71,370387914.9
18/07/2019 23:00,20826227.4,0,9468841.447,17.5,20826227.4,364458979.5
19/07/2019 0:00,20323723.77,0,6110118.243,17.5,20323723.77,355665165.9
19/07/2019 1:00,19756541.45,0,3584348.34,17.5,19756541.45,345739475.4
19/07/2019 2:00,19125643.19,0,1697095.457,17.5,19125643.19,334698755.8
19/07/2019 3:00,18498920.37,0,883375.912,17.5,18498920.37,323731106.5
19/07/2019 4:00,17804200.05,0,919750.881,17.5,17804200.05,311573500.9
19/07/2019 5:00,17097106.3,133917.876,1251058.186,17.5,17097106.3,299199360.2
19/07/2019 6:00,16436051.18,3317914.37,1794469.557,17.5,16436051.18,287630895.7
19/07/2019 7:00,15897123.15,9847567.341,1201797.505,17.5,15897123.15,278199655.1
19/07/2019 8:00,15440302.43,18756306.93,317327.018,17.5,15440302.43,270205292.5
19/07/2019 9:00,15137491.71,25241270.6,19198.056,17.5,15137491.71,264906104.9
19/07/2019 10:00,14903050.98,29175329.83,2684.839,17.5,14903050.98,260803392.2
19/07/2019 11:00,14779242.35,30888532.99,2529.928,17.5,14779242.35,258636741.1
19/07/2019 12:00,14983598.13,30283363.26,10215.724,17.5,14983598.13,262212967.3
19/07/2019 13:00,15604023.34,30167611.65,39957.916,17.5,15604023.34,273070408.5
19/07/2019 14:00,16263568.78,27505876.87,127010.987,17.5,16263568.78,284612453.6
19/07/2019 15:00,16871838.54,23237889.31,608151.084,17.5,16871838.54,295257174.5
19/07/2019 16:00,17711671.21,16148399.44,1924087.113,17.5,17711671.21,309954246.1
19/07/2019 17:00,18694988.2,8281464.646,3810828.093,17.5,18694988.2,327162293.6
19/07/2019 18:00,19609984.99,1692135.359,6610213.424,17.5,19609984.99,343174737.2
19/07/2019 19:00,20388872.35,0,11136893.14,17.5,20388872.35,356805266.1
19/07/2019 20:00,20984959.31,0,14399293.17,17.5,20984959.31,367236787.8
19/07/2019 21:00,21296174.42,0,15121076.45,17.5,21296174.42,372683052.3
19/07/2019 22:00,21204337.08,0,15293056.45,17.5,21204337.08,371075898.9
19/07/2019 23:00,20853223.21,0,15634213.98,17.5,20853223.21,364931406.2
20/07/2019 0:00,20338631.71,0,15143150.7,17.5,20338631.71,355926054.9
20/07/2019 1:00,19760210.51,0,13753450.07,17.5,19760210.51,345803683.9
20/07/2019 2:00,19119187.42,0,11907160.7,17.5,19119187.42,334585779.9
20/07/2019 3:00,18483592.1,0,11142558.59,17.5,18483592.1,323462861.7
20/07/2019 4:00,17781514.03,0,11414378.87,17.5,17781514.03,311176495.5
20/07/2019 5:00,17068637.36,225431.825,11173224.39,17.5,17068637.36,298701153.8
20/07/2019 6:00,16403148.58,4911396.358,9906907.489,17.5,16403148.58,287055100.1
20/07/2019 7:00,15860469.98,13145330.94,4763297.072,17.5,15860469.98,277558224.7
20/07/2019 8:00,15400483.58,21434475.88,1627287.854,17.5,15400483.58,269508462.6
20/07/2019 9:00,15094080.64,27627712.53,794988.025,17.5,15094080.64,264146411.3
20/07/2019 10:00,14855975.6,30640259.41,597619.927,17.5,14855975.6,259979573
20/07/2019 11:00,14727608.58,31921479.5,461398.17,17.5,14727608.58,257733150.2
20/07/2019 12:00,14922907.63,32409875.8,302057.959,17.5,14922907.63,261150883.6
20/07/2019 13:00,15526843.02,30235882.42,198006.495,17.5,15526843.02,271719752.9
20/07/2019 14:00,16167046.17,25479474.8,146582.033,17.5,16167046.17,282923307.9
20/07/2019 15:00,16754578.96,20238382.98,106668.929,17.5,16754578.96,293205131.9
20/07/2019 16:00,17566542.25,13493583.29,50594.017,17.5,17566542.25,307414489.3
20/07/2019 17:00,18515553.44,6842328.522,17449.932,17.5,18515553.44,324022185.2
20/07/2019 18:00,19394101.5,1359981.065,11050.608,17.5,19394101.5,339396776.3
20/07/2019 19:00,20136471.64,0,52693.155,17.5,20136471.64,352388253.7
20/07/2019 20:00,20698030.84,0,309570.037,17.5,20698030.84,362215539.7
20/07/2019 21:00,20980797.49,0,1359338.108,17.5,20980797.49,367163956.1
20/07/2019 22:00,20872018.73,0,3658621.227,17.5,20872018.73,365260327.8
20/07/2019 23:00,20512987.65,0,6761214.531,17.5,20512987.65,358977283.8
21/07/2019 0:00,19997642.52,0,9273545.162,17.5,19997642.52,349958744
21/07/2019 1:00,19422891.88,0,10542092.42,17.5,19422891.88,339900607.9
21/07/2019 2:00,18790327.65,0,8859724.816,17.5,18790327.65,328830733.8
21/07/2019 3:00,18165551.67,0,7508982.605,17.5,18165551.67,317897154.3
21/07/2019 4:00,17479722.03,0,8168805.029,17.5,17479722.03,305895135.5
21/07/2019 5:00,16786376.2,168139.357,9151638.532,17.5,16786376.2,293761583.4
21/07/2019 6:00,16141005.68,4337145.866,7627663.969,17.5,16141005.68,282467599.4
21/07/2019 7:00,15615100.79,12278279.9,5287525.423,17.5,15615100.79,273264263.9
21/07/2019 8:00,15169874.75,20432018.22,4029021.447,17.5,15169874.75,265472808
21/07/2019 9:00,14872139.19,26830393.47,3475817.938,17.5,14872139.19,260262435.7
21/07/2019 10:00,14640364.88,31403866.66,3216583.305,17.5,14640364.88,256206385.4
21/07/2019 11:00,14513436.24,33606706.64,3118102.669,17.5,14513436.24,253985134.3
21/07/2019 12:00,14693022.74,33900361.36,2934624.178,17.5,14693022.74,257127898
21/07/2019 13:00,15258198.14,32372195.3,2613188.763,17.5,15258198.14,267018467.5
21/07/2019 14:00,15856814.08,28837797.1,1991592.713,17.5,15856814.08,277494246.4
21/07/2019 15:00,16405280.44,22995070.26,1641356.267,17.5,16405280.44,287092407.7
21/07/2019 16:00,17164755.54,15398837.07,1678967.772,17.5,17164755.54,300383222
21/07/2019 17:00,18052959.85,7276786.086,2134688.089,17.5,18052959.85,315926797.4
21/07/2019 18:00,18875055.79,1345726.656,3529742.991,17.5,18875055.79,330313476.3
21/07/2019 19:00,19569727.56,0,7977399.01,17.5,19569727.56,342470232.2
21/07/2019 20:00,20095381,0,12550963.95,17.5,20095381,351669167.4
21/07/2019 21:00,20360210.9,0,13900095.44,17.5,20360210.9,356303690.8
21/07/2019 22:00,20258361.35,0,13283612.17,17.5,20258361.35,354521323.6
21/07/2019 23:00,19922385.16,0,11807013.93,17.5,19922385.16,348641740.3
22/07/2019 0:00,19440255.4,0,10698365.94,17.5,19440255.4,340204469.5
22/07/2019 1:00,18902732.32,0,11224594.28,17.5,18902732.32,330797815.7
22/07/2019 2:00,18311040.84,0,12336674.62,17.5,18311040.84,320443214.7
22/07/2019 3:00,17726622.59,0,13516980.98,17.5,17726622.59,310215895.3
22/07/2019 4:00,17084519.66,0,14476979.03,17.5,17084519.66,298979094
22/07/2019 5:00,16434903.3,169412.477,14364628.9,17.5,16434903.3,287610807.7
22/07/2019 6:00,15829919.19,4466625.771,13554637.16,17.5,15829919.19,277023585.8
22/07/2019 7:00,15336940.87,12497031.91,11894936.09,17.5,15336940.87,268396465.3
22/07/2019 8:00,14919500.77,21090445.55,6915233.922,17.5,14919500.77,261091263.5
22/07/2019 9:00,14640732.79,28140893.39,3675329.308,17.5,14640732.79,256212823.8
22/07/2019 10:00,14423845,33077741.48,1924737.389,17.5,14423845,252417287.5
22/07/2019 11:00,14305637.1,34606302.89,1205843.532,17.5,14305637.1,250348649.3
22/07/2019 12:00,14476794.45,34997527.56,892947.939,17.5,14476794.45,253343902.9
22/07/2019 13:00,15012339.53,32935761.18,848554.887,17.5,15012339.53,262715941.8
22/07/2019 14:00,15579481.47,28832369.69,1069487.558,17.5,15579481.47,272640925.7
22/07/2019 15:00,16098982.23,23033938.54,1662589.89,17.5,16098982.23,281732189
22/07/2019 16:00,16817595.41,15455643.37,2376525.987,17.5,16817595.41,294307919.6
22/07/2019 17:00,17657209.72,7463340.462,3374711.421,17.5,17657209.72,309001170
22/07/2019 18:00,18433171.95,1363647.072,5143350.972,17.5,18433171.95,322580509.2
22/07/2019 19:00,19087183.28,0,8906669.986,17.5,19087183.28,334025707.5
22/07/2019 20:00,19579729.44,0,11403927.74,17.5,19579729.44,342645265.1
22/07/2019 21:00,19824079.18,0,11415988.98,17.5,19824079.18,346921385.6
22/07/2019 22:00,19720665.73,0,10633636.03,17.5,19720665.73,345111650.3
22/07/2019 23:00,19395243.43,0,10135764,17.5,19395243.43,339416760
23/07/2019 0:00,18931381.47,0,10584020.9,17.5,18931381.47,331299175.7
23/07/2019 1:00,18415069.43,0,12449568.98,17.5,18415069.43,322263715.1
23/07/2019 2:00,17847897.95,0,15686735.95,17.5,17847897.95,312338214.1
23/07/2019 3:00,17287949.15,0,19558367.78,17.5,17287949.15,302539110.1
23/07/2019 4:00,16674720.85,0,22105938.99,17.5,16674720.85,291807614.9
23/07/2019 5:00,16055685.86,168767.768,22529404.46,17.5,16055685.86,280974502.5
23/07/2019 6:00,15479788.36,4570108.375,19296616.26,17.5,15479788.36,270896296.3
23/07/2019 7:00,15009629.98,12759627.19,15520281.86,17.5,15009629.98,262668524.6
23/07/2019 8:00,14610914.09,21328149.69,8151408.236,17.5,14610914.09,255690996.5
23/07/2019 9:00,14341550.28,28411593.15,4754250.031,17.5,14341550.28,250977130
23/07/2019 10:00,14129865.61,33321256.97,3462547.372,17.5,14129865.61,247272648.1
23/07/2019 11:00,14009124.66,34763089.1,2966302.65,17.5,14009124.66,245159681.6
23/07/2019 12:00,14152424.31,35218361.38,2595512.6,17.5,14152424.31,247667425.4
23/07/2019 13:00,14624618.85,33471636.14,2011249.139,17.5,14624618.85,255930829.9
23/07/2019 14:00,15119917.8,30305461.58,1172043.538,17.5,15119917.8,264598561.4
23/07/2019 15:00,15566090.1,24308803.25,604927.873,17.5,15566090.1,272406576.8
23/07/2019 16:00,16184240.74,16559487.27,457557.032,17.5,16184240.74,283224213
23/07/2019 17:00,16901299.61,8173767.554,552856.223,17.5,16901299.61,295772743.2
23/07/2019 18:00,17551287.27,1510410.14,1131596.562,17.5,17551287.27,307147527.2
23/07/2019 19:00,18083725.43,0,3372247.746,17.5,18083725.43,316465195.1
23/07/2019 20:00,18466272.09,0,7621450.972,17.5,18466272.09,323159761.5
23/07/2019 21:00,18626807.72,0,12621087.31,17.5,18626807.72,325969135
23/07/2019 22:00,18484417.26,0,15968876.49,17.5,18484417.26,323477302
23/07/2019 23:00,18153495.66,0,17366484.31,17.5,18153495.66,317686174
24/07/2019 0:00,17709532.48,0,17999327.74,17.5,17709532.48,309916818.5
24/07/2019 1:00,17227961.44,0,18565924.49,17.5,17227961.44,301489325.1
24/07/2019 2:00,16711222.02,0,17877047.67,17.5,16711222.02,292446385.3
24/07/2019 3:00,16208645.22,0,17176677.93,17.5,16208645.22,283651291.4
24/07/2019 4:00,15669794.48,0,17460923.72,17.5,15669794.48,274221403.5
24/07/2019 5:00,15134279.8,159087.913,17508684.38,17.5,15134279.8,264849896.5
24/07/2019 6:00,14641900.92,4507114.018,12942405.44,17.5,14641900.92,256233266.1
24/07/2019 7:00,14242881.92,12560302.35,12063288.52,17.5,14242881.92,249250433.5
24/07/2019 8:00,13907694.47,20935855.63,9288330.773,17.5,13907694.47,243384653.2
24/07/2019 9:00,13682564.17,27881644.28,6812542.271,17.5,13682564.17,239444873
24/07/2019 10:00,13508156.89,32699689.96,4586491.734,17.5,13508156.89,236392745.6
24/07/2019 11:00,13411263.08,35321946.08,2938790.302,17.5,13411263.08,234697104
24/07/2019 12:00,13533468.11,35696645,1699989.984,17.5,13533468.11,236835691.9
24/07/2019 13:00,13930040.05,33942271.98,791632.587,17.5,13930040.05,243775700.8
24/07/2019 14:00,14353764.6,29399432.52,218987.809,17.5,14353764.6,251190880.4
24/07/2019 15:00,14747422.57,23430758.62,65087.19,17.5,14747422.57,258079894.9
24/07/2019 16:00,15297639.92,15795422.54,92333.835,17.5,15297639.92,267708698.7
24/07/2019 17:00,15949770.05,7657653.948,379114.842,17.5,15949770.05,279120975.9
24/07/2019 18:00,16568535.07,1370006.049,1519060.675,17.5,16568535.07,289949363.7
24/07/2019 19:00,17111149.88,0,5368953.596,17.5,17111149.88,299445122.9
24/07/2019 20:00,17546998.95,0,11676395.81,17.5,17546998.95,307072481.6
24/07/2019 21:00,17806592.05,0,16507165.47,17.5,17806592.05,311615360.9
24/07/2019 22:00,17806141.8,0,18078473.22,17.5,17806141.8,311607481.4
24/07/2019 23:00,17635774.28,0,17486313.73,17.5,17635774.28,308626049.8
25/07/2019 0:00,17355032.25,0,16843460.3,17.5,17355032.25,303713064.4
25/07/2019 1:00,17028202.21,0,16429929.73,17.5,17028202.21,297993538.7
25/07/2019 2:00,16653077.4,0,16409923.2,17.5,16653077.4,291428854.5
25/07/2019 3:00,16275081.61,0,16291420.16,17.5,16275081.61,284813928.1
25/07/2019 4:00,15840923.91,0,15147587.51,17.5,15840923.91,277216168.5
25/07/2019 5:00,15388194.46,128904.053,12836768.94,17.5,15388194.46,269293403
25/07/2019 6:00,14958626.73,4218164.818,15560704.72,17.5,14958626.73,261775967.7
25/07/2019 7:00,14609587.15,11675209.64,18308166.96,17.5,14609587.15,255667775.1
25/07/2019 8:00,14313523.56,19082685.55,16510136.24,17.5,14313523.56,250486662.2
25/07/2019 9:00,14127637.83,25631131.95,17826310.88,17.5,14127637.83,247233662
25/07/2019 10:00,13989439.84,31334149.08,19000429.46,17.5,13989439.84,244815197.2
25/07/2019 11:00,13934091.29,32783546.46,18251307.56,17.5,13934091.29,243846597.5
25/07/2019 12:00,14138766.57,33468386.8,15564385.03,17.5,14138766.57,247428414.9
25/07/2019 13:00,14684524.59,31888471.71,12737427.19,17.5,14684524.59,256979180.3
25/07/2019 14:00,15274512,26561014.54,9315857.054,17.5,15274512,267303960
25/07/2019 15:00,15834340.26,20963054.32,7277216.913,17.5,15834340.26,277100954.6
25/07/2019 16:00,16599429.9,13692153.63,7283475.043,17.5,16599429.9,290490023.2
25/07/2019 17:00,17500794.51,6334855.78,10215756.45,17.5,17500794.51,306263903.9
25/07/2019 18:00,18359505.68,1073875.994,17313873.75,17.5,18359505.68,321291349.3
25/07/2019 19:00,19114088.51,0,26109973.49,17.5,19114088.51,334496548.9
25/07/2019 20:00,19719483.19,0,30191155.76,17.5,19719483.19,345090955.8
25/07/2019 21:00,20080343.06,0,30089113.86,17.5,20080343.06,351406003.6
25/07/2019 22:00,20083946.62,0,27012298.21,17.5,20083946.62,351469065.9
25/07/2019 23:00,19850194.94,0,23125451.4,17.5,19850194.94,347378411.4
26/07/2019 0:00,19460354.75,0,19397809.02,17.5,19460354.75,340556208.1
26/07/2019 1:00,19002394.26,0,16449795.37,17.5,19002394.26,332541899.6
26/07/2019 2:00,18476485.62,0,14059588.8,17.5,18476485.62,323338498.4
26/07/2019 3:00,17945013.63,0,12357242.97,17.5,17945013.63,314037738.6
26/07/2019 4:00,17341115.47,0,10156540.23,17.5,17341115.47,303469520.7
26/07/2019 5:00,16716382.26,78163.942,7415101.579,17.5,16716382.26,292536689.5
26/07/2019 6:00,16126283.17,3513678.925,5322821.731,17.5,16126283.17,282209955.5
26/07/2019 7:00,15644308.72,10361237.6,3655221.049,17.5,15644308.72,273775402.6
26/07/2019 8:00,15234473.42,17959187.47,1729483.557,17.5,15234473.42,266603284.9
26/07/2019 9:00,14967411.47,24687325.3,511362.491,17.5,14967411.47,261929700.8
26/07/2019 10:00,14762917.17,29437043.38,150684.354,17.5,14762917.17,258351050.4
26/07/2019 11:00,14663189.67,33596535.16,92583.64,17.5,14663189.67,256605819.1
26/07/2019 12:00,14882280.61,33697259.38,161418.803,17.5,14882280.61,260439910.7
26/07/2019 13:00,15511251.26,31611579.18,666251.315,17.5,15511251.26,271446897
26/07/2019 14:00,16184605.92,27243574.97,1757103.56,17.5,16184605.92,283230603.5
26/07/2019 15:00,16813406.84,21506718.26,3171670.697,17.5,16813406.84,294234619.8
26/07/2019 16:00,17678473.28,14422805.8,4939110.347,17.5,17678473.28,309373282.4
26/07/2019 17:00,18695175.29,6968135.212,8194196.176,17.5,18695175.29,327165567.5
26/07/2019 18:00,19652895.12,1208998.481,13991879.2,17.5,19652895.12,343925664.7
26/07/2019 19:00,20482241.87,0,19709784.41,17.5,20482241.87,358439232.7
26/07/2019 20:00,21133866.58,0,21311844.05,17.5,21133866.58,369842665.2
26/07/2019 21:00,21501005.8,0,19847556.81,17.5,21501005.8,376267601.5
26/07/2019 22:00,21458392.99,0,17190523.87,17.5,21458392.99,375521877.3
26/07/2019 23:00,21148039.48,0,15596702.21,17.5,21148039.48,370090691
27/07/2019 0:00,20665150.29,0,15949753.88,17.5,20665150.29,361640130.1
27/07/2019 1:00,20110826.75,0,17018436.49,17.5,20110826.75,351939468
27/07/2019 2:00,19485383.65,0,17528165.89,17.5,19485383.65,340994213.9
27/07/2019 3:00,18859239.82,0,17310930.35,17.5,18859239.82,330036696.9
27/07/2019 4:00,18156723.12,0,16798209.51,17.5,18156723.12,317742654.7
27/07/2019 5:00,17435825.82,88591.338,16293695.46,17.5,17435825.82,305126951.8
27/07/2019 6:00,16758282.32,3201619.282,17827170.83,17.5,16758282.32,293269940.6
27/07/2019 7:00,16205335.39,8660296.088,15739238.74,17.5,16205335.39,283593369.3
27/07/2019 8:00,15735742.04,14234178.32,11660187.33,17.5,15735742.04,275375485.7
27/07/2019 9:00,15427036.83,18923215.67,8160300.038,17.5,15427036.83,269973144.4
27/07/2019 10:00,15189128.79,23359278.75,5466322.23,17.5,15189128.79,265809753.8
27/07/2019 11:00,15067963.53,25022337.43,3491795.147,17.5,15067963.53,263689361.8
27/07/2019 12:00,15298222.77,26473687.99,2548738.672,17.5,15298222.77,267718898.5
27/07/2019 13:00,15977083.85,26478686.23,3125562.904,17.5,15977083.85,279598967.4
27/07/2019 14:00,16700526.77,22305930.33,4852668.531,17.5,16700526.77,292259218.5
27/07/2019 15:00,17370727.91,17355011.56,6833744.159,17.5,17370727.91,303987738.5
27/07/2019 16:00,18293533.43,11266131.23,8125711.051,17.5,18293533.43,320136835
27/07/2019 17:00,19374318.1,5060858.567,8906597.326,17.5,19374318.1,339050566.8
27/07/2019 18:00,20383083.67,887837.806,10726016.93,17.5,20383083.67,356703964.2
27/07/2019 19:00,21245320.55,0,14357791.38,17.5,21245320.55,371793109.7
27/07/2019 20:00,21909295.8,0,17680733.08,17.5,21909295.8,383412676.5
27/07/2019 21:00,22262715.98,0,19384794.07,17.5,22262715.98,389597529.6
27/07/2019 22:00,22175342.9,0,19179557.04,17.5,22175342.9,388068500.7
27/07/2019 23:00,21803205.42,0,17826541.4,17.5,21803205.42,381556094.8
28/07/2019 0:00,21250570.51,0,15664795.28,17.5,21250570.51,371884983.8
28/07/2019 1:00,20626410.26,0,12764113.01,17.5,20626410.26,360962179.6
28/07/2019 2:00,19932099.4,0,9072022.705,17.5,19932099.4,348811739.6
28/07/2019 3:00,19242353.2,0,6377946.088,17.5,19242353.2,336741180.9
28/07/2019 4:00,18478298.5,0,5018558.498,17.5,18478298.5,323370223.8
28/07/2019 5:00,17701101.18,38125.957,4547636.903,17.5,17701101.18,309769270.7
28/07/2019 6:00,16974864.6,2975468.767,4784522.867,17.5,16974864.6,297060130.6
28/07/2019 7:00,16382894.35,9436146.964,6896921.179,17.5,16382894.35,286700651.2
28/07/2019 8:00,15881319.6,16933572.22,7486921.467,17.5,15881319.6,277923092.9
28/07/2019 9:00,15548736.55,23269815.01,6209214.795,17.5,15548736.55,272102889.7
28/07/2019 10:00,15291373.18,27523124.39,5003499.768,17.5,15291373.18,267599030.7
28/07/2019 11:00,15155420.28,29760682.13,4185098.599,17.5,15155420.28,265219854.9
28/07/2019 12:00,15378756.14,30478737.5,4146372.797,17.5,15378756.14,269128232.4
28/07/2019 13:00,16057619.45,27300743.35,4548948.215,17.5,16057619.45,281008340.3
28/07/2019 14:00,16780094.02,23815095.46,4962443.75,17.5,16780094.02,293651645.4
28/07/2019 15:00,17447652.4,18427432.21,4522957.65,17.5,17447652.4,305333917
28/07/2019 16:00,18370251.6,12163804.26,3813229.349,17.5,18370251.6,321479403.1
28/07/2019 17:00,19452318.43,5753383.796,3323894.579,17.5,19452318.43,340415572.5
28/07/2019 18:00,20462583.87,941373.783,3314309.249,17.5,20462583.87,358095217.7
28/07/2019 19:00,21326918.88,0,3927645.481,17.5,21326918.88,373221080.4
28/07/2019 20:00,21993889.88,0,4528888.877,17.5,21993889.88,384893072.8
28/07/2019 21:00,22350686.15,0,4397597.247,17.5,22350686.15,391137007.6
28/07/2019 22:00,22265929.83,0,3908326.471,17.5,22265929.83,389653772
28/07/2019 23:00,21896206.05,0,3571829.127,17.5,21896206.05,383183605.8
29/07/2019 0:00,21345808.95,0,3343815.238,17.5,21345808.95,373551656.6
29/07/2019 1:00,20723868.83,0,2851809.576,17.5,20723868.83,362667704.5
29/07/2019 2:00,20031080.35,0,2233529.118,17.5,20031080.35,350543906.1
29/07/2019 3:00,19342382.93,0,1529479.754,17.5,19342382.93,338491701.2
29/07/2019 4:00,18577500.93,0,1157383.671,17.5,18577500.93,325106266.2
29/07/2019 5:00,17797890.82,19872.016,1314066.656,17.5,17797890.82,311463089.3
29/07/2019 6:00,17068333.51,2459934.176,1753025.916,17.5,17068333.51,298695836.5
29/07/2019 7:00,16473482.46,8166119.307,1917247.549,17.5,16473482.46,288285943.1
29/07/2019 8:00,15969043.27,16114960.64,2085513.16,17.5,15969043.27,279458257.2
29/07/2019 9:00,15635257.18,22306909.96,2548185.458,17.5,15635257.18,273617000.6
29/07/2019 10:00,15377005.14,27644671.1,3193962.187,17.5,15377005.14,269097590
29/07/2019 11:00,15241531.11,30808043.6,4031947.859,17.5,15241531.11,266726794.4
29/07/2019 12:00,15471686.91,30488881.81,5109699.296,17.5,15471686.91,270754520.9
29/07/2019 13:00,16165993.67,27052534.37,6134254.825,17.5,16165993.67,282904889.3
29/07/2019 14:00,16903948.35,22792562.41,6574839.939,17.5,16903948.35,295819096
29/07/2019 15:00,17584355.92,16263625.99,6302913.474,17.5,17584355.92,307726228.7
29/07/2019 16:00,18522702.84,10251524.02,5285486.858,17.5,18522702.84,324147299.7
29/07/2019 17:00,19620249.79,4983370.576,3559366.957,17.5,19620249.79,343354371.3
29/07/2019 18:00,20639975.34,910058.233,1991167.561,17.5,20639975.34,361199568.4
29/07/2019 19:00,21505848.32,0,1008489.962,17.5,21505848.32,376352345.5
29/07/2019 20:00,22165622.04,0,516432.135,17.5,22165622.04,387898385.7
29/07/2019 21:00,22505571.41,0,295919.598,17.5,22505571.41,393847499.7
29/07/2019 22:00,22394552.29,0,218807.138,17.5,22394552.29,391904665
29/07/2019 23:00,21993671.66,0,211507.422,17.5,21993671.66,384889254
30/07/2019 0:00,21410390.3,0,269430.623,17.5,21410390.3,374681830.2
30/07/2019 1:00,20756169.59,0,429285.699,17.5,20756169.59,363232967.8
30/07/2019 2:00,20032869.62,0,691766.678,17.5,20032869.62,350575218.4
30/07/2019 3:00,19316386.17,0,930702.251,17.5,19316386.17,338036758
30/07/2019 4:00,18527410.9,0,950968.941,17.5,18527410.9,324229690.7
30/07/2019 5:00,17728038.02,119368.434,753657.579,17.5,17728038.02,310240665.3
30/07/2019 6:00,16982749.6,4583963.082,847666.013,17.5,16982749.6,297198117.9
30/07/2019 7:00,16374548.25,13074689.56,1743308.554,17.5,16374548.25,286554594.3
30/07/2019 8:00,15858838.22,21915107.59,2136410.656,17.5,15858838.22,277529668.8
30/07/2019 9:00,15513017.8,29091724.56,2320010.582,17.5,15513017.8,271477811.6
30/07/2019 10:00,15242871.34,33689505.13,2015032.785,17.5,15242871.34,266750248.5
30/07/2019 11:00,15093294.81,36648682,1506611.792,17.5,15093294.81,264132659.1
30/07/2019 12:00,15296720.33,37487067.55,1111285.787,17.5,15296720.33,267692605.8
30/07/2019 13:00,15943209.36,35727867.65,1040983.874,17.5,15943209.36,279006163.9
30/07/2019 14:00,16625684.09,31076508.99,869091.128,17.5,16625684.09,290949471.5
30/07/2019 15:00,17247499.43,24833205.5,846517.842,17.5,17247499.43,301831240.1
30/07/2019 16:00,18108109.6,16478110.14,1288469.216,17.5,18108109.6,316891917.9
30/07/2019 17:00,19111502.29,8223509.574,2661799.101,17.5,19111502.29,334451290
30/07/2019 18:00,20033548.89,1374419.203,5831042.5,17.5,20033548.89,350587105.5
30/07/2019 19:00,20804449.06,0,11922501.6,17.5,20804449.06,364077858.5
30/07/2019 20:00,21377760.58,0,19521111.14,17.5,21377760.58,374110810.1
30/07/2019 21:00,21650787.66,0,25378377.52,17.5,21650787.66,378888784
30/07/2019 22:00,21506281.38,0,28145801.39,17.5,21506281.38,376359924.1
30/07/2019 23:00,21097502.26,0,30250696.4,17.5,21097502.26,369206289.5
31/07/2019 0:00,20526000.96,0,31669337.45,17.5,20526000.96,359205016.7
31/07/2019 1:00,19895344.03,0,31289245.88,17.5,19895344.03,348168520.5
31/07/2019 2:00,19207704.72,0,27363792.14,17.5,19207704.72,336134832.6
31/07/2019 3:00,18532353.68,0,21657144.54,17.5,18532353.68,324316189.4
31/07/2019 4:00,17797057.84,0,19697298.57,17.5,17797057.84,311448512.2
31/07/2019 5:00,17058035.05,114073.789,18875563.39,17.5,17058035.05,298515613.4
31/07/2019 6:00,16373000.17,4793822.397,18505278.5,17.5,16373000.17,286527502.9
31/07/2019 7:00,15815872.93,13674434.06,18714582.82,17.5,15815872.93,276777776.2
31/07/2019 8:00,15345465.11,22488150.28,16552917.26,17.5,15345465.11,268545639.5
31/07/2019 9:00,15030584.16,29523403.17,12490382.2,17.5,15030584.16,263035222.9
31/07/2019 10:00,14785938.11,34377078.01,8161385.524,17.5,14785938.11,258753916.9
31/07/2019 11:00,14651542.62,36740621.7,5177921.399,17.5,14651542.62,256401995.9
31/07/2019 12:00,14836151.81,36988556.96,3134616.075,17.5,14836151.81,259632656.6
31/07/2019 13:00,15421620.36,35043241.76,1701524.907,17.5,15421620.36,269878356.3
31/07/2019 14:00,16043535.31,30012227.52,857814.938,17.5,16043535.31,280761868
31/07/2019 15:00,16616007.5,23962358.66,778913.588,17.5,16616007.5,290780131.2
31/07/2019 16:00,17410921.5,16476381.86,1366855.257,17.5,17410921.5,304691126.3
31/07/2019 17:00,18344526.73,8047073.852,3222484.036,17.5,18344526.73,321029217.7
31/07/2019 18:00,19215714,1330759.763,8134168.584,17.5,19215714,336274995
31/07/2019 19:00,19961083.11,0,19203585,17.5,19961083.11,349318954.5
31/07/2019 20:00,20536910.63,0,29135069.57,17.5,20536910.63,359395936
31/07/2019 21:00,20845791.78,0,32780850.17,17.5,20845791.78,364801356.2
31/07/2019 22:00,20773719.89,0,31407115.33,17.5,20773719.89,363540098.1
31/07/2019 23:00,20456657.87,0,27308430.64,17.5,20456657.87,357991512.7
01/08/2019 0:00,19984715.44,0,23777078.2,17.5,19984715.44,349732520.3
01/08/2019 1:00,19452179.03,0,22048259.18,17.5,19452179.03,340413133.1
01/08/2019 2:00,18858881.96,0,17976649.26,17.5,18858881.96,330030434.4
01/08/2019 3:00,18269540.78,0,14501260.96,17.5,18269540.78,319716963.6
01/08/2019 4:00,17613230.52,0,16654247.53,17.5,17613230.52,308231534
01/08/2019 5:00,16942979.17,0,22278979.11,17.5,16942979.17,296502135.5
01/08/2019 6:00,16315177.39,2324869.179,22555046.08,17.5,16315177.39,285515604.4
01/08/2019 7:00,15804371.03,6902526.785,18758013.8,17.5,15804371.03,276576493.1
01/08/2019 8:00,15371865.9,12607238.08,13948363.61,17.5,15371865.9,269007653.2
01/08/2019 9:00,15089255.5,17352646.04,15645554.83,17.5,15089255.5,264061971.2
01/08/2019 10:00,14872941.03,19188466.13,14205415.83,17.5,14872941.03,260276468
01/08/2019 11:00,14765618.42,19268803.48,7280224.802,17.5,14765618.42,258398322.3
01/08/2019 12:00,14986102.96,20826343.26,5936214.822,17.5,14986102.96,262256801.7
01/08/2019 13:00,15626586.44,22017363.86,7056992.899,17.5,15626586.44,273465262.7
01/08/2019 14:00,16311915.58,19372146.48,6136853.513,17.5,16311915.58,285458522.7
01/08/2019 15:00,16950989.5,15751279.22,4151940.848,17.5,16950989.5,296642316.2
01/08/2019 16:00,17830779.26,9794057.669,3924022.568,17.5,17830779.26,312038637.1
01/08/2019 17:00,18864107.96,4860440.823,5915226.334,17.5,18864107.96,330121889.3
01/08/2019 18:00,19835397.2,835875.028,12206622.04,17.5,19835397.2,347119451
01/08/2019 19:00,20673889.67,0,22190967.1,17.5,20673889.67,361793069.2
01/08/2019 20:00,21329569.54,0,26369010.58,17.5,21329569.54,373267466.9
01/08/2019 21:00,21694189.21,0,26391142.36,17.5,21694189.21,379648311.2
01/08/2019 22:00,21641110.91,0,25918288.8,17.5,21641110.91,378719441
01/08/2019 23:00,21315812.33,0,25161280.57,17.5,21315812.33,373026715.8
02/08/2019 0:00,20815762.92,0,24833649.16,17.5,20815762.92,364275851.1
02/08/2019 1:00,20244059.22,0,24677974.67,17.5,20244059.22,354271036.4
02/08/2019 2:00,19601290.76,0,24989637.25,17.5,19601290.76,343022588.3
02/08/2019 3:00,18958997.28,0,25534466.51,17.5,18958997.28,331782452.4
02/08/2019 4:00,18240689.97,0,24834224.3,17.5,18240689.97,319212074.4
02/08/2019 5:00,17505207.59,70829.926,21155591.68,17.5,17505207.59,306341132.9
02/08/2019 6:00,16814935.82,4172010.74,13573900.32,17.5,16814935.82,294261376.8
02/08/2019 7:00,16251684.58,12447479.26,17187023.89,17.5,16251684.58,284404480.2
02/08/2019 8:00,15773545.98,20977176.7,15020394.28,17.5,15773545.98,276037054.7
02/08/2019 9:00,15458337.51,27935904.51,7758615.588,17.5,15458337.51,270520906.4
02/08/2019 10:00,15215007.1,32669922.8,3703588.805,17.5,15215007.1,266262624.2
02/08/2019 11:00,15089547.77,33975511.94,2182601.086,17.5,15089547.77,264067085.9
02/08/2019 12:00,15317342.7,34427553.34,2005124.243,17.5,15317342.7,268053497.3
02/08/2019 13:00,15995107.08,33061665.71,2912512.398,17.5,15995107.08,279914373.9
02/08/2019 14:00,16716799.61,27614812.07,4231178.353,17.5,16716799.61,292543993.2
02/08/2019 15:00,17384415.78,21684705.67,5050486.52,17.5,17384415.78,304227276.2
02/08/2019 16:00,18304477.74,14188494.32,5132765.223,17.5,18304477.74,320328360.4
02/08/2019 17:00,19381977.82,6483310.98,5698316.087,17.5,19381977.82,339184611.9
02/08/2019 18:00,20386761.89,949525.884,7868859.362,17.5,20386761.89,356768333
02/08/2019 19:00,21244543.72,0,11041705.84,17.5,21244543.72,371779515.1
02/08/2019 20:00,21903859.61,0,12095074.16,17.5,21903859.61,383317543.2
02/08/2019 21:00,22252757.84,0,11134982.63,17.5,22252757.84,389423262.1
02/08/2019 22:00,22161460.34,0,10233955.41,17.5,22161460.34,387825555.9
02/08/2019 23:00,21786125.77,0,8804359.538,17.5,21786125.77,381257201
03/08/2019 0:00,21231021.68,0,6626239.759,17.5,21231021.68,371542879.5
03/08/2019 1:00,20604947.37,0,4314316.045,17.5,20604947.37,360586578.9
03/08/2019 2:00,19909268.19,0,2919004.266,17.5,19909268.19,348412193.4
03/08/2019 3:00,19218503.44,0,2444809.785,17.5,19218503.44,336323810.1
03/08/2019 4:00,18453978.68,0,2029175.67,17.5,18453978.68,322944626.8
03/08/2019 5:00,17676713.32,43294.719,1590364.665,17.5,17676713.32,309342483.1
03/08/2019 6:00,16950580.84,3631729.129,840608.617,17.5,16950580.84,296635164.6
03/08/2019 7:00,16358496.56,11083987.87,184314.28,17.5,16358496.56,286273689.8
03/08/2019 8:00,15856653.94,19086580.32,23090.425,17.5,15856653.94,277491443.9
03/08/2019 9:00,15523136.18,25856671.03,34573.701,17.5,15523136.18,271654883.2
03/08/2019 10:00,15264478.04,30464141.33,226553.732,17.5,15264478.04,267128365.7
03/08/2019 11:00,15126446.41,32170976.77,1081612.281,17.5,15126446.41,264712812.2
03/08/2019 12:00,15344937.62,31656432.37,2663333.513,17.5,15344937.62,268536408.4
03/08/2019 13:00,16014531.59,28674171.14,4251555.98,17.5,16014531.59,280254302.7
03/08/2019 14:00,16725716.58,24970690.04,4731419.252,17.5,16725716.58,292700040.2
03/08/2019 15:00,17380598.04,20670646.42,4081695.701,17.5,17380598.04,304160465.8
03/08/2019 16:00,18285609.65,14306420.31,3069796.493,17.5,18285609.65,319998168.9
03/08/2019 17:00,19345180.12,6971390.299,2128840.248,17.5,19345180.12,338540652.1
03/08/2019 18:00,20330225.04,1059980.401,1313289.894,17.5,20330225.04,355778938.2
03/08/2019 19:00,21167730.27,0,550212.96,17.5,21167730.27,370435279.7
03/08/2019 20:00,21807543.32,0,89305.466,17.5,21807543.32,381632008
03/08/2019 21:00,22139694.51,0,36058.735,17.5,22139694.51,387444653.9
03/08/2019 22:00,22036904.01,0,202084.333,17.5,22036904.01,385645820.1
03/08/2019 23:00,21654717.61,0,1019004.585,17.5,21654717.61,378957558.2
04/08/2019 0:00,21096659.87,0,2120070.259,17.5,21096659.87,369191547.7
04/08/2019 1:00,20470268.55,0,2663337.051,17.5,20470268.55,358229699.6
04/08/2019 2:00,19776817.06,0,2528908.607,17.5,19776817.06,346094298.5
04/08/2019 3:00,19089633.68,0,1882424.463,17.5,19089633.68,334068589.5
04/08/2019 4:00,18331099.36,0,1162914.252,17.5,18331099.36,320794238.8
04/08/2019 5:00,17561232.33,30971.327,543673.359,17.5,17561232.33,307321565.8
04/08/2019 6:00,16842712.19,3236876.748,126950.269,17.5,16842712.19,294747463.3
04/08/2019 7:00,16256764.7,9658265.895,1791.824,17.5,16256764.7,284493382.3
04/08/2019 8:00,15760076.48,17666352.37,5035.05,17.5,15760076.48,275801338.4
04/08/2019 9:00,15428958.44,25839351.28,19068.108,17.5,15428958.44,270006772.6
04/08/2019 10:00,15171440.7,31538096.11,107223.488,17.5,15171440.7,265500212.2
04/08/2019 11:00,15032088.87,36006526.43,489262.079,17.5,15032088.87,263061555.2
04/08/2019 12:00,15241079.08,36532048.71,1239505.84,17.5,15241079.08,266718883.8
04/08/2019 13:00,15889497.77,35266208.8,1966685.207,17.5,15889497.77,278066211
04/08/2019 14:00,16576253.8,31239671.97,2281397.271,17.5,16576253.8,290084441.5
04/08/2019 15:00,17205546.87,25050904.76,2012624.871,17.5,17205546.87,301097070.3
04/08/2019 16:00,18075116.51,16995904.92,1093149.961,17.5,18075116.51,316314539
04/08/2019 17:00,19090572.52,8137740.335,293105.618,17.5,19090572.52,334085019.1
04/08/2019 18:00,20028668.32,1152166.085,66741.414,17.5,20028668.32,350501695.5
04/08/2019 19:00,20818803.67,0,133566.904,17.5,20818803.67,364329064.3
04/08/2019 20:00,21413184.93,0,336903.277,17.5,21413184.93,374730736.3
04/08/2019 21:00,21707114.45,0,523474.283,17.5,21707114.45,379874502.9
04/08/2019 22:00,21580542.15,0,660257.561,17.5,21580542.15,377659487.6
04/08/2019 23:00,21185647.76,0,960451.476,17.5,21185647.76,370748835.8
05/08/2019 0:00,20623613.87,0,1855293.874,17.5,20623613.87,360913242.7
05/08/2019 1:00,19998467.02,0,4241170.128,17.5,19998467.02,349973172.8
05/08/2019 2:00,19312278.27,0,8161460.469,17.5,19312278.27,337964869.6
05/08/2019 3:00,18635247.46,0,12765925.94,17.5,18635247.46,326116830.6
05/08/2019 4:00,17894444.93,0,14610149.22,17.5,17894444.93,313152786.3
05/08/2019 5:00,17147160.76,38991.024,11196303.49,17.5,17147160.76,300075313.2
05/08/2019 6:00,16452399.71,4035944.919,4845007.475,17.5,16452399.71,287916995
05/08/2019 7:00,15885604.72,12399069.54,1750097.277,17.5,15885604.72,277998082.6
05/08/2019 8:00,15405359,21183830.43,473112.769,17.5,15405359,269593782.4
05/08/2019 9:00,15081505.7,28447652.06,64929.948,17.5,15081505.7,263926349.8
05/08/2019 10:00,14827602.94,33452679.9,7567.708,17.5,14827602.94,259483051.4
05/08/2019 11:00,14683875.9,35958439.24,8802.416,17.5,14683875.9,256967828.3
05/08/2019 12:00,14859687.42,36125063.62,40962.065,17.5,14859687.42,260044529.9
05/08/2019 13:00,15434285.02,34321764.68,163930.323,17.5,15434285.02,270099987.8
05/08/2019 14:00,16038838.76,29278179.51,228860.249,17.5,16038838.76,280679678.3
05/08/2019 15:00,16586326.71,23303339.35,96217.904,17.5,16586326.71,290260717.4
05/08/2019 16:00,17345440,15025481.34,6130.176,17.5,17345440,303545200.1
05/08/2019 17:00,18228927.23,7100772.13,146.978,17.5,18228927.23,319006226.5
05/08/2019 18:00,19035915.45,979454.003,32218.353,17.5,19035915.45,333128520.3
05/08/2019 19:00,19704661.46,0,1106880.808,17.5,19704661.46,344831575.6
05/08/2019 20:00,20194723.79,0,4596681.224,17.5,20194723.79,353407666.4
05/08/2019 21:00,20416156.21,0,8639310.98,17.5,20416156.21,357282733.7
05/08/2019 22:00,20266958.79,0,11152743.17,17.5,20266958.79,354671778.8
05/08/2019 23:00,19884869,0,12000708.55,17.5,19884869,347985207.5
06/08/2019 0:00,19360912.75,0,12945445.23,17.5,19360912.75,338815973.2
06/08/2019 1:00,18787095.36,0,15369169.52,17.5,18787095.36,328774168.7
06/08/2019 2:00,18165711.89,0,16850223.7,17.5,18165711.89,317899958
06/08/2019 3:00,17557733.05,0,14505356.95,17.5,17557733.05,307260328.3
06/08/2019 4:00,16900098.57,0,11460776.58,17.5,16900098.57,295751724.9
06/08/2019 5:00,16242155.55,28904.373,12491308.48,17.5,16242155.55,284237722.1
06/08/2019 6:00,15634085.45,3876608.986,10380086.01,17.5,15634085.45,273596495.3
06/08/2019 7:00,15139617.93,12197106.42,12362476.3,17.5,15139617.93,264943313.7
06/08/2019 8:00,14722383.78,20988291.61,9791069.85,17.5,14722383.78,257641716.2
06/08/2019 9:00,14441162.04,28225594.52,5376516.138,17.5,14441162.04,252720335.6
06/08/2019 10:00,14221643,33224177.27,3367352.708,17.5,14221643,248878752.5
06/08/2019 11:00,14097706.6,35312280.78,2565012.971,17.5,14097706.6,246709865.4
06/08/2019 12:00,14247245.57,35747629.98,2110700.051,17.5,14247245.57,249326797.5
06/08/2019 13:00,14738051.93,33978428.72,1641865.064,17.5,14738051.93,257915908.8
06/08/2019 14:00,15257360.58,30327901.59,1094666.273,17.5,15257360.58,267003810.2
06/08/2019 15:00,15732035.67,24152238.56,599067.247,17.5,15732035.67,275310624.3
06/08/2019 16:00,16392685.43,16162049.84,280478.351,17.5,16392685.43,286871994.9
06/08/2019 17:00,17167181.02,7533754.876,176950.251,17.5,17167181.02,300425667.8
06/08/2019 18:00,17885255.45,980604.214,699212.347,17.5,17885255.45,312991970.4
06/08/2019 19:00,18494174.02,0,4786934.395,17.5,18494174.02,323648045.4
06/08/2019 20:00,18958259.9,0,14372481.8,17.5,18958259.9,331769548.2
06/08/2019 21:00,19197281.46,0,25679007.98,17.5,19197281.46,335952425.6
06/08/2019 22:00,19117853.23,0,32799471.36,17.5,19117853.23,334562431.4
06/08/2019 23:00,18835489.43,0,34723944.81,17.5,18835489.43,329621065
07/08/2019 0:00,18426451.26,0,32781249.71,17.5,18426451.26,322462897.1
07/08/2019 1:00,17969722.84,0,28328328.62,17.5,17969722.84,314470149.7
07/08/2019 2:00,17465382.47,0,26411511.87,17.5,17465382.47,305644193.2
07/08/2019 3:00,16967067.54,0,26617262.28,17.5,16967067.54,296923681.9
07/08/2019 4:00,16416063.88,0,26294639.41,17.5,16416063.88,287281117.8
07/08/2019 5:00,15856122.7,23350.565,24632284.04,17.5,15856122.7,277482147.2
07/08/2019 6:00,15333466.1,3941934.568,17908693.83,17.5,15333466.1,268335656.7
07/08/2019 7:00,14909033.16,12339774.1,17038160.95,17.5,14909033.16,260908080.2
07/08/2019 8:00,14550537.18,21125372.32,10578950.84,17.5,14550537.18,254634400.6
07/08/2019 9:00,14316457.88,28339344.2,4041808.189,17.5,14316457.88,250538013
07/08/2019 10:00,14137832.69,33308809.57,1399949.489,17.5,14137832.69,247412072
07/08/2019 11:00,14049584.07,35391855.48,658462.626,17.5,14049584.07,245867721.1
07/08/2019 12:00,14231403.19,35687782.89,619514.744,17.5,14231403.19,249049555.7
07/08/2019 13:00,14759396.7,33614780.07,666564.125,17.5,14759396.7,258289442.3
07/08/2019 14:00,15325976.57,27405008.87,497348.755,17.5,15325976.57,268204590
07/08/2019 15:00,15856724.46,20311774.53,432616.699,17.5,15856724.46,277492678
07/08/2019 16:00,16588556.35,12598290.62,853457.695,17.5,16588556.35,290299736.2
07/08/2019 17:00,17450943.61,5255877.919,2024820.871,17.5,17450943.61,305391513.1
07/08/2019 18:00,18266938.45,650255.723,5553353.007,17.5,18266938.45,319671422.8
07/08/2019 19:00,18978181.63,0,14004012.36,17.5,18978181.63,332118178.5
07/08/2019 20:00,19542797.32,0,21622568.04,17.5,19542797.32,341998953
07/08/2019 21:00,19869749.86,0,25725090.87,17.5,19869749.86,347720622.5
07/08/2019 22:00,19851361.89,0,26076804.33,17.5,19851361.89,347398833
07/08/2019 23:00,19606371.05,0,24222108.23,17.5,19606371.05,343111493.4
08/08/2019 0:00,19214344.18,0,20844218.21,17.5,19214344.18,336251023.1
08/08/2019 1:00,18760478.37,0,16653605.49,17.5,18760478.37,328308371.4
08/08/2019 2:00,18244300.52,0,14486382.81,17.5,18244300.52,319275259.1
08/08/2019 3:00,17725612.48,0,13522905.42,17.5,17725612.48,310198218.4
08/08/2019 4:00,17138883.29,0,12899589.58,17.5,17138883.29,299930457.6
08/08/2019 5:00,16533471.61,6028.315,13207065.35,17.5,16533471.61,289335753.1
08/08/2019 6:00,15962552.72,3303907.465,13573092.94,17.5,15962552.72,279344672.6
08/08/2019 7:00,15496935.69,10290227.14,13070600.05,17.5,15496935.69,271196374.5
08/08/2019 8:00,15101448.25,18555557.89,7039290.763,17.5,15101448.25,264275344.4
08/08/2019 9:00,14844489.33,26406552.63,3855421.232,17.5,14844489.33,259778563.2
08/08/2019 10:00,14648174.33,30044987.22,2976974.866,17.5,14648174.33,256343050.8
08/08/2019 11:00,14553474.65,30053034.88,2816271.97,17.5,14553474.65,254685806.3
08/08/2019 12:00,14768580.4,32210440.63,2661672.044,17.5,14768580.4,258450156.9
08/08/2019 13:00,15382426.22,27910732.45,2199806.7,17.5,15382426.22,269192458.9
08/08/2019 14:00,16039571.4,24821715.33,1601538.747,17.5,16039571.4,280692499.5
08/08/2019 15:00,16653114.21,20264369.74,1160885.513,17.5,16653114.21,291429498.7
08/08/2019 16:00,17496008.53,13650277.26,912729.187,17.5,17496008.53,306180149.2
08/08/2019 17:00,18485309.98,6636531.21,931154.847,17.5,18485309.98,323492924.6
08/08/2019 18:00,19415262.51,935971.739,1621134.131,17.5,19415262.51,339767093.9
08/08/2019 19:00,20217984.8,0,3516484.61,17.5,20217984.8,353814734
08/08/2019 20:00,20845455.02,0,6373944.697,17.5,20845455.02,364795462.9
08/08/2019 21:00,21194227.81,0,8562911.365,17.5,21194227.81,370898986.6
08/08/2019 22:00,21143460.06,0,9011622.692,17.5,21143460.06,370010551.1
08/08/2019 23:00,20832158.13,0,8405219.002,17.5,20832158.13,364562767.3
09/08/2019 0:00,20353619.39,0,7912228.903,17.5,20353619.39,356188339.4
09/08/2019 1:00,19806488.51,0,8509208.195,17.5,19806488.51,346613549
09/08/2019 2:00,19191574.29,0,11850795.92,17.5,19191574.29,335852550.1
09/08/2019 3:00,18577305.54,0,17554300.58,17.5,18577305.54,325102847
09/08/2019 4:00,17890903.13,0,22308787.89,17.5,17890903.13,313090804.8
09/08/2019 5:00,17188578.63,0,22548133.28,17.5,17188578.63,300800126
09/08/2019 6:00,16529826.11,2223352.347,17798401.54,17.5,16529826.11,289271956.9
09/08/2019 7:00,15992584.75,6173932.42,12336723,17.5,15992584.75,279870233.1
09/08/2019 8:00,15536874.87,8339694.545,10645368.3,17.5,15536874.87,271895310.2
09/08/2019 9:00,15236807.83,11348270.48,12196620.65,17.5,15236807.83,266644136.9
09/08/2019 10:00,15005631.72,14036361.97,13780261.45,17.5,15005631.72,262598555.2
09/08/2019 11:00,14887209.83,16848494.28,13546158.08,17.5,14887209.83,260526172
09/08/2019 12:00,15106134.24,18823155.32,11387713.36,17.5,15106134.24,264357349.3
09/08/2019 13:00,15755260.97,18238953,8464199.363,17.5,15755260.97,275717067
09/08/2019 14:00,16447968.27,15144422.15,6281634.738,17.5,16447968.27,287839444.7
09/08/2019 15:00,17091119.49,11520681.24,5062309.785,17.5,17091119.49,299094591.1
09/08/2019 16:00,17978288.15,7134684.697,4451404.595,17.5,17978288.15,314620042.5
09/08/2019 17:00,19019887.52,3157259.383,4092995.726,17.5,19019887.52,332848031.5
09/08/2019 18:00,19996420.5,366510.691,3141607.095,17.5,19996420.5,349937358.7
09/08/2019 19:00,20836701.78,0,1961979.384,17.5,20836701.78,364642281.1
09/08/2019 20:00,21490785.69,0,670883.338,17.5,21490785.69,376088749.6
09/08/2019 21:00,21849747.02,0,633869.044,17.5,21849747.02,382370572.8
09/08/2019 22:00,21786222.06,0,2348860.86,17.5,21786222.06,381258886.1
09/08/2019 23:00,21448537.23,0,5993873.06,17.5,21448537.23,375349401.5
10/08/2019 0:00,20935746.74,0,8417620.345,17.5,20935746.74,366375568
10/08/2019 1:00,20352215.38,0,7775847.005,17.5,20352215.38,356163769.1
10/08/2019 2:00,19698390.27,0,6821130.285,17.5,19698390.27,344721829.7
10/08/2019 3:00,19046404.83,0,5780399.711,17.5,19046404.83,333312084.5
10/08/2019 4:00,18318730.49,0,4372417.2,17.5,18318730.49,320577783.6
10/08/2019 5:00,17574618.28,0,3127489.785,17.5,17574618.28,307555819.9
10/08/2019 6:00,16876867.8,3720406.585,2124488.096,17.5,16876867.8,295345186.5
10/08/2019 7:00,16307921.28,12647748.23,2800481.247,17.5,16307921.28,285388622.4
10/08/2019 8:00,15825284.9,22256440.95,3221426.616,17.5,15825284.9,276942485.7
10/08/2019 9:00,15507484.08,30048081.25,3559491.662,17.5,15507484.08,271380971.4
10/08/2019 10:00,15262484.33,35362279.76,4308777.527,17.5,15262484.33,267093475.7
10/08/2019 11:00,15136750.77,37082220.13,5537120.254,17.5,15136750.77,264893138.4
10/08/2019 12:00,15368348.79,37138098.56,8070937.791,17.5,15368348.79,268946103.8
10/08/2019 13:00,16055415.04,35055744.81,12432278.39,17.5,16055415.04,280969763.1
10/08/2019 14:00,16787564.88,28508188.1,16508712.66,17.5,16787564.88,293782385.4
10/08/2019 15:00,17465673.7,22855846.22,18816202.12,17.5,17465673.7,305649289.7
10/08/2019 16:00,18400097.52,15497875.5,19556616.83,17.5,18400097.52,322001706.6
10/08/2019 17:00,19494905.03,7118306.779,17945226.22,17.5,19494905.03,341160838
10/08/2019 18:00,20517026.67,861810.451,15500237.16,17.5,20517026.67,359047966.7
10/08/2019 19:00,21391042.36,0,14949501.4,17.5,21391042.36,374343241.3
10/08/2019 20:00,22064530.23,0,14220879.92,17.5,22064530.23,386129279
10/08/2019 21:00,22423580.65,0,13309239.99,17.5,22423580.65,392412661.3
10/08/2019 22:00,22335984.36,0,12150828.39,17.5,22335984.36,390879726.2
10/08/2019 23:00,21959734.53,0,10642663.61,17.5,21959734.53,384295354.3
11/08/2019 0:00,21400383.07,0,9358693.504,17.5,21400383.07,374506703.7
11/08/2019 1:00,20768291.75,0,8817784.237,17.5,20768291.75,363445105.6
11/08/2019 2:00,20064752.84,0,8920601.257,17.5,20064752.84,351133174.7
11/08/2019 3:00,19365496.93,0,8881733.454,17.5,19365496.93,338896196.3
11/08/2019 4:00,18590474.91,0,8127943.882,17.5,18590474.91,325333310.8
11/08/2019 5:00,17801755.94,0,6960138.109,17.5,17801755.94,311530729
11/08/2019 6:00,17064414.62,3994896.401,6102450.473,17.5,17064414.62,298627255.8
11/08/2019 7:00,16462999.89,12745876.13,10606133.77,17.5,16462999.89,288102498.1
11/08/2019 8:00,15953030.66,21934165.78,10627343.56,17.5,15953030.66,279178036.6
11/08/2019 9:00,15614185.15,28895264.29,10545579.48,17.5,15614185.15,273248240.1
11/08/2019 10:00,15351321.11,32638967.98,10608228.46,17.5,15351321.11,268648119.3
11/08/2019 11:00,15211147.79,33726855.54,10351714.43,17.5,15211147.79,266195086.3
11/08/2019 12:00,15434201.67,33105713.88,9304437.934,17.5,15434201.67,270098529.1
11/08/2019 13:00,16116933.53,30439584.25,7532175.663,17.5,16116933.53,282046336.8
11/08/2019 14:00,16841763.95,27282728.27,5126337.718,17.5,16841763.95,294730869.1
11/08/2019 15:00,17508755.86,20913658,3176947.354,17.5,17508755.86,306403227.6
11/08/2019 16:00,18430105.45,14246523.65,1863651.614,17.5,18430105.45,322526845.4
11/08/2019 17:00,19508104.92,6370325.799,1039121.794,17.5,19508104.92,341391836.1
11/08/2019 18:00,20509065.5,737500.477,540142.286,17.5,20509065.5,358908646.3
11/08/2019 19:00,21358549.62,0,235508.209,17.5,21358549.62,373774618.3
11/08/2019 20:00,22005584.68,0,100971.75,17.5,22005584.68,385097731.9
11/08/2019 21:00,22338498.45,0,102912.928,17.5,22338498.45,390923722.8
11/08/2019 22:00,22228303.44,0,212445.151,17.5,22228303.44,388995310.1
11/08/2019 23:00,21833839.87,0,361953.128,17.5,21833839.87,382092197.7
12/08/2019 0:00,21260832.42,0,502664.271,17.5,21260832.42,372064567.3
12/08/2019 1:00,20618873.82,0,638127.463,17.5,20618873.82,360830291.9
12/08/2019 2:00,19909474.99,0,1067029.063,17.5,19909474.99,348415812.4
12/08/2019 3:00,19207201.04,0,2159897.039,17.5,19207201.04,336126018.2
12/08/2019 4:00,18433444.58,0,3950077.244,17.5,18433444.58,322585280.2
12/08/2019 5:00,17649167.72,0,6556328.091,17.5,17649167.72,308860435.2
12/08/2019 6:00,16917870.07,4208477.264,8311971.818,17.5,16917870.07,296062726.2
12/08/2019 7:00,16321654.68,13420284.75,16311588.07,17.5,16321654.68,285628956.9
12/08/2019 8:00,15816496.34,22254191.31,16725037.56,17.5,15816496.34,276788686
12/08/2019 9:00,15479377.87,29588454.19,14324146.04,17.5,15479377.87,270889112.7
12/08/2019 10:00,15217132.91,33362444.98,11852737.99,17.5,15217132.91,266299825.9
12/08/2019 11:00,15074672.67,34752934.33,9956130.733,17.5,15074672.67,263806771.7
12/08/2019 12:00,15284260.7,36209429.92,8580084.555,17.5,15284260.7,267474562.2
12/08/2019 13:00,15937565.35,35122764.94,7791733.617,17.5,15937565.35,278907393.5
12/08/2019 14:00,16629639.16,29434496.8,8688439.314,17.5,16629639.16,291018685.2
12/08/2019 15:00,17263990.03,23845497.82,12199695.69,17.5,17263990.03,302119825.6
12/08/2019 16:00,18141279.59,16348742.19,18876786.74,17.5,18141279.59,317472392.8
12/08/2019 17:00,19166534.08,7522812.577,28174054.1,17.5,19166534.08,335414346.4
12/08/2019 18:00,20114839.58,809441.747,36670922.06,17.5,20114839.58,352009692.6
12/08/2019 19:00,20915262.46,0,41110185.37,17.5,20915262.46,366017093.1
12/08/2019 20:00,21519773.24,0,40895340.98,17.5,21519773.24,376596031.7
12/08/2019 21:00,21822650.36,0,37155179.58,17.5,21822650.36,381896381.3
12/08/2019 22:00,21702226.13,0,34856857.04,17.5,21702226.13,379788957.2
12/08/2019 23:00,21311699.56,0,35032939.2,17.5,21311699.56,372954742.4
13/08/2019 0:00,20752815.14,0,35312146.06,17.5,20752815.14,363174265
13/08/2019 1:00,20130405.53,0,34905289.57,17.5,20130405.53,352282096.8
13/08/2019 2:00,19446116.31,0,35184601.76,17.5,19446116.31,340307035.4
13/08/2019 3:00,18770815.93,0,35375135.21,17.5,18770815.93,328489278.8
13/08/2019 4:00,18029912.47,0,34594855.82,17.5,18029912.47,315523468.2
13/08/2019 5:00,17281174.95,0,32815785.71,17.5,17281174.95,302420561.7
13/08/2019 6:00,16584514.07,3893860.904,30709227.79,17.5,16584514.07,290228996.2
13/08/2019 7:00,16017242.89,12873034.57,33644749.31,17.5,16017242.89,280301750.5
13/08/2019 8:00,15537360.41,22028567.08,32437129.54,17.5,15537360.41,271903807.1
13/08/2019 9:00,15217297.25,29357666.24,29716876.73,17.5,15217297.25,266302701.9
13/08/2019 10:00,14968816.86,34308917.16,27110115.49,17.5,14968816.86,261954295.1
13/08/2019 11:00,14834216.15,36851704.65,25253401,17.5,14834216.15,259598782.5
13/08/2019 12:00,15032817.81,37100898.47,23779115.28,17.5,15032817.81,263074311.6
13/08/2019 13:00,15651551.17,35109180.27,23038795.69,17.5,15651551.17,273902145.4
13/08/2019 14:00,16308498.56,31458637.41,21355013.74,17.5,16308498.56,285398724.9
13/08/2019 15:00,16912916.89,25191856.89,20093359.91,17.5,16912916.89,295976045.5
13/08/2019 16:00,17749865.49,16952338.76,20243615.41,17.5,17749865.49,310622646
13/08/2019 17:00,18730654.91,7817567.451,22116140.05,17.5,18730654.91,327786460.9
13/08/2019 18:00,19643001.18,807324.491,26077052.1,17.5,19643001.18,343752520.6
13/08/2019 19:00,20419643.67,0,31526713.75,17.5,20419643.67,357343764.2
13/08/2019 20:00,21014415.63,0,35660333.78,17.5,21014415.63,367752273.5
13/08/2019 21:00,21325427.16,0,36433470.26,17.5,21325427.16,373194975.3
13/08/2019 22:00,21234349.64,0,35892817.65,17.5,21234349.64,371601118.8
13/08/2019 23:00,20885147.3,0,33989974.44,17.5,20885147.3,365490077.8
14/08/2019 0:00,20373453.77,0,31620843.36,17.5,20373453.77,356535441
14/08/2019 1:00,19798751.33,0,29602798.48,17.5,19798751.33,346478148.2
14/08/2019 2:00,19161770.31,0,28088086.91,17.5,19161770.31,335330980.5
14/08/2019 3:00,18530412.45,0,28145877.36,17.5,18530412.45,324282217.8
14/08/2019 4:00,17831908.51,0,28145901.04,17.5,17831908.51,312058398.8
14/08/2019 5:00,17121825.75,0,26758860.54,17.5,17121825.75,299631950.6
14/08/2019 6:00,16458532.32,3638941.416,23178764.55,17.5,16458532.32,288024315.5
14/08/2019 7:00,15918197.1,12142776.19,27354751.5,17.5,15918197.1,278568449.3
14/08/2019 8:00,15460502.92,20284822.97,31060661.3,17.5,15460502.92,270558801.2
14/08/2019 9:00,15157588.86,26142936.85,29511569.03,17.5,15157588.86,265257805
14/08/2019 10:00,14923423.26,30110570.63,25704963.35,17.5,14923423.26,261159907.1
14/08/2019 11:00,14800479.88,32653918.63,21791859.32,17.5,14800479.88,259008397.8
14/08/2019 12:00,15007594.21,34922431.25,17974763.25,17.5,15007594.21,262632898.6
14/08/2019 13:00,15633566.86,32450226.5,14663105.3,17.5,15633566.86,273587420
14/08/2019 14:00,16299488.73,26224856.4,11527669.94,17.5,16299488.73,285241052.7
14/08/2019 15:00,16914341.17,19435745.05,9498487.253,17.5,16914341.17,296000970.5
14/08/2019 16:00,17762910.39,12176769.2,9253760.759,17.5,17762910.39,310850931.8
14/08/2019 17:00,18756616.75,5166780.617,10686035.55,17.5,18756616.75,328240793.2
14/08/2019 18:00,19681967.49,521529.147,14045745.39,17.5,19681967.49,344434431.1
14/08/2019 19:00,20470442.28,0,17197219.34,17.5,20470442.28,358232740
14/08/2019 20:00,21074756.55,0,19640304.39,17.5,21074756.55,368808239.6
14/08/2019 21:00,21391709.27,0,19908821.36,17.5,21391709.27,374354912.2
14/08/2019 22:00,21301775.62,0,16287113.46,17.5,21301775.62,372781073.4
14/08/2019 23:00,20949813.71,0,11630993.33,17.5,20949813.71,366621739.9
15/08/2019 0:00,20432411.52,0,7640428.342,17.5,20432411.52,357567201.5
15/08/2019 1:00,19850156.82,0,5294856.59,17.5,19850156.82,347377744.4
15/08/2019 2:00,19204294.76,0,4358086.565,17.5,19204294.76,336075158.3
15/08/2019 3:00,18563569.33,0,4725132.783,17.5,18563569.33,324862463.2
15/08/2019 4:00,17855356.59,0,5974500.467,17.5,17855356.59,312468740.3
15/08/2019 5:00,17135941.19,0,7697744.426,17.5,17135941.19,299878970.7
15/08/2019 6:00,16464162.5,3427277.287,7410018.257,17.5,16464162.5,288122843.7
15/08/2019 7:00,15916316.85,10995678.22,7106886.293,17.5,15916316.85,278535544.9
15/08/2019 8:00,15451911.35,18933323.04,5672300.504,17.5,15451911.35,270408448.5
15/08/2019 9:00,15142681.7,25517992.23,4398437.661,17.5,15142681.7,264996929.8
15/08/2019 10:00,14902439.32,30863745.93,3169472.037,17.5,14902439.32,260792688.2
15/08/2019 11:00,14773140.49,32776506.13,2244315.719,17.5,14773140.49,258529958.6
15/08/2019 12:00,14971244.85,33051191.35,1592236.472,17.5,14971244.85,261996784.8
15/08/2019 13:00,15582865.41,31248855.42,1059804.929,17.5,15582865.41,272700144.7
15/08/2019 14:00,16231397.52,27363084.82,532197.821,17.5,16231397.52,284049456.6
15/08/2019 15:00,16826872.07,21167774.84,276543.019,17.5,16826872.07,294470261.2
15/08/2019 16:00,17649781.94,13948597.25,298132.222,17.5,17649781.94,308871184
15/08/2019 17:00,18611819.75,6173252.569,648445.259,17.5,18611819.75,325706845.6
15/08/2019 18:00,19502998.96,585859.817,1886023.36,17.5,19502998.96,341302481.9
15/08/2019 19:00,20256834.14,0,5146644.937,17.5,20256834.14,354494597.4
15/08/2019 20:00,20828151.31,0,10350143.58,17.5,20828151.31,364492648
15/08/2019 21:00,21117668.24,0,16508679.7,17.5,21117668.24,369559194.2
15/08/2019 22:00,21010956.43,0,21564890.2,17.5,21010956.43,367691737.5
15/08/2019 23:00,20650960.53,0,25056624.48,17.5,20650960.53,361391809.2
16/08/2019 0:00,20132711.79,0,26525724.89,17.5,20132711.79,352322456.2
16/08/2019 1:00,19554341.83,0,24990302.75,17.5,19554341.83,342200982
16/08/2019 2:00,18917300.82,0,22144345.18,17.5,18917300.82,331052764.3
16/08/2019 3:00,18288076.04,0,20148437.81,17.5,18288076.04,320041330.7
16/08/2019 4:00,17596529.43,0,21268091.85,17.5,17596529.43,307939265
16/08/2019 5:00,16896868.06,0,21482334.74,17.5,16896868.06,295695191.1
16/08/2019 6:00,16245451.77,3470796.637,18349852.93,17.5,16245451.77,284295405.9
16/08/2019 7:00,15715207.23,12005950.35,22377665.87,17.5,15715207.23,275016126.6
16/08/2019 8:00,15266760.84,21057270.13,22443382.64,17.5,15266760.84,267168314.7
16/08/2019 9:00,14968670.26,28383163.69,20275564.26,17.5,14968670.26,261951729.5
16/08/2019 10:00,14737921.38,33420004.03,17826824.17,17.5,14737921.38,257913624.2
16/08/2019 11:00,14614706.43,36103676.71,14618764.18,17.5,14614706.43,255757362.5
16/08/2019 12:00,14807089.52,36279065.55,11881659.41,17.5,14807089.52,259124066.5
16/08/2019 13:00,15398616.12,34436139.72,9939777.996,17.5,15398616.12,269475782.1
16/08/2019 14:00,16028238.34,25832490.5,9363645.267,17.5,16028238.34,280494171
16/08/2019 15:00,16609992.76,20458033.72,11135689.38,17.5,16609992.76,290674873.2
16/08/2019 16:00,17415273.53,13716963.74,15575742.18,17.5,17415273.53,304767286.7
16/08/2019 17:00,18360709.3,6109571.761,22387426.57,17.5,18360709.3,321312412.7
16/08/2019 18:00,19244454.35,556407.784,30376431.73,17.5,19244454.35,336777951.2
16/08/2019 19:00,20002033.26,0,36011944.5,17.5,20002033.26,350035582
16/08/2019 20:00,20588654.52,0,39422161.2,17.5,20588654.52,360301454.2
16/08/2019 21:00,20905594.32,0,41477647.02,17.5,20905594.32,365847900.5
16/08/2019 22:00,20837469.26,0,42596523.91,17.5,20837469.26,364655712
16/08/2019 23:00,20520744.47,0,42668357.25,17.5,20520744.47,359113028.3
17/08/2019 0:00,20046186.57,0,42643606.04,17.5,20046186.57,350808265
17/08/2019 1:00,19508997.42,0,41398581.9,17.5,19508997.42,341407454.8
17/08/2019 2:00,18909381.71,0,38823198.42,17.5,18909381.71,330914180
17/08/2019 3:00,18312844.46,0,33526860.81,17.5,18312844.46,320474778
17/08/2019 4:00,17648434.79,0,28055514.43,17.5,17648434.79,308847608.9
17/08/2019 5:00,16969902.41,0,22530808.56,17.5,16969902.41,296973292.1
17/08/2019 6:00,16334211.6,3172381.597,22435567.21,17.5,16334211.6,285848703.1
17/08/2019 7:00,15816276.53,11460717.87,18424326.53,17.5,15816276.53,276784839.2
17/08/2019 8:00,15377229.36,20410713.87,7991802.015,17.5,15377229.36,269101513.8
17/08/2019 9:00,15088571.55,27708550.39,2350792.92,17.5,15088571.55,264050002.2
17/08/2019 10:00,14866380.43,32980377.95,371645.356,17.5,14866380.43,260161657.5
17/08/2019 11:00,14753032.46,34035061.33,92265.826,17.5,14753032.46,258178068
17/08/2019 12:00,14965851.67,34523566.9,64889.707,17.5,14965851.67,261902404.2
17/08/2019 13:00,15594769.75,32756918.44,225744.264,17.5,15594769.75,272908470.6
17/08/2019 14:00,16265423.22,28129864.65,808255.01,17.5,16265423.22,284644906.4
17/08/2019 15:00,16887260.11,21135195.39,1653725.902,17.5,16887260.11,295527051.9
17/08/2019 16:00,17743863.53,13491977.58,3051069.917,17.5,17743863.53,310517611.7
17/08/2019 17:00,18747706.99,5681923.694,5974872.915,17.5,18747706.99,328084872.2
17/08/2019 18:00,19685648.08,516472.93,14251524.65,17.5,19685648.08,344498841.3
17/08/2019 19:00,20488572.66,0,29877610.08,17.5,20488572.66,358550021.6
17/08/2019 20:00,21108368.84,0,38527055.25,17.5,21108368.84,369396454.7
17/08/2019 21:00,21440578.76,0,39315707.56,17.5,21440578.76,375210128.3
17/08/2019 22:00,21363863.23,0,35748621.63,17.5,21363863.23,373867606.5
17/08/2019 23:00,21022648.76,0,30280794.06,17.5,21022648.76,367896353.2
18/08/2019 0:00,20513464.91,0,22541042.18,17.5,20513464.91,358985635.9
18/08/2019 1:00,19937372.5,0,16652098.95,17.5,19937372.5,348904018.8
18/08/2019 2:00,19295504.96,0,14397005.18,17.5,19295504.96,337671336.8
18/08/2019 3:00,18657284.85,0,13873855.05,17.5,18657284.85,326502484.8
18/08/2019 4:00,17949213.23,0,14414880.22,17.5,17949213.23,314111231.5
18/08/2019 5:00,17228175.32,0,14440549.54,17.5,17228175.32,301493068
18/08/2019 6:00,16553907.39,3377380.257,16342361.92,17.5,16553907.39,289693379.3
18/08/2019 7:00,16004173.43,12243535.36,18022971.3,17.5,16004173.43,280073035
18/08/2019 8:00,15538202.25,21656739.33,17223231.23,17.5,15538202.25,271918539.4
18/08/2019 9:00,15229463.94,29232475.44,14569047.98,17.5,15229463.94,266515618.9
18/08/2019 10:00,14990580.08,34293772.86,11236954.05,17.5,14990580.08,262335151.4
18/08/2019 11:00,14864759.9,35820416.27,8141873.362,17.5,14864759.9,260133298.2
18/08/2019 12:00,15074284.29,36415451.71,5743302.466,17.5,15074284.29,263799975.1
18/08/2019 13:00,15709231.73,34657056.28,4212066.405,17.5,15709231.73,274911555.3
18/08/2019 14:00,16384816.85,29794619.06,3425889.557,17.5,16384816.85,286734294.8
18/08/2019 15:00,17008841.66,23362642.29,4210737.334,17.5,17008841.66,297654729.1
18/08/2019 16:00,17870755.69,14963443.73,7007664.613,17.5,17870755.69,312738224.6
18/08/2019 17:00,18881034.61,6217451.585,12943438.35,17.5,18881034.61,330418105.6
18/08/2019 18:00,19823361.78,496897.213,27155253.51,17.5,19823361.78,346908831.1
18/08/2019 19:00,20628415.32,0,37971648.27,17.5,20628415.32,360997268.1
18/08/2019 20:00,21248243.21,0,39974744.22,17.5,21248243.21,371844256.2
18/08/2019 21:00,21577749.04,0,39675460.52,17.5,21577749.04,377610608.3
18/08/2019 22:00,21494735.93,0,38189825.58,17.5,21494735.93,376157878.7
18/08/2019 23:00,21145817.83,0,36282711.3,17.5,21145817.83,370051812
19/08/2019 0:00,20628661.21,0,34107979.39,17.5,20628661.21,361001571.2
19/08/2019 1:00,20045284.38,0,31385905.86,17.5,20045284.38,350792476.6
19/08/2019 2:00,19396504.46,0,26361766.01,17.5,19396504.46,339438828
19/08/2019 3:00,18752239.1,0,20939054.71,17.5,18752239.1,328164184.3
19/08/2019 4:00,18037778.92,0,17163912.55,17.5,18037778.92,315661131.2
19/08/2019 5:00,17310381.89,0,14692742.38,17.5,17310381.89,302931683.1
19/08/2019 6:00,16630286.31,3330633.549,9865049.423,17.5,16630286.31,291030010.4
19/08/2019 7:00,16076168.41,12309892.49,7885322.794,17.5,16076168.41,281332947.1
19/08/2019 8:00,15606704.02,21911118.35,7744270.963,17.5,15606704.02,273117320.4
19/08/2019 9:00,15296483.37,29674680.47,4789813.959,17.5,15296483.37,267688459
19/08/2019 10:00,15056975.38,34923749.32,2349111.951,17.5,15056975.38,263497069.2
19/08/2019 11:00,14932171.06,35723156.39,1210331.281,17.5,14932171.06,261312993.6
19/08/2019 12:00,15148361,36032214.84,665382.022,17.5,15148361,265096317.5
19/08/2019 13:00,15797947.91,33991732.79,358145.681,17.5,15797947.91,276464088.4
19/08/2019 14:00,16489876.1,30009546.9,146101.881,17.5,16489876.1,288572831.8
19/08/2019 15:00,17130172.73,23436353.22,49152.428,17.5,17130172.73,299778022.8
19/08/2019 16:00,18013903.24,14966252.09,15897.983,17.5,18013903.24,315243306.7
19/08/2019 17:00,19050033.18,6231746.104,10997.064,17.5,19050033.18,333375580.7
19/08/2019 18:00,20017711.93,479861.231,30247.112,17.5,20017711.93,350309958.8
19/08/2019 19:00,20845783.74,0,138651.862,17.5,20845783.74,364801215.5
19/08/2019 20:00,21484798.48,0,368138.868,17.5,21484798.48,375983973.4
19/08/2019 21:00,21826795.82,0,679727.838,17.5,21826795.82,381968926.8
19/08/2019 22:00,21746199.71,0,910318.656,17.5,21746199.71,380558494.9
19/08/2019 23:00,21392586.76,0,959048.49,17.5,21392586.76,374370268.2
20/08/2019 0:00,20865724.45,0,834961.529,17.5,20865724.45,365150177.9
20/08/2019 1:00,20270044.95,0,539725.721,17.5,20270044.95,354725786.6
20/08/2019 2:00,19606447.28,0,340450.816,17.5,19606447.28,343112827.4
20/08/2019 3:00,18946651.53,0,255151.523,17.5,18946651.53,331566401.7
20/08/2019 4:00,18214273.05,0,331538.055,17.5,18214273.05,318749778.3
20/08/2019 5:00,17468129.27,0,628960.466,17.5,17468129.27,305692262.3
20/08/2019 6:00,16770086.21,3084479.034,1002643.233,17.5,16770086.21,293476508.7
20/08/2019 7:00,16200802.13,11596460.42,2901461.077,17.5,16200802.13,283514037.2
20/08/2019 8:00,15718018.15,20861187.24,5312980.67,17.5,15718018.15,275065317.6
20/08/2019 9:00,15398001.48,28492962.14,3982309.316,17.5,15398001.48,269465026
20/08/2019 10:00,15150108.19,33750897.69,2458534.063,17.5,15150108.19,265126893.3
20/08/2019 11:00,15019161.58,36035625.42,1688708.572,17.5,15019161.58,262835327.7
20/08/2019 12:00,15235704,36479703.82,1311740.65,17.5,15235704,266624820
20/08/2019 13:00,15892808.93,34584143.21,1114229.26,17.5,15892808.93,278124156.3
20/08/2019 14:00,16590854.99,29944161.89,771402.029,17.5,16590854.99,290339962.3
20/08/2019 15:00,17233891.78,23317025.05,521928.312,17.5,17233891.78,301593106.2
20/08/2019 16:00,18121268.09,15144675.04,486016.323,17.5,18121268.09,317122191.6
20/08/2019 17:00,19159267.65,6375504.719,551109.282,17.5,19159267.65,335287183.9
20/08/2019 18:00,20123324.85,475232.397,820276.68,17.5,20123324.85,352158184.8
20/08/2019 19:00,20941669.59,0,1207553.501,17.5,20941669.59,366479217.7
20/08/2019 20:00,21565110.49,0,1296986.354,17.5,21565110.49,377389433.5
20/08/2019 21:00,21886197.09,0,1160345.187,17.5,21886197.09,383008449.1
20/08/2019 22:00,21780903.31,0,889937.275,17.5,21780903.31,381165807.9
20/08/2019 23:00,21401904.16,0,597221.922,17.5,21401904.16,374533322.8
21/08/2019 0:00,20850924.56,0,427184.541,17.5,20850924.56,364891179.8
21/08/2019 1:00,20233431.78,0,340320.823,17.5,20233431.78,354085056.1
21/08/2019 2:00,19551018.04,0,420287.216,17.5,19551018.04,342142815.7
21/08/2019 3:00,18875445.19,0,567925.555,17.5,18875445.19,330320290.8
21/08/2019 4:00,18131291.41,0,1218475.385,17.5,18131291.41,317297599.6
21/08/2019 5:00,17377202.79,0,2361456.58,17.5,17377202.79,304101048.8
21/08/2019 6:00,16674213.28,3328089.052,2528713.495,17.5,16674213.28,291798732.5
21/08/2019 7:00,16101180.55,12379714.32,3100701.245,17.5,16101180.55,281770659.7
21/08/2019 8:00,15615803.72,21813904.49,3316943.81,17.5,15615803.72,273276565
21/08/2019 9:00,15291998.44,29411682.98,1279131.202,17.5,15291998.44,267609972.6
21/08/2019 10:00,15040288.58,34588062.05,406882.129,17.5,15040288.58,263205050.2
21/08/2019 11:00,14903815.24,37568913.12,214628.848,17.5,14903815.24,260816766.7
21/08/2019 12:00,15105719.04,37970079.82,178441.858,17.5,15105719.04,264350083.1
21/08/2019 13:00,15734292.47,36122023.61,148373.892,17.5,15734292.47,275350118.2
21/08/2019 14:00,16400827.3,30720159.36,183015.45,17.5,16400827.3,287014477.7
21/08/2019 15:00,17012806.74,24239959.45,186077.419,17.5,17012806.74,297724117.9
21/08/2019 16:00,17859576.74,15753849.65,200089.156,17.5,17859576.74,312542593
21/08/2019 17:00,18850387.22,6623955.069,243894.252,17.5,18850387.22,329881776.3
21/08/2019 18:00,19769250.99,462909.153,516485.409,17.5,19769250.99,345961892.3
21/08/2019 19:00,20547900.95,0,1097072.642,17.5,20547900.95,359588266.6
21/08/2019 20:00,21139823.64,0,1484506.8,17.5,21139823.64,369946913.8
21/08/2019 21:00,21442497.48,0,1487839.121,17.5,21442497.48,375243706
21/08/2019 22:00,21337446.01,0,1505810.839,17.5,21337446.01,373405305.2
21/08/2019 23:00,20971504.64,0,1600549.956,17.5,20971504.64,367001331.2
22/08/2019 0:00,20442200.08,0,1689525.733,17.5,20442200.08,357738501.3
22/08/2019 1:00,19850466.41,0,1809377.759,17.5,19850466.41,347383162.1
22/08/2019 2:00,19197499.57,0,1831248.187,17.5,19197499.57,335956242.5
22/08/2019 3:00,18551836.7,0,1491911.547,17.5,18551836.7,324657142.3
22/08/2019 4:00,17840724.23,0,1205808.585,17.5,17840724.23,312212674
22/08/2019 5:00,17120130.4,0,1622555.209,17.5,17120130.4,299602281.9
22/08/2019 6:00,16448445.8,3225118.267,1481876.381,17.5,16448445.8,287847801.5
22/08/2019 7:00,15901423.62,12160977.32,1005813.332,17.5,15901423.62,278274913.3
22/08/2019 8:00,15438409.22,21475469.49,1366541.621,17.5,15438409.22,270172161.3
22/08/2019 9:00,15130748.47,28969811.86,1682450.096,17.5,15130748.47,264788098.2
22/08/2019 10:00,14892406.37,34114091.12,1653895.265,17.5,14892406.37,260617111.5
22/08/2019 11:00,14765214.64,36304450.08,1311639.37,17.5,14765214.64,258391256.2
22/08/2019 12:00,14965433.07,36677134.31,988791.562,17.5,14965433.07,261895078.7
22/08/2019 13:00,15579799.48,34740162.14,794266.831,17.5,15579799.48,272646490.9
22/08/2019 14:00,16232814.15,30673169.65,572161.018,17.5,16232814.15,284074247.7
22/08/2019 15:00,16834790.76,24100670.74,434918.545,17.5,16834790.76,294608838.4
22/08/2019 16:00,17667042.93,15569182.17,406883.425,17.5,17667042.93,309173251.2
22/08/2019 17:00,18642131.24,6479487.793,440215.407,17.5,18642131.24,326237296.7
22/08/2019 18:00,19549935.93,422362.163,984185.899,17.5,19549935.93,342123878.8
22/08/2019 19:00,20323432.64,0,2377053.882,17.5,20323432.64,355660071.2
22/08/2019 20:00,20916470.95,0,4358695.982,17.5,20916470.95,366038241.6
22/08/2019 21:00,21227724.91,0,6097377.538,17.5,21227724.91,371485186
22/08/2019 22:00,21139623.73,0,6374469.285,17.5,21139623.73,369943415.2
22/08/2019 23:00,20794671.78,0,5360416.391,17.5,20794671.78,363906756.1
23/08/2019 0:00,20287702.9,0,4413428.73,17.5,20287702.9,355034800.7
23/08/2019 1:00,19717478.21,0,3974147.619,17.5,19717478.21,345055868.7
23/08/2019 2:00,19084923.75,0,3684669.318,17.5,19084923.75,333986165.6
23/08/2019 3:00,18457526.75,0,3612413.888,17.5,18457526.75,323006718.2
23/08/2019 4:00,17763400.38,0,3728721.525,17.5,17763400.38,310859506.7
23/08/2019 5:00,17057795.29,0,3608727.718,17.5,17057795.29,298511417.5
23/08/2019 6:00,16398658.74,3027646.889,2186244.104,17.5,16398658.74,286976528
23/08/2019 7:00,15861406.66,11636319.37,765119.839,17.5,15861406.66,277574616.6
23/08/2019 8:00,15406124.31,20762595.1,666877.707,17.5,15406124.31,269607175.4
23/08/2019 9:00,15104030.09,28275440.01,593461.356,17.5,15104030.09,264320526.5
23/08/2019 10:00,14869977.1,33463951.26,357152.363,17.5,14869977.1,260224599.3
23/08/2019 11:00,14745781.72,36878785.26,240128.375,17.5,14745781.72,258051180.1
23/08/2019 12:00,14946953.49,37096598.5,289648.023,17.5,14946953.49,261571686
23/08/2019 13:00,15560219.28,34928060.62,437395.619,17.5,15560219.28,272303837.3
23/08/2019 14:00,16211669.34,29664049.15,845424.879,17.5,16211669.34,283704213.4
23/08/2019 15:00,16811673.15,22876341.36,1513789.994,17.5,16811673.15,294204280
23/08/2019 16:00,17640131.88,14591840.13,2026929.83,17.5,17640131.88,308702307.9
23/08/2019 17:00,18609479.1,6080525.259,2535906.474,17.5,18609479.1,325665884.2
23/08/2019 18:00,19509947.49,399485.8,4437151.771,17.5,19509947.49,341424081.1
23/08/2019 19:00,20274590.3,0,8236785.481,17.5,20274590.3,354805330.2
23/08/2019 20:00,20857522.66,0,9234617.662,17.5,20857522.66,365006646.5
23/08/2019 21:00,21158354.2,0,8488746.779,17.5,21158354.2,370271198.5
23/08/2019 22:00,21061114.68,0,8323205.923,17.5,21061114.68,368569506.8
23/08/2019 23:00,20708352.37,0,7900196.527,17.5,20708352.37,362396166.4
24/08/2019 0:00,20195006.13,0,7066394.74,17.5,20195006.13,353412607.3
24/08/2019 1:00,19619548.01,0,6552261.025,17.5,19619548.01,343342090.2
24/08/2019 2:00,18983357.8,0,6035177.807,17.5,18983357.8,332208761.5
24/08/2019 3:00,18353462.83,0,5650787.461,17.5,18353462.83,321185599.5
24/08/2019 4:00,17659209.57,0,5634811.649,17.5,17659209.57,309036167.4
24/08/2019 5:00,16955382.26,0,5735730.902,17.5,16955382.26,296719189.6
24/08/2019 6:00,16299073.98,3068853.494,4002039.059,17.5,16299073.98,285233794.7
24/08/2019 7:00,15764162.61,11966376.17,2188514.559,17.5,15764162.61,275872845.6
24/08/2019 8:00,15311095.04,21262054.11,1903190.024,17.5,15311095.04,267944163.2
24/08/2019 9:00,15009232.92,28798672.55,1689729.524,17.5,15009232.92,262661576.2
24/08/2019 10:00,14774802.85,33970620.61,1751085.055,17.5,14774802.85,258559049.8
24/08/2019 11:00,14648350.1,35363327.08,2032004.358,17.5,14648350.1,256346126.7
24/08/2019 12:00,14839457.63,35785923.3,2469740.464,17.5,14839457.63,259690508.5
24/08/2019 13:00,15431416.3,33885991.22,2988493.354,17.5,15431416.3,270049785.3
24/08/2019 14:00,16059522.18,30042987.67,2950954.085,17.5,16059522.18,281041638.1
24/08/2019 15:00,16636849.53,23516933.23,2624976.271,17.5,16636849.53,291144866.8
24/08/2019 16:00,17435368.82,15087503.49,2731631.869,17.5,17435368.82,305118954.4
24/08/2019 17:00,18369952.83,6157105.184,3830978.349,17.5,18369952.83,321474174.6
24/08/2019 18:00,19237482.11,354086.297,7669151.997,17.5,19237482.11,336655936.9
24/08/2019 19:00,19973597.59,0,16653024.2,17.5,19973597.59,349537957.9
24/08/2019 20:00,20534339.2,0,26919567.21,17.5,20534339.2,359350935.9
24/08/2019 21:00,20822936.66,0,33526155.85,17.5,20822936.66,364401391.5
24/08/2019 22:00,20727451.23,0,35890979.94,17.5,20727451.23,362730396.5
24/08/2019 23:00,20385911.72,0,34318891.37,17.5,20385911.72,356753455
25/08/2019 0:00,19890042.96,0,31206209.35,17.5,19890042.96,348075751.8
25/08/2019 1:00,19334911.91,0,29863870.33,17.5,19334911.91,338360958.5
25/08/2019 2:00,18721609.23,0,27252695.59,17.5,18721609.23,327628161.6
25/08/2019 3:00,18114774.03,0,25672440.56,17.5,18114774.03,317008545.5
25/08/2019 4:00,17445737.43,0,24842989.34,17.5,17445737.43,305300405
25/08/2019 5:00,16767302.24,0,24399970.05,17.5,16767302.24,293427789.2
25/08/2019 6:00,16134640.14,3101568.801,18942244.45,17.5,16134640.14,282356202.4
25/08/2019 7:00,15619393,12212229.88,14766574.46,17.5,15619393,273339377.5
25/08/2019 8:00,15183242.63,21666468.23,13121886.8,17.5,15183242.63,265706746
25/08/2019 9:00,14893746.17,29174340.04,11376480.43,17.5,14893746.17,260640558
25/08/2019 10:00,14669655.59,34256154.96,10762738.11,17.5,14669655.59,256718972.8
25/08/2019 11:00,14550627.76,37117960.44,8982721.52,17.5,14550627.76,254635985.8
25/08/2019 12:00,14741514.95,37408197.15,6846292.399,17.5,14741514.95,257976511.6
25/08/2019 13:00,15324801.45,35431883.87,4784397.368,17.5,15324801.45,268184025.4
25/08/2019 14:00,15945165.63,30768399.7,2924225.148,17.5,15945165.63,279040398.5
25/08/2019 15:00,16517663.07,24195772.3,1645282.86,17.5,16517663.07,289059103.8
25/08/2019 16:00,17308992.49,15619710.67,1175279.545,17.5,17308992.49,302907368.6
25/08/2019 17:00,18236499.78,6369532.115,1268717.995,17.5,18236499.78,319138746.2
25/08/2019 18:00,19101008.71,345890.137,2837973.479,17.5,19101008.71,334267652.4
25/08/2019 19:00,19838919.19,0,7058169.07,17.5,19838919.19,347181085.8
25/08/2019 20:00,20406367.98,0,14285728.32,17.5,20406367.98,357111439.6
25/08/2019 21:00,20706976.88,0,21637618.53,17.5,20706976.88,362372095.4
25/08/2019 22:00,20628687.2,0,25223504.63,17.5,20628687.2,361002026.1
25/08/2019 23:00,20306514.66,0,24294324.34,17.5,20306514.66,355364006.5
26/08/2019 0:00,19830323.74,0,20285913.38,17.5,19830323.74,347030665.4
26/08/2019 1:00,19293870.23,0,14397234.29,17.5,19293870.23,337642729.1
26/08/2019 2:00,18697856.42,0,9534343.694,17.5,18697856.42,327212487.3
26/08/2019 3:00,18106450,0,11224064.78,17.5,18106450,316862874.9
26/08/2019 4:00,17450877.1,0,19003888.65,17.5,17450877.1,305390349.2
26/08/2019 5:00,16783640.17,0,25534221.15,17.5,16783640.17,293713703
26/08/2019 6:00,16160012.49,2916476.217,25919576.79,17.5,16160012.49,282800218.5
26/08/2019 7:00,15652306.33,11815187.82,25659383.37,17.5,15652306.33,273915360.7
26/08/2019 8:00,15222506.94,21263713.04,23742171.11,17.5,15222506.94,266393871.5
26/08/2019 9:00,14939352.19,28830845.01,17417520.72,17.5,14939352.19,261438663.3
26/08/2019 10:00,14721422.19,33992829.83,10896625.18,17.5,14721422.19,257624888.2
26/08/2019 11:00,14609389.51,35248382.78,6490875.012,17.5,14609389.51,255664316.4
26/08/2019 12:00,14812452.15,35677452.36,3958501.971,17.5,14812452.15,259217912.6
26/08/2019 13:00,15416941.66,33733478.37,2830211.619,17.5,15416941.66,269796479.1
26/08/2019 14:00,16062386.4,28095638.2,2514100.303,17.5,16062386.4,281091761.9
26/08/2019 15:00,16662085.57,21449034.32,3229410.684,17.5,16662085.57,291586497.5
26/08/2019 16:00,17489838.97,13144883.24,5113772.648,17.5,17489838.97,306072181.9
26/08/2019 17:00,18462288.3,4962688.47,8925027.689,17.5,18462288.3,323090045.2
26/08/2019 18:00,19374887.51,237327.955,16510200.79,17.5,19374887.51,339060531.5
26/08/2019 19:00,20161211.54,0,24131553.24,17.5,20161211.54,352821202
26/08/2019 20:00,20774515.85,0,24654435.97,17.5,20774515.85,363554027.4
26/08/2019 21:00,21112858.72,0,21447428.04,17.5,21112858.72,369475027.6
26/08/2019 22:00,21056919.64,0,17767765.39,17.5,21056919.64,368496093.8
26/08/2019 23:00,20744733.32,0,14174945.21,17.5,20744733.32,363032833
27/08/2019 0:00,20268506.51,0,10952990.44,17.5,20268506.51,354698864
27/08/2019 1:00,19725554,0,8519280.365,17.5,19725554,345197195.1
27/08/2019 2:00,19116197.81,0,7021208.247,17.5,19116197.81,334533461.6
27/08/2019 3:00,18507834.68,0,6183722.264,17.5,18507834.68,323887106.8
27/08/2019 4:00,17827990.41,0,5312802.5,17.5,17827990.41,311989832.1
27/08/2019 5:00,17132123.67,0,4319595.971,17.5,17132123.67,299812164.3
27/08/2019 6:00,16479061.62,2204485.974,2918135.363,17.5,16479061.62,288383578.3
27/08/2019 7:00,15945982.1,9573490.907,675601.823,17.5,15945982.1,279054686.7
27/08/2019 8:00,15493216.91,18033121.54,93488.424,17.5,15493216.91,271131295.9
27/08/2019 9:00,15194139.36,25308520.42,280337.789,17.5,15194139.36,265897438.9
27/08/2019 10:00,14962692.52,30538731.02,743893.997,17.5,14962692.52,261847119.1
27/08/2019 11:00,14842138.76,29907278.13,1620911.99,17.5,14842138.76,259737428.4
27/08/2019 12:00,15054049.98,29315578.79,2769690.622,17.5,15054049.98,263445874.6
27/08/2019 13:00,15688643.39,26972943.98,4000835.918,17.5,15688643.39,274551259.4
27/08/2019 14:00,16362598.87,23416204.53,5049058.033,17.5,16362598.87,286345480.2
27/08/2019 15:00,16983281.48,17159774.4,6158724.882,17.5,16983281.48,297207425.8
27/08/2019 16:00,17837965.6,10235395.16,7578597.513,17.5,17837965.6,312164397.9
27/08/2019 17:00,18836024.44,3698325.674,9157982.907,17.5,18836024.44,329630427.7
27/08/2019 18:00,19760803.66,158955.821,11499686.61,17.5,19760803.66,345814064.1
27/08/2019 19:00,20542901.87,0,14613951.48,17.5,20542901.87,359500782.6
27/08/2019 20:00,21135026.2,0,15529475.91,17.5,21135026.2,369862958.4
27/08/2019 21:00,21434373.29,0,16780537.78,17.5,21434373.29,375101532.6
27/08/2019 22:00,21322921.73,0,19373824.37,17.5,21322921.73,373151130.2
27/08/2019 23:00,20948347.96,0,23077310.64,17.5,20948347.96,366596089.2
28/08/2019 0:00,20409176.23,0,23542219.17,17.5,20409176.23,357160584
28/08/2019 1:00,19807107.68,0,22637252.87,17.5,19807107.68,346624384.4
28/08/2019 2:00,19144255.22,0,19712132.03,17.5,19144255.22,335024466.4
28/08/2019 3:00,18489503.1,0,14321588.63,17.5,18489503.1,323566304.2
28/08/2019 4:00,17771310.33,0,10350889.12,17.5,17771310.33,310997930.8
28/08/2019 5:00,17045800.31,0,7331268.332,17.5,17045800.31,298301505.4
28/08/2019 6:00,16370990.47,2443800.753,4022949.609,17.5,16370990.47,286492333.3
28/08/2019 7:00,15821437.92,10583721.46,1982007.549,17.5,15821437.92,276875163.5
28/08/2019 8:00,15356656.24,19730967.17,910127.554,17.5,15356656.24,268741484.3
28/08/2019 9:00,15046245.65,27289916.48,1556991.05,17.5,15046245.65,263309298.9
28/08/2019 10:00,14805214.74,32725318.15,2183129.529,17.5,14805214.74,259091257.9
28/08/2019 11:00,14674147.6,35029163.84,2668153.358,17.5,14674147.6,256797583
28/08/2019 12:00,14863613.23,35759047.03,3276691.963,17.5,14863613.23,260113231.5
28/08/2019 13:00,15456951.91,33854821.19,4084035.357,17.5,15456951.91,270496658.5
28/08/2019 14:00,16087616.01,29673206.37,3872235.955,17.5,16087616.01,281533280.1
28/08/2019 15:00,16668920.5,23166068.23,3093203.332,17.5,16668920.5,291706108.8
28/08/2019 16:00,17475200,14743600.24,2549265.713,17.5,17475200,305816000
28/08/2019 17:00,18422172.02,5904710.348,2145340.311,17.5,18422172.02,322388010.4
28/08/2019 18:00,19306682.83,259741.851,2637047.428,17.5,19306682.83,337866949.5
28/08/2019 19:00,20064298.53,0,3917187.274,17.5,20064298.53,351125224.3
28/08/2019 20:00,20650344.21,0,6376080.107,17.5,20650344.21,361381023.7
28/08/2019 21:00,20965803.77,0,10629340.37,17.5,20965803.77,366901565.9
28/08/2019 22:00,20894846.21,0,15123577.55,17.5,20894846.21,365659808.7
28/08/2019 23:00,20574765.9,0,17962851.32,17.5,20574765.9,360058403.3
29/08/2019 0:00,20096701.2,0,18458727.72,17.5,20096701.2,351692271
29/08/2019 1:00,19556167.89,0,18154396.83,17.5,19556167.89,342232938.1
29/08/2019 2:00,18953153.71,0,17399074.67,17.5,18953153.71,331680189.9
29/08/2019 3:00,18353333.97,0,16591934.65,17.5,18353333.97,321183344.4
29/08/2019 4:00,17685240.72,0,15384269.41,17.5,17685240.72,309491712.7
29/08/2019 5:00,17002816.32,0,14114201.33,17.5,17002816.32,297549285.7
29/08/2019 6:00,16363280.57,2553994.228,10880499.53,17.5,16363280.57,286357409.9
29/08/2019 7:00,15841911.29,10757433.33,11764257.51,17.5,15841911.29,277233447.6
29/08/2019 8:00,15399614.13,19574481.64,7533627.215,17.5,15399614.13,269493247.3
29/08/2019 9:00,15108193.58,25687522.75,3891637.317,17.5,15108193.58,264393387.7
29/08/2019 10:00,14883248.17,28779338.16,2889015.544,17.5,14883248.17,260456843
29/08/2019 11:00,14767229.21,30446009.65,3272862.476,17.5,14767229.21,258426511.2
29/08/2019 12:00,14977880.26,28016516.43,4059035.806,17.5,14977880.26,262112904.5
29/08/2019 13:00,15604463.19,23300458.48,4314608.482,17.5,15604463.19,273078105.8
29/08/2019 14:00,16270783.13,19349479.45,3446130.527,17.5,16270783.13,284738704.8
29/08/2019 15:00,16885727.78,14735745.55,2498782.507,17.5,16885727.78,295500236.1
29/08/2019 16:00,17732112.87,9324627.512,2037388.913,17.5,17732112.87,310311975.3
29/08/2019 17:00,18721024.45,3784058.914,2220242.874,17.5,18721024.45,327617927.9
29/08/2019 18:00,19638929.29,151940.477,3543088.013,17.5,19638929.29,343681262.6
29/08/2019 19:00,20417067.99,0,6102997.293,17.5,20417067.99,357298689.8
29/08/2019 20:00,21008335.21,0,8175332.453,17.5,21008335.21,367645866.2
29/08/2019 21:00,21310653.85,0,9243694.601,17.5,21310653.85,372936442.3
29/08/2019 22:00,21206679.8,0,9093992.367,17.5,21206679.8,371116896.5
29/08/2019 23:00,20841781.69,0,8073292.986,17.5,20841781.69,364731179.6
30/08/2019 0:00,20313068.26,0,6214709.361,17.5,20313068.26,355478694.5
30/08/2019 1:00,19721062.61,0,3929156.626,17.5,19721062.61,345118595.7
30/08/2019 2:00,19067808.77,0,1355142.511,17.5,19067808.77,333686653.5
30/08/2019 3:00,18421588.96,0,94811.53,17.5,18421588.96,322377806.8
30/08/2019 4:00,17711557.42,0,278684.604,17.5,17711557.42,309952254.8
30/08/2019 5:00,16993429.84,0,2472676.575,17.5,16993429.84,297385022.1
30/08/2019 6:00,16324868.06,2831770.138,5331263.153,17.5,16324868.06,285685191.1
30/08/2019 7:00,15779966.35,11874597.35,6659452.612,17.5,15779966.35,276149411.1
30/08/2019 8:00,15318695.47,21263829.07,6992676.327,17.5,15318695.47,268077170.8
30/08/2019 9:00,15010151.5,28818626,4239236.102,17.5,15010151.5,262677651.2
30/08/2019 10:00,14770073.89,33991505.18,2013158.937,17.5,14770073.89,258476293
30/08/2019 11:00,14638675.63,36023552.21,746213.431,17.5,14638675.63,256176823.6
30/08/2019 12:00,14824408.32,36235949.21,213168.024,17.5,14824408.32,259427145.7
30/08/2019 13:00,15409200.93,33702842.6,51619.808,17.5,15409200.93,269661016.2
30/08/2019 14:00,16029513.46,28431519.89,41629.816,17.5,16029513.46,280516485.5
30/08/2019 15:00,16599328.63,23097483.75,102603.595,17.5,16599328.63,290488251
30/08/2019 16:00,17389340.15,14048352,247481.408,17.5,17389340.15,304313452.6
30/08/2019 17:00,18315393,5465739.086,492190.739,17.5,18315393,320519377.5
30/08/2019 18:00,19176543.74,230941.038,982775.712,17.5,19176543.74,335589515.4
30/08/2019 19:00,19909445.72,0,1662549.518,17.5,19909445.72,348415300.2
30/08/2019 20:00,20470705.86,0,2173015.782,17.5,20470705.86,358237352.5
30/08/2019 21:00,20764077.94,0,2762429.877,17.5,20764077.94,363371364
30/08/2019 22:00,20677640.46,0,3481993.277,17.5,20677640.46,361858708.1
30/08/2019 23:00,20347658.62,0,4614830.97,17.5,20347658.62,356084025.8
31/08/2019 0:00,19864502.66,0,6559585.201,17.5,19864502.66,347628796.6
31/08/2019 1:00,19322173.01,0,9299275.616,17.5,19322173.01,338138027.6
31/08/2019 2:00,18721143.93,0,10759757.3,17.5,18721143.93,327620018.8
31/08/2019 3:00,18125554.75,0,11171104.16,17.5,18125554.75,317197208
31/08/2019 4:00,17466245.05,0,10984860.5,17.5,17466245.05,305659288.4
31/08/2019 5:00,16795704.87,0,10232020.45,17.5,16795704.87,293924835.1
31/08/2019 6:00,16169187.03,2625599.126,7077621.909,17.5,16169187.03,282960773
31/08/2019 7:00,15658985.69,11371826.97,3172443.946,17.5,15658985.69,274032249.6
31/08/2019 8:00,15226890.55,20629025.23,1042484.851,17.5,15226890.55,266470584.7
31/08/2019 9:00,14941570.61,28217779.26,1041717.256,17.5,14941570.61,261477485.6
31/08/2019 10:00,14721387.77,33440608.18,1129931.141,17.5,14721387.77,257624286
31/08/2019 11:00,14606867.8,35294730.24,1061516.559,17.5,14606867.8,255620186.4
31/08/2019 12:00,14806668.65,35714818.61,885926.814,17.5,14806668.65,259116701.4
31/08/2019 13:00,15406028.6,33102261.42,764725.318,17.5,15406028.6,269605500.5
31/08/2019 14:00,16044239.95,28092108.7,406488.092,17.5,16044239.95,280774199
31/08/2019 15:00,16634454.44,20670246.75,184115.196,17.5,16634454.44,291102952.7
31/08/2019 16:00,17448519.87,11580602.08,117880.002,17.5,17448519.87,305349097.7
31/08/2019 17:00,18402109.63,4376278.233,94805.109,17.5,18402109.63,322036918.6
31/08/2019 18:00,19291232.43,164511.756,156657.365,17.5,19291232.43,337596567.5
31/08/2019 19:00,20050220.06,0,381166.825,17.5,20050220.06,350878851.1
31/08/2019 20:00,20633665.54,0,1480833.45,17.5,20633665.54,361089147
31/08/2019 21:00,20942533.25,0,4478902.527,17.5,20942533.25,366494331.9
31/08/2019 22:00,20861950.09,0,8808346.221,17.5,20861950.09,365084126.6
31/08/2019 23:00,20530262.37,0,12738951.52,17.5,20530262.37,359279591.4
01/09/2019 0:00,20039775.77,0,15778705.91,17.5,20039775.77,350696076
01/09/2019 1:00,19486813.77,0,18482093.85,17.5,19486813.77,341019241
01/09/2019 2:00,18872456.61,0,19423774.74,17.5,18872456.61,330267990.7
01/09/2019 3:00,18262650.85,0,18350533.26,17.5,18262650.85,319596389.8
01/09/2019 4:00,17587475.44,0,16635187.06,17.5,17587475.44,307780820.2
01/09/2019 5:00,16900891.33,0,14399396.16,17.5,16900891.33,295765598.2
01/09/2019 6:00,16259476.97,2421766.477,10165130.51,17.5,16259476.97,284540847
01/09/2019 7:00,15736877.63,10969498.02,8561183.105,17.5,15736877.63,275395358.6
01/09/2019 8:00,15294246.86,20305786.04,3718336.071,17.5,15294246.86,267649320.1
01/09/2019 9:00,15001191.01,27851140.84,2388957.599,17.5,15001191.01,262520842.7
01/09/2019 10:00,14774725.14,32749234.45,2855164.126,17.5,14774725.14,258557690
01/09/2019 11:00,14655822.64,34405049.67,3526058.852,17.5,14655822.64,256476896.2
01/09/2019 12:00,14855514.98,34682062.07,3880123.688,17.5,14855514.98,259971512.1
01/09/2019 13:00,15459578,31107320.23,3586838.398,17.5,15459578,270542615.1
01/09/2019 14:00,16102994.06,25054814.9,2349579.235,17.5,16102994.06,281802396
01/09/2019 15:00,16698345.9,19007242.62,1523467.13,17.5,16698345.9,292221053.3
01/09/2019 16:00,17520928.85,11612433.44,1682178.496,17.5,17520928.85,306616254.9
01/09/2019 17:00,18486128.46,4009186.746,2859081.044,17.5,18486128.46,323507248.1
01/09/2019 18:00,19388488.14,90371.65,5942534.738,17.5,19388488.14,339298542.4
01/09/2019 19:00,20161952.24,0,11304235.83,17.5,20161952.24,352834164.3
01/09/2019 20:00,20760540.21,0,18940063.04,17.5,20760540.21,363309453.6
01/09/2019 21:00,21083501.42,0,25041477.7,17.5,21083501.42,368961274.8
01/09/2019 22:00,21013327.17,0,26617206.44,17.5,21013327.17,367733225.5
01/09/2019 23:00,20689013.13,0,24458347.46,17.5,20689013.13,362057729.8
02/09/2019 0:00,20203186.85,0,19005258.21,17.5,20203186.85,353555769.8
02/09/2019 1:00,19653000.04,0,14708398.84,17.5,19653000.04,343927500.6
02/09/2019 2:00,19038971.36,0,11020098.79,17.5,19038971.36,333181998.8
02/09/2019 3:00,18427950.98,0,8356977.867,17.5,18427950.98,322489142.1
02/09/2019 4:00,17748181.82,0,8022488.131,17.5,17748181.82,310593181.8
02/09/2019 5:00,17054528.72,0,8905837.381,17.5,17054528.72,298454252.6
02/09/2019 6:00,16404934.46,2028041.997,8805910.195,17.5,16404934.46,287086353.1
02/09/2019 7:00,15875261.28,9692402.243,7281962.039,17.5,15875261.28,277817072.4
02/09/2019 8:00,15426019.93,18294969.75,3175963.813,17.5,15426019.93,269955348.8
02/09/2019 9:00,15129249.19,25465503.94,1451953.314,17.5,15129249.19,264761860.8
02/09/2019 10:00,14899892.79,30507309.12,1270482.71,17.5,14899892.79,260748123.8
02/09/2019 11:00,14780438.6,32202370.83,1674096.773,17.5,14780438.6,258657675.5
02/09/2019 12:00,14989022.99,32245296.35,2146972.277,17.5,14989022.99,262307902.3
02/09/2019 13:00,15614605.55,30738288.49,2592279.123,17.5,15614605.55,273255597.2
02/09/2019 14:00,16280005.24,26389054.72,2104562.28,17.5,16280005.24,284900091.8
02/09/2019 15:00,16894312.78,20667627.9,1469964.484,17.5,16894312.78,295650473.6
02/09/2019 16:00,17741168.89,12838041.07,1187319.731,17.5,17741168.89,310470455.5
02/09/2019 17:00,18732064.4,4781371.526,1187261.366,17.5,18732064.4,327811127
02/09/2019 18:00,19653843.73,128761.843,1738323.326,17.5,19653843.73,343942265.2
02/09/2019 19:00,20437983.1,0,3081144.866,17.5,20437983.1,357664704.2
02/09/2019 20:00,21037289.86,0,5496649.414,17.5,21037289.86,368152572.5
02/09/2019 21:00,21349053.73,0,9283853.062,17.5,21349053.73,373608440.2
02/09/2019 22:00,21254621.43,0,12152906.91,17.5,21254621.43,371955875.1
02/09/2019 23:00,20898810.48,0,13289899.9,17.5,20898810.48,365729183.4
03/09/2019 0:00,20378246.43,0,13525026,17.5,20378246.43,356619312.6
03/09/2019 1:00,19793357.79,0,13488174.03,17.5,19793357.79,346383761.3
03/09/2019 2:00,19145682.59,0,12091432.71,17.5,19145682.59,335049445.4
03/09/2019 3:00,18503725.66,0,10954027.51,17.5,18503725.66,323815199
03/09/2019 4:00,17795592.34,0,10428266.81,17.5,17795592.34,311422865.9
03/09/2019 5:00,17077321.56,0,10535056.88,17.5,17077321.56,298853127.3
03/09/2019 6:00,16407277.58,2257778.403,9039205.532,17.5,16407277.58,287127357.6
03/09/2019 7:00,15860885.98,10789032.17,8405594.726,17.5,15860885.98,277565504.6
03/09/2019 8:00,15397873.99,20235959.58,6525575.162,17.5,15397873.99,269462794.8
03/09/2019 9:00,15088929.36,27955814.47,5228130.238,17.5,15088929.36,264056263.9
03/09/2019 10:00,14848657.92,33130632.31,4197163.282,17.5,14848657.92,259851513.6
03/09/2019 11:00,14718307.75,35843291.17,3415494.031,17.5,14718307.75,257570385.5
03/09/2019 12:00,14911040.83,36155706.01,2838375.357,17.5,14911040.83,260943214.6
03/09/2019 13:00,15511142.27,34155840.5,2518930.52,17.5,15511142.27,271444989.7
03/09/2019 14:00,16147244.27,29447373.34,2027685.435,17.5,16147244.27,282576774.8
03/09/2019 15:00,16730934.2,22882854.55,1749778.392,17.5,16730934.2,292791348.4
03/09/2019 16:00,17538441.24,14276304.33,1918646.505,17.5,17538441.24,306922721.6
03/09/2019 17:00,18482962.95,5268166.222,2694045.645,17.5,18482962.95,323451851.7
03/09/2019 18:00,19358211.04,126845.59,5338565.256,17.5,19358211.04,338768693.2
03/09/2019 19:00,20099018.53,0,10933082.96,17.5,20099018.53,351732824.3
03/09/2019 20:00,20661043.89,0,18875193.4,17.5,20661043.89,361568268.1
03/09/2019 21:00,20946619.37,0,26491329.58,17.5,20946619.37,366565839
03/09/2019 22:00,20843026.21,0,29454072.74,17.5,20843026.21,364752958.6
03/09/2019 23:00,20490581.45,0,28497966.34,17.5,20490581.45,358585175.4
04/09/2019 0:00,19982485.04,0,26400986.83,17.5,19982485.04,349693488.2
04/09/2019 1:00,19415074.88,0,25562349.81,17.5,19415074.88,339763810.4
04/09/2019 2:00,18789610.59,0,21745289.69,17.5,18789610.59,328818185.3
04/09/2019 3:00,18171427.34,0,17056899.46,17.5,18171427.34,317999978.4
04/09/2019 4:00,17491408.25,0,13524467.91,17.5,17491408.25,306099644.4
04/09/2019 5:00,16802896.07,0,10702555.58,17.5,16802896.07,294050681.2
04/09/2019 6:00,16161422.32,2213366.517,6469451.351,17.5,16161422.32,282824890.5
04/09/2019 7:00,15638848.42,10985253.04,3721378.173,17.5,15638848.42,273679847.4
04/09/2019 8:00,15196447.41,20561065.15,3791282.689,17.5,15196447.41,265937829.7
04/09/2019 9:00,14901710.65,28211479.15,4154467.951,17.5,14901710.65,260779936.4
04/09/2019 10:00,14672885.94,33329579.52,4089992.854,17.5,14672885.94,256775503.9
04/09/2019 11:00,14549426.12,35232938.28,3408674.552,17.5,14549426.12,254614957.1
04/09/2019 12:00,14735524.42,35333793.61,2413600.743,17.5,14735524.42,257871677.3
04/09/2019 13:00,15312301.57,32967753.58,1598738.307,17.5,15312301.57,267965277.5
04/09/2019 14:00,15924325.95,28741032.7,1051242.447,17.5,15924325.95,278675704.2
04/09/2019 15:00,16486872.33,22721097.43,922373.712,17.5,16486872.33,288520265.7
04/09/2019 16:00,17264939.64,14137550.06,1482211.595,17.5,17264939.64,302136443.8
04/09/2019 17:00,18175521.77,5204334.217,3196367.663,17.5,18175521.77,318071631
04/09/2019 18:00,19020616.82,115310.658,8016974.425,17.5,19020616.82,332860794.4
04/09/2019 19:00,19737440.68,0,17016529.9,17.5,19737440.68,345405211.8
04/09/2019 20:00,20283095.51,0,25481492.04,17.5,20283095.51,354954171.5
04/09/2019 21:00,20563262.03,0,30522581.12,17.5,20563262.03,359857085.5
04/09/2019 22:00,20468920.06,0,32030260.28,17.5,20468920.06,358206101.1
04/09/2019 23:00,20134601.94,0,29863873.58,17.5,20134601.94,352355534
05/09/2019 0:00,19649743.45,0,25922191.37,17.5,19649743.45,343870510.4
05/09/2019 1:00,19107007.13,0,24269640.53,17.5,19107007.13,334372624.7
05/09/2019 2:00,18507532.65,0,22071022.25,17.5,18507532.65,323881821.4
05/09/2019 3:00,17914319.67,0,20640507.96,17.5,17914319.67,313500594.2
05/09/2019 4:00,17260656.39,0,18465121.42,17.5,17260656.39,302061486.8
05/09/2019 5:00,16598037.71,0,16147753.74,17.5,16598037.71,290465659.9
05/09/2019 6:00,15980167.97,2358238.44,11144124.34,17.5,15980167.97,279652939.4
05/09/2019 7:00,15476620.72,11358665.35,8977963.758,17.5,15476620.72,270840862.6
05/09/2019 8:00,15050100.78,20800450.94,9762358.729,17.5,15050100.78,263376763.6
05/09/2019 9:00,14765989.5,28337702.91,10580656.68,17.5,14765989.5,258404816.2
05/09/2019 10:00,14545326.06,33682348.1,8858135.754,17.5,14545326.06,254543206
05/09/2019 11:00,14426334.82,36159088.82,5930334.096,17.5,14426334.82,252460859.4
05/09/2019 12:00,14606630.08,36618369.27,3866446.836,17.5,14606630.08,255616026.4
05/09/2019 13:00,15164713.74,34706145.44,2744091.629,17.5,15164713.74,265382490.5
05/09/2019 14:00,15756579.63,30421628.46,2661997.995,17.5,15756579.63,275740143.5
05/09/2019 15:00,16300120.74,23893651.47,3155181.806,17.5,16300120.74,285252112.9
05/09/2019 16:00,17051532.12,15106837.48,4081223.844,17.5,17051532.12,298401812.1
05/09/2019 17:00,17930229.99,5532151.786,5773522.399,17.5,17930229.99,313779024.8
05/09/2019 18:00,18744511.16,113230.753,10992268.16,17.5,18744511.16,328028945.4
05/09/2019 19:00,19433645.18,0,20094819.09,17.5,19433645.18,340088790.6
05/09/2019 20:00,19956290.67,0,24325583.02,17.5,19956290.67,349235086.6
05/09/2019 21:00,20221627.72,0,25627570.58,17.5,20221627.72,353878485
05/09/2019 22:00,20124952.58,0,25763267.7,17.5,20124952.58,352186670.1
05/09/2019 23:00,19796680.15,0,25202504.3,17.5,19796680.15,346441902.7
06/09/2019 0:00,19323515.57,0,21141236.68,17.5,19323515.57,338161522.4
06/09/2019 1:00,18795064.73,0,17976496,17.5,18795064.73,328913632.8
06/09/2019 2:00,18212642.08,0,14956686.19,17.5,18212642.08,318721236.4
06/09/2019 3:00,17636999.46,0,17753186.62,17.5,17636999.46,308647490.5
06/09/2019 4:00,17004117.3,0,22395544.38,17.5,17004117.3,297572052.8
06/09/2019 5:00,16363596.61,0,23194520.79,17.5,16363596.61,286362940.7
06/09/2019 6:00,15766989.98,2318501.85,18833112.08,17.5,15766989.98,275922324.6
06/09/2019 7:00,15280905.29,11704471.68,18417519.23,17.5,15280905.29,267415842.6
06/09/2019 8:00,14869392.85,21636393.74,14168463.13,17.5,14869392.85,260214374.9
06/09/2019 9:00,14594888.63,29471572.36,8834264.719,17.5,14594888.63,255410551
06/09/2019 10:00,14381594.05,34745138.87,5683588.746,17.5,14381594.05,251677895.9
06/09/2019 11:00,14265956.18,36870143.92,3447018.822,17.5,14265956.18,249654233.1
06/09/2019 12:00,14436720.67,37322237.13,1854853.801,17.5,14436720.67,252642611.7
06/09/2019 13:00,14968576.98,35453861.01,920727.557,17.5,14968576.98,261950097.2
06/09/2019 14:00,15532691.34,30342477.81,348058.012,17.5,15532691.34,271822098.4
06/09/2019 15:00,16050808.66,23742499.66,60896.316,17.5,16050808.66,280889151.5
06/09/2019 16:00,16767786.42,14980931.31,85559.416,17.5,16767786.42,293436262.3
06/09/2019 17:00,17606893.23,5518444.892,531286.02,17.5,17606893.23,308120631.6
06/09/2019 18:00,18385388.36,93489.278,3328288.724,17.5,18385388.36,321744296.3
06/09/2019 19:00,19045577.61,0,12494818.62,17.5,19045577.61,333297608.2
06/09/2019 20:00,19548192.39,0,26308804.52,17.5,19548192.39,342093366.8
06/09/2019 21:00,19806497.01,0,36657045.75,17.5,19806497.01,346613697.7
06/09/2019 22:00,19720116.48,0,40629746.31,17.5,19720116.48,345102038.4
06/09/2019 23:00,19413257.79,0,38199778.83,17.5,19413257.79,339732011.4
07/09/2019 0:00,18968405.64,0,32645246.91,17.5,18968405.64,331947098.7
07/09/2019 1:00,18470963.9,0,28324116.48,17.5,18470963.9,323241868.3
07/09/2019 2:00,17921808.85,0,24989428.61,17.5,17921808.85,313631654.8
07/09/2019 3:00,17378946.11,0,22250406.48,17.5,17378946.11,304131557
07/09/2019 4:00,16780409.32,0,19226590.81,17.5,16780409.32,293657163.1
07/09/2019 5:00,16173498.16,0,16039275.85,17.5,16173498.16,283036217.8
07/09/2019 6:00,15607737.18,2288916.934,10781160.2,17.5,15607737.18,273135400.6
07/09/2019 7:00,15147699.56,11698541.9,6941074.135,17.5,15147699.56,265084742.3
07/09/2019 8:00,14758891.72,21625060.14,4156486.989,17.5,14758891.72,258280605
07/09/2019 9:00,14502569.14,29426686.48,1661777.046,17.5,14502569.14,253794960
07/09/2019 10:00,14305517.7,34681272.18,816062.348,17.5,14305517.7,250346559.8
07/09/2019 11:00,14203972.83,36566312.8,479597.931,17.5,14203972.83,248569524.5
07/09/2019 12:00,14384937.34,36966799.8,225032.788,17.5,14384937.34,251736403.5
07/09/2019 13:00,14925603.3,35040123.4,83733.323,17.5,14925603.3,261198057.8
07/09/2019 14:00,15503807.37,29686949.91,33611.806,17.5,15503807.37,271316629
07/09/2019 15:00,16042357.9,22849055.02,25727.971,17.5,16042357.9,280741263.2
07/09/2019 16:00,16786777.41,13990931.25,47813.096,17.5,16786777.41,293768604.7
07/09/2019 17:00,17663251.61,4862854.813,205495.237,17.5,17663251.61,309106903.1
07/09/2019 18:00,18489194.18,59260.544,1345592.597,17.5,18489194.18,323560898.2
07/09/2019 19:00,19205243.68,0,5353232.248,17.5,19205243.68,336091764.3
07/09/2019 20:00,19769272.47,0,11417107.91,17.5,19769272.47,345962268.1
07/09/2019 21:00,20088978.72,0,17735927.01,17.5,20088978.72,351557127.7
07/09/2019 22:00,20055492.13,0,24290029.49,17.5,20055492.13,350971112.3
07/09/2019 23:00,19791594.73,0,27846703.15,17.5,19791594.73,346352907.8
08/09/2019 0:00,19379260.19,0,30011026.96,17.5,19379260.19,339137053.4
08/09/2019 1:00,18905663.7,0,34133101.53,17.5,18905663.7,330849114.7
08/09/2019 2:00,18370390.29,0,30377140.58,17.5,18370390.29,321481830.1
08/09/2019 3:00,17834242.68,0,17018594.37,17.5,17834242.68,312099246.8
08/09/2019 4:00,17230606.91,0,6161768.257,17.5,17230606.91,301535620.9
08/09/2019 5:00,16609609.27,0,2569115.135,17.5,16609609.27,290668162.3
08/09/2019 6:00,16025031.28,1676339.712,2003331.712,17.5,16025031.28,280438047.3
08/09/2019 7:00,15548249.3,9251388.666,1923910.595,17.5,15548249.3,272094362.7
08/09/2019 8:00,15143330.94,18081091.97,1555356.962,17.5,15143330.94,265008291.4
08/09/2019 9:00,14878970.41,25664452.73,1381560.311,17.5,14878970.41,260381982.2
08/09/2019 10:00,14676193.99,30635244.83,1404612.599,17.5,14676193.99,256833394.8
08/09/2019 11:00,14575968.72,32960259.11,1539468.462,17.5,14575968.72,255079452.7
08/09/2019 12:00,14787027.17,34210275.21,1529966.641,17.5,14787027.17,258772975.4
08/09/2019 13:00,15397277.13,32422337.05,1500636.052,17.5,15397277.13,269452349.7
08/09/2019 14:00,16048820.04,27646193.94,1127141.324,17.5,16048820.04,280854350.8
08/09/2019 15:00,16654345.32,21332798.18,815923.059,17.5,16654345.32,291451043.1
08/09/2019 16:00,17486403.16,13187973.33,796434.26,17.5,17486403.16,306012055.3
08/09/2019 17:00,18460874.55,4794257.473,952824.04,17.5,18460874.55,323065304.7
08/09/2019 18:00,19371897.04,57052.376,1719301.787,17.5,19371897.04,339008198.1
08/09/2019 19:00,20152080.54,0,3342820.117,17.5,20152080.54,352661409.5
08/09/2019 20:00,20754352.87,0,5462000.841,17.5,20754352.87,363201175.2
08/09/2019 21:00,21077327.03,0,8009406.218,17.5,21077327.03,368853223.1
08/09/2019 22:00,21003519.15,0,9644164.624,17.5,21003519.15,367561585
08/09/2019 23:00,20672494.32,0,9841316.301,17.5,20672494.32,361768650.6
09/09/2019 0:00,20177806.05,0,8466066.695,17.5,20177806.05,353111605.8
09/09/2019 1:00,19617446.22,0,5981423.141,17.5,19617446.22,343305308.9
09/09/2019 2:00,18992913.32,0,3038156.971,17.5,18992913.32,332375983.2
09/09/2019 3:00,18371563.7,0,1465571.359,17.5,18371563.7,321502364.8
09/09/2019 4:00,17682922.39,0,1233719.966,17.5,17682922.39,309451141.8
09/09/2019 5:00,16982213.67,0,1668841.873,17.5,16982213.67,297188739.2
09/09/2019 6:00,16327183.77,1892042.756,1807091.614,17.5,16327183.77,285725716
09/09/2019 7:00,15792575.74,10513815.4,1375683.155,17.5,15792575.74,276370075.4
09/09/2019 8:00,15339079.14,20166739.82,1982106.371,17.5,15339079.14,268433885
09/09/2019 9:00,15036841.72,28062696.64,1260620.621,17.5,15036841.72,263144730.1
09/09/2019 10:00,14801831.2,33461355.81,407015.71,17.5,14801831.2,259032046
09/09/2019 11:00,14675035.91,33826420.31,85699.877,17.5,14675035.91,256813128.4
09/09/2019 12:00,14867600.13,34488382.87,16157.761,17.5,14867600.13,260183002.3
09/09/2019 13:00,15463410.75,32699542.5,6328.773,17.5,15463410.75,270609688
09/09/2019 14:00,16095151.72,29016486.85,5674.425,17.5,16095151.72,281665155.2
09/09/2019 15:00,16675226.65,22321798.96,7573.662,17.5,16675226.65,291816466.3
09/09/2019 16:00,17477293.14,13655870.02,18106.032,17.5,17477293.14,305852630
09/09/2019 17:00,18415485.98,4697353.133,63920.655,17.5,18415485.98,322271004.6
09/09/2019 18:00,19285355.82,36635.983,284060.446,17.5,19285355.82,337493726.9
09/09/2019 19:00,20022210.24,0,1304679.359,17.5,20022210.24,350388679.2
09/09/2019 20:00,20581970.99,0,3907955.873,17.5,20581970.99,360184492.4
09/09/2019 21:00,20867629.61,0,7530614.589,17.5,20867629.61,365183518.2
09/09/2019 22:00,20767162.52,0,10303464.4,17.5,20767162.52,363425344.2
09/09/2019 23:00,20419637.52,0,11117141.61,17.5,20419637.52,357343656.5
10/09/2019 0:00,19917468.94,0,10116001.57,17.5,19917468.94,348555706.4
10/09/2019 1:00,19356246.62,0,8092627.846,17.5,19356246.62,338734315.8
10/09/2019 2:00,18737200.18,0,7334313.905,17.5,18737200.18,327901003.2
10/09/2019 3:00,18125209.73,0,8359656.901,17.5,18125209.73,317191170.2
10/09/2019 4:00,17451569.2,0,9438593.984,17.5,17451569.2,305402460.9
10/09/2019 5:00,16769237.36,0,10140274.99,17.5,16769237.36,293461653.7
10/09/2019 6:00,16133411.48,2013557.953,8125251.397,17.5,16133411.48,282334701
10/09/2019 7:00,15615620.1,11335974.45,3446169.825,17.5,15615620.1,273273351.8
10/09/2019 8:00,15177411.2,21243342.72,4843955.339,17.5,15177411.2,265604695.9
10/09/2019 9:00,14886093.75,29035795.37,4251868.516,17.5,14886093.75,260506640.6
10/09/2019 10:00,14660384.16,34326223.03,1513289.048,17.5,14660384.16,256556722.7
10/09/2019 11:00,14539726.89,36483269.21,184880.046,17.5,14539726.89,254445220.6
10/09/2019 12:00,14728133.26,36897946.56,954.402,17.5,14728133.26,257742332.1
10/09/2019 13:00,15307343.92,34951756.65,716.221,17.5,15307343.92,267878518.5
10/09/2019 14:00,15923067.05,30203148.86,12522.521,17.5,15923067.05,278653673.4
10/09/2019 15:00,16490771.92,23454918.27,59218.764,17.5,16490771.92,288588508.6
10/09/2019 16:00,17275937.96,14571362.7,129737.806,17.5,17275937.96,302328914.2
10/09/2019 17:00,18196213.43,5086514.596,407573.144,17.5,18196213.43,318433735.1
10/09/2019 18:00,19053521.55,31529.916,2057942.662,17.5,19053521.55,333436627.1
10/09/2019 19:00,19784734.51,0,6761729.858,17.5,19784734.51,346232854
10/09/2019 20:00,20346345.06,0,11936312.85,17.5,20346345.06,356061038.5
10/09/2019 21:00,20642672.83,0,13886989.67,17.5,20642672.83,361246774.6
10/09/2019 22:00,20562525.06,0,12907713.02,17.5,20562525.06,359844188.6
10/09/2019 23:00,20240168.47,0,10458526.46,17.5,20240168.47,354202948.2
11/09/2019 0:00,19764926.89,0,8045436.807,17.5,19764926.89,345886220.6
11/09/2019 1:00,19229919.32,0,6133310.408,17.5,19229919.32,336523588.1
11/09/2019 2:00,18635856.77,0,5773745.559,17.5,18635856.77,326127493.4
11/09/2019 3:00,18046442.13,0,6382551.238,17.5,18046442.13,315812737.3
11/09/2019 4:00,17393497.36,0,7005048.806,17.5,17393497.36,304386203.8
11/09/2019 5:00,16729174.74,0,6917428.305,17.5,16729174.74,292760558
11/09/2019 6:00,16108307.09,1850872.78,5404207.264,17.5,16108307.09,281895374.1
11/09/2019 7:00,15602483.15,10907267.35,3118899.489,17.5,15602483.15,273043455
11/09/2019 8:00,15173969.8,20764814.75,5379640.461,17.5,15173969.8,265544471.4
11/09/2019 9:00,14890615.05,28474847.78,7790389.225,17.5,14890615.05,260585763.3
11/09/2019 10:00,14671720.35,33675815.37,5056651.992,17.5,14671720.35,256755106
11/09/2019 11:00,14557269.06,34633599.5,2168424.021,17.5,14557269.06,254752208.6
11/09/2019 12:00,14753085.34,35134201.12,626449.251,17.5,14753085.34,258178993.4
11/09/2019 13:00,15342973.89,33247381.68,123767.676,17.5,15342973.89,268502043.1
11/09/2019 14:00,15970928.87,28524877.26,33687.741,17.5,15970928.87,279491255.2
11/09/2019 15:00,16551408.81,21807346.06,57164.845,17.5,16551408.81,289649654.1
11/09/2019 16:00,17352536.95,13144888.95,184333.484,17.5,17352536.95,303669396.6
11/09/2019 17:00,18291263.71,4347677.374,598247.027,17.5,18291263.71,320097114.9
11/09/2019 18:00,19166742.28,10776.236,2170489.396,17.5,19166742.28,335417989.8
11/09/2019 19:00,19914411.26,0,4794175.231,17.5,19914411.26,348502197
11/09/2019 20:00,20489588.61,0,7880407.518,17.5,20489588.61,358567800.7
11/09/2019 21:00,20794667.3,0,11420185.71,17.5,20794667.3,363906677.7
11/09/2019 22:00,20716331.73,0,13761546.72,17.5,20716331.73,362535805.2
11/09/2019 23:00,20390731.62,0,13062118.91,17.5,20390731.62,356837803.4
12/09/2019 0:00,19908670.81,0,9421499.667,17.5,19908670.81,348401739.1
12/09/2019 1:00,19364946.42,0,5704064.683,17.5,19364946.42,338886562.4
12/09/2019 2:00,18760516.92,0,3175774.507,17.5,18760516.92,328309046.2
12/09/2019 3:00,18160324.47,0,2207908.525,17.5,18160324.47,317805678.2
12/09/2019 4:00,17495350.93,0,3279398.104,17.5,17495350.93,306168641.3
12/09/2019 5:00,16818783.38,0,4424847.882,17.5,16818783.38,294328709.1
12/09/2019 6:00,16186449.06,1706735.906,4948770.54,17.5,16186449.06,283262858.6
12/09/2019 7:00,15671048.22,10686394.96,3121508.352,17.5,15671048.22,274243343.8
12/09/2019 8:00,15234290.25,20806383.79,2154178.226,17.5,15234290.25,266600079.4
12/09/2019 9:00,14944888.26,28711487.8,1466163.412,17.5,14944888.26,261535544.6
12/09/2019 10:00,14720959.28,33836335.83,900471.454,17.5,14720959.28,257616787.4
12/09/2019 11:00,14602912.95,36092419.11,225350.116,17.5,14602912.95,255550976.6
12/09/2019 12:00,14798784.23,36510266.74,33785.299,17.5,14798784.23,258978724
12/09/2019 13:00,15392787.86,34585279.9,4549.252,17.5,15392787.86,269373787.6
12/09/2019 14:00,16024617.9,29873119.44,1841.646,17.5,16024617.9,280430813.2
12/09/2019 15:00,16607897.26,23146755.7,6648.352,17.5,16607897.26,290638202
12/09/2019 16:00,17413385.23,14254973.86,72963.657,17.5,17413385.23,304734241.5
12/09/2019 17:00,18357078.21,4828708.635,475819.044,17.5,18357078.21,321248868.7
12/09/2019 18:00,19236417.3,9230.215,2140484.302,17.5,19236417.3,336637302.7
12/09/2019 19:00,19986530.17,0,5696221.561,17.5,19986530.17,349764277.9
12/09/2019 20:00,20562635.91,0,10745625.9,17.5,20562635.91,359846128.4
12/09/2019 21:00,20866680.14,0,15750851.7,17.5,20866680.14,365166902.4
12/09/2019 22:00,20784861.81,0,18200561.02,17.5,20784861.81,363735081.6
12/09/2019 23:00,20454555.42,0,17226255.22,17.5,20454555.42,357954719.9
13/09/2019 0:00,19967288.98,0,13224280.2,17.5,19967288.98,349427557.1
13/09/2019 1:00,19418494.82,0,8151321.204,17.5,19418494.82,339823659.3
13/09/2019 2:00,18809106.02,0,4396496.868,17.5,18809106.02,329159355.3
13/09/2019 3:00,18204411.71,0,2720695.528,17.5,18204411.71,318577204.9
13/09/2019 4:00,17534921.47,0,3232781.552,17.5,17534921.47,306861125.7
13/09/2019 5:00,16854074.53,0,4881164.542,17.5,16854074.53,294946304.2
13/09/2019 6:00,16217954.01,1714672.455,6438539.215,17.5,16217954.01,283814195.2
13/09/2019 7:00,15699618.38,10724903.18,5567823.358,17.5,15699618.38,274743321.6
13/09/2019 8:00,15260506.61,20700509.3,5594556.345,17.5,15260506.61,267058865.6
13/09/2019 9:00,14969704.97,28431133.15,5057042.79,17.5,14969704.97,261969837
13/09/2019 10:00,14744841.65,33581722.59,3573706.502,17.5,14744841.65,258034728.9
13/09/2019 11:00,14626568.82,34392454.18,2195328.234,17.5,14626568.82,255964954.4
13/09/2019 12:00,14824265.77,34813263.1,1383766.074,17.5,14824265.77,259424651
13/09/2019 13:00,15422849.07,32804449.03,966700.66,17.5,15422849.07,269899858.7
13/09/2019 14:00,16059856.8,28879468.71,699060.685,17.5,16059856.8,281047494
13/09/2019 15:00,16648381.33,22081687.98,489809.496,17.5,16648381.33,291346673.3
13/09/2019 16:00,17461125.29,13130339.25,311212.845,17.5,17461125.29,305569692.5
13/09/2019 17:00,18413685.31,4247471.329,218324.579,17.5,18413685.31,322239493
13/09/2019 18:00,19302101.07,0,349583.82,17.5,19302101.07,337786768.7
13/09/2019 19:00,20060961.51,0,880502.141,17.5,20060961.51,351066826.4
13/09/2019 20:00,20645023.16,0,1260971.871,17.5,20645023.16,361287905.3
13/09/2019 21:00,20955218.3,0,1180116.939,17.5,20955218.3,366716320.2
13/09/2019 22:00,20876407.12,0,792596.766,17.5,20876407.12,365337124.7
13/09/2019 23:00,20546835.37,0,514153.789,17.5,20546835.37,359569619
14/09/2019 0:00,20058617.14,0,817224.174,17.5,20058617.14,351025800
14/09/2019 1:00,19507952.57,0,1337806.881,17.5,19507952.57,341389169.9
14/09/2019 2:00,18895672.2,0,1482170.304,17.5,18895672.2,330674263.5
14/09/2019 3:00,18287695.69,0,1970402.775,17.5,18287695.69,320034674.6
14/09/2019 4:00,17613697.59,0,4499597.655,17.5,17613697.59,308239707.8
14/09/2019 5:00,16927654.72,0,6868920.262,17.5,16927654.72,296233957.5
14/09/2019 6:00,16286320.05,1439309.352,7815998.835,17.5,16286320.05,285010600.9
14/09/2019 7:00,15763739.72,9701130.337,4797271.394,17.5,15763739.72,275865445.2
14/09/2019 8:00,15320986.39,19421557.61,3061954.519,17.5,15320986.39,268117261.9
14/09/2019 9:00,15028205.03,27305236.04,2351008.748,17.5,15028205.03,262993588
14/09/2019 10:00,14802038.79,32820450.36,1981478.496,17.5,14802038.79,259035678.8
14/09/2019 11:00,14683828.53,34396611.76,1561287.496,17.5,14683828.53,256966999.2
14/09/2019 12:00,14886289.01,34939580.66,1323976.166,17.5,14886289.01,260510057.7
14/09/2019 13:00,15496090.26,33063965.95,1334594.333,17.5,15496090.26,271181579.5
14/09/2019 14:00,16145438.47,29737560.76,1314260.086,17.5,16145438.47,282545173.3
14/09/2019 15:00,16746011.97,23001172.46,1160462.439,17.5,16746011.97,293055209.5
14/09/2019 16:00,17575067.52,14087680.47,935193.044,17.5,17575067.52,307563681.7
14/09/2019 17:00,18546981.05,4636740.705,982825.228,17.5,18546981.05,324572168.3
14/09/2019 18:00,19454290.48,0,2066006.396,17.5,19454290.48,340450083.4
14/09/2019 19:00,20230287.65,0,3810640.052,17.5,20230287.65,354030033.9
14/09/2019 20:00,20828705.08,0,4168341.816,17.5,20828705.08,364502338.8
14/09/2019 21:00,21148384.75,0,2919265.412,17.5,21148384.75,370096733.2
14/09/2019 22:00,21071656.9,0,1952672.734,17.5,21071656.9,368753995.8
14/09/2019 23:00,20739070.81,0,1662689.341,17.5,20739070.81,362933739.1
15/09/2019 0:00,20244342.53,0,2158179.716,17.5,20244342.53,354275994.3
15/09/2019 1:00,19685479.78,0,3931677.33,17.5,19685479.78,344495896.1
15/09/2019 2:00,19063290.63,0,9784922.446,17.5,19063290.63,333607586.1
15/09/2019 3:00,18445033.43,0,19983339.1,17.5,18445033.43,322788085
15/09/2019 4:00,17758922.55,0,26781193,17.5,17758922.55,310781144.7
15/09/2019 5:00,17060058.59,0,28670909.91,17.5,17060058.59,298551025.2
15/09/2019 6:00,16406434.12,1373527.026,27461350,17.5,16406434.12,287112597.1
15/09/2019 7:00,15873786.01,9707805.791,24471115.17,17.5,15873786.01,277791255.1
15/09/2019 8:00,15422425.47,19593655.13,27979028.54,17.5,15422425.47,269892445.8
15/09/2019 9:00,15124149.53,27606293.18,26383761.08,17.5,15124149.53,264672616.7
15/09/2019 10:00,14893825.06,33078705.91,21332463.55,17.5,14893825.06,260641938.6
15/09/2019 11:00,14773792.99,35329341.01,16087878.36,17.5,14773792.99,258541377.3
15/09/2019 12:00,14981766.47,35925869.26,10726925.64,17.5,14981766.47,262180913.1
15/09/2019 13:00,15606636.46,34114338.13,6735926.521,17.5,15606636.46,273116138.1
15/09/2019 14:00,16272183.55,28521957.81,4058504.578,17.5,16272183.55,284763212.1
15/09/2019 15:00,16888000.09,21821726.11,3131407.659,17.5,16888000.09,295540001.5
15/09/2019 16:00,17737926.75,13062349.81,4274669.42,17.5,17737926.75,310413718.1
15/09/2019 17:00,18734379.54,4116987.08,9632693.434,17.5,18734379.54,327851641.9
15/09/2019 18:00,19664921.06,0,23975698.71,17.5,19664921.06,344136118.6
15/09/2019 19:00,20461171.92,0,34446932.38,17.5,20461171.92,358070508.5
15/09/2019 20:00,21075661.21,0,38389028.54,17.5,21075661.21,368824071.2
15/09/2019 21:00,21404648.64,0,38603762.74,17.5,21404648.64,374581351.1
15/09/2019 22:00,21327430.62,0,36786631.86,17.5,21327430.62,373230035.8
15/09/2019 23:00,20987909.67,0,32565620.47,17.5,20987909.67,367288419.1
16/09/2019 0:00,20482059.2,0,25931393.98,17.5,20482059.2,358436035.9
16/09/2019 1:00,19910303.23,0,20261380.91,17.5,19910303.23,348430306.6
16/09/2019 2:00,19273462.74,0,15218978.54,17.5,19273462.74,337285597.9
16/09/2019 3:00,18640489.21,0,11156897.45,17.5,18640489.21,326208561.2
16/09/2019 4:00,17937769.05,0,7635290.949,17.5,17937769.05,313910958.4
16/09/2019 5:00,17221802.03,0,6423001.979,17.5,17221802.03,301381535.5
16/09/2019 6:00,16552077.35,1565754.118,7851651.329,17.5,16552077.35,289661353.6
16/09/2019 7:00,16006314.02,10863610.46,6744265.259,17.5,16006314.02,280110495.3
16/09/2019 8:00,15543832.95,21308952.56,5610145.096,17.5,15543832.95,272017076.5
16/09/2019 9:00,15238341.13,29451919.36,3089358.159,17.5,15238341.13,266670969.7
16/09/2019 10:00,15002525.71,34719481.64,1994401.34,17.5,15002525.71,262544199.9
16/09/2019 11:00,14879871.88,36603366.42,2106155.755,17.5,14879871.88,260397757.8
16/09/2019 12:00,15093924.64,37048728.2,2910361.809,17.5,15093924.64,264143681.3
16/09/2019 13:00,15736092.07,35074112.66,3513305.251,17.5,15736092.07,275381611.2
16/09/2019 14:00,16420241.49,30103142.26,2983321.039,17.5,16420241.49,287354226.1
16/09/2019 15:00,17053556.02,23087431.7,1938630.57,17.5,17053556.02,298437230.4
16/09/2019 16:00,17927585.28,13962938.01,1053484.359,17.5,17927585.28,313732742.5
16/09/2019 17:00,18952487.07,4448570.361,801781.482,17.5,18952487.07,331668523.7
16/09/2019 18:00,19910076.11,0,1573588.993,17.5,19910076.11,348426332
16/09/2019 19:00,20730040.94,0,3574740.418,17.5,20730040.94,362775716.5
16/09/2019 20:00,21363491.6,0,6220150.059,17.5,21363491.6,373861103
16/09/2019 21:00,21703644.36,0,6041716.732,17.5,21703644.36,379813776.3
16/09/2019 22:00,21626194.31,0,4396355.378,17.5,21626194.31,378458400.4
16/09/2019 23:00,21278884.1,0,2559764.344,17.5,21278884.1,372380471.8
17/09/2019 0:00,20760270.4,0,1065564.614,17.5,20760270.4,363304732
17/09/2019 1:00,20173575.6,0,852930.981,17.5,20173575.6,353037573
17/09/2019 2:00,19519602.37,0,3176574.434,17.5,19519602.37,341593041.5
17/09/2019 3:00,18869284.78,0,7570430.036,17.5,18869284.78,330212483.6
17/09/2019 4:00,18146884.38,0,11119471.69,17.5,18146884.38,317570476.7
17/09/2019 5:00,17410553.72,0,11895884.42,17.5,17410553.72,304684690.1
17/09/2019 6:00,16721552.17,1334698.854,10537555.62,17.5,16721552.17,292627163
17/09/2019 7:00,16159924.25,9965139.332,5775339.756,17.5,16159924.25,282798674.4
17/09/2019 8:00,15683840.03,20139766.99,3814673.093,17.5,15683840.03,274467200.5
17/09/2019 9:00,15369192.56,28242047.83,3475779.879,17.5,15369192.56,268960869.8
17/09/2019 10:00,15126120.36,33693810.87,3078355.369,17.5,15126120.36,264707106.3
17/09/2019 11:00,14999369.03,35934055.16,2530987.028,17.5,14999369.03,262488958.1
17/09/2019 12:00,15218888.65,36448223.07,1707007.034,17.5,15218888.65,266330551.3
17/09/2019 13:00,15878489.99,34539024.55,1041012.271,17.5,15878489.99,277873574.9
17/09/2019 14:00,16580705.65,28916379.16,685676.28,17.5,16580705.65,290162348.9
17/09/2019 15:00,17229965.99,21996352.59,624068.022,17.5,17229965.99,301524404.9
17/09/2019 16:00,18125813.79,12981545.57,925510.937,17.5,18125813.79,317201741.3
17/09/2019 17:00,19175526.76,3911378.378,1985191.15,17.5,19175526.76,335571718.2
17/09/2019 18:00,20154697.58,0,5197726.465,17.5,20154697.58,352707207.6
17/09/2019 19:00,20991139.07,0,10766275.17,17.5,20991139.07,367344933.7
17/09/2019 20:00,21634851.66,0,16548500.45,17.5,21634851.66,378609904.1
17/09/2019 21:00,21976685.05,0,19283587.16,17.5,21976685.05,384591988.4
17/09/2019 22:00,21889878.89,0,20246784.73,17.5,21889878.89,383072880.6
17/09/2019 23:00,21526576.91,0,20784487.42,17.5,21526576.91,376715095.9
18/09/2019 0:00,20988249.95,0,20605744.33,17.5,20988249.95,367294374.2
18/09/2019 1:00,20380866.43,0,19742070.31,17.5,20380866.43,356665162.5
18/09/2019 2:00,19705497.91,0,18545939.69,17.5,19705497.91,344846213.4
18/09/2019 3:00,19034765.73,0,17162918.73,17.5,19034765.73,333108400.3
18/09/2019 4:00,18291508.02,0,15332565.73,17.5,18291508.02,320101390.4
18/09/2019 5:00,17535200.14,0,13285761.42,17.5,17535200.14,306866002.4
18/09/2019 6:00,16828283.52,1239396.474,10402636.94,17.5,16828283.52,294494961.5
18/09/2019 7:00,16252074.41,9674318.306,4692448.048,17.5,16252074.41,284411302.1
18/09/2019 8:00,15763770.05,19728829.59,4417741.602,17.5,15763770.05,275865975.9
18/09/2019 9:00,15440226.5,27769319.08,3415854.069,17.5,15440226.5,270203963.7
18/09/2019 10:00,15189884.76,33297793.51,1620108.638,17.5,15189884.76,265822983.3
18/09/2019 11:00,15057942.36,34907739.57,726094.301,17.5,15057942.36,263513991.2
18/09/2019 12:00,15277087.9,35414365.28,348249.663,17.5,15277087.9,267349038.2
18/09/2019 13:00,15941531.73,33428890,263303.496,17.5,15941531.73,278976805.2
18/09/2019 14:00,16648300.08,29637533.67,368034.718,17.5,16648300.08,291345251.3
18/09/2019 15:00,17300784.06,22652138.95,597846.305,17.5,17300784.06,302763721.1
18/09/2019 16:00,18201828.05,13519412.12,936412.071,17.5,18201828.05,318531990.8
18/09/2019 17:00,19257487.69,4114987.472,1653442.317,17.5,19257487.69,337006034.5
18/09/2019 18:00,20241200.85,0,3929005.671,17.5,20241200.85,354221014.9
18/09/2019 19:00,21080394.74,0,6790609.168,17.5,21080394.74,368906908
18/09/2019 20:00,21724972.4,0,9772514.883,17.5,21724972.4,380187016.9
18/09/2019 21:00,22065240.17,0,11861744.4,17.5,22065240.17,386141702.9
18/09/2019 22:00,21973874.83,0,12166013.88,17.5,21973874.83,384542809.5
18/09/2019 23:00,21604535.31,0,11252583.84,17.5,21604535.31,378079368
19/09/2019 0:00,21059597.11,0,10380431.13,17.5,21059597.11,368542949.4
19/09/2019 1:00,20445801.72,0,9718993.178,17.5,20445801.72,357801530.1
19/09/2019 2:00,19764188.75,0,11850854.1,17.5,19764188.75,345873303.1
19/09/2019 3:00,19087798.45,0,15801067.53,17.5,19087798.45,334036472.8
19/09/2019 4:00,18338895.85,0,18691612.97,17.5,18338895.85,320930677.3
19/09/2019 5:00,17577262.48,0,19545350.95,17.5,17577262.48,307602093.4
19/09/2019 6:00,16865643.98,1149205.702,17400506.56,17.5,16865643.98,295148769.7
19/09/2019 7:00,16285774.27,9408862.916,11701624.03,17.5,16285774.27,285001049.8
19/09/2019 8:00,15794516.81,19420310.49,15590091.21,17.5,15794516.81,276404044.2
19/09/2019 9:00,15469156.25,27427788.13,12754374.27,17.5,15469156.25,270710234.4
19/09/2019 10:00,15217545.86,32892788.78,7583968.214,17.5,15217545.86,266307052.6
19/09/2019 11:00,15085159,34270092.38,5194110.44,17.5,15085159,263990282.4
19/09/2019 12:00,15306198.84,34610935.72,3884763.437,17.5,15306198.84,267858479.6
19/09/2019 13:00,15975622.89,32492257.61,2999762.921,17.5,15975622.89,279573400.6
19/09/2019 14:00,16687958.4,28473163.85,2631316.584,17.5,16687958.4,292039272
19/09/2019 15:00,17345984.65,21415135.74,2662990.377,17.5,17345984.65,303554731.3
19/09/2019 16:00,18254696.68,12418295.92,3054915.265,17.5,18254696.68,319457191.8
19/09/2019 17:00,19319647.72,3571597.456,4315514.53,17.5,19319647.72,338093835.1
19/09/2019 18:00,20312699.57,0,9038134.198,17.5,20312699.57,355472242.4
19/09/2019 19:00,21160692.32,0,16351183.35,17.5,21160692.32,370312115.7
19/09/2019 20:00,21813023.37,0,22958497.15,17.5,21813023.37,381727909
19/09/2019 21:00,22158938.25,0,26082572.58,17.5,22158938.25,387781419.3
19/09/2019 22:00,22069766.5,0,25852343.36,17.5,22069766.5,386220913.7
19/09/2019 23:00,21700155.87,0,22147801.21,17.5,21700155.87,379752727.7
20/09/2019 0:00,21153158.25,0,18757781.39,17.5,21153158.25,370180269.4
20/09/2019 1:00,20536352.69,0,15112545.41,17.5,20536352.69,359386172.1
20/09/2019 2:00,19850709.98,0,14360092.25,17.5,19850709.98,347387424.6
20/09/2019 3:00,19169928.91,0,15834472.02,17.5,19169928.91,335473755.9
20/09/2019 4:00,18415486,0,17679436.9,17.5,18415486,322271004.9
20/09/2019 5:00,17647734.25,0,18526965.42,17.5,17647734.25,308835349.3
20/09/2019 6:00,16930085.03,915247.04,17524316.04,17.5,16930085.03,296276488
20/09/2019 7:00,16345198.44,8173165.528,20957203.59,17.5,16345198.44,286040972.7
20/09/2019 8:00,15849565.39,17954307.06,19557344.07,17.5,15849565.39,277367394.3
20/09/2019 9:00,15521392.89,26309335.99,11363032.87,17.5,15521392.89,271624375.5
20/09/2019 10:00,15267588.5,32096486.56,6879438.741,17.5,15267588.5,267182798.7
20/09/2019 11:00,15134177.37,32338613.86,4466906.215,17.5,15134177.37,264848104
20/09/2019 12:00,15358074.94,32996026.63,3043483.111,17.5,15358074.94,268766311.4
20/09/2019 13:00,16035374.23,31061475.78,3402227.471,17.5,16035374.23,280619049
20/09/2019 14:00,16755937.57,27130801.88,3547064.258,17.5,16755937.57,293228907.5
20/09/2019 15:00,17421340.78,20306051.83,3271566.476,17.5,17421340.78,304873463.6
20/09/2019 16:00,18339962.48,11529111.13,3424517.816,17.5,18339962.48,320949343.3
20/09/2019 17:00,19416113.86,2982916.468,4275317.055,17.5,19416113.86,339781992.6
20/09/2019 18:00,20418924.33,0,8284689.341,17.5,20418924.33,357331175.8
20/09/2019 19:00,21274373.04,0,14702467.67,17.5,21274373.04,372301528.1
20/09/2019 20:00,21931344.87,0,21271633.54,17.5,21931344.87,383798535.2
20/09/2019 21:00,22278037.5,0,24677963.23,17.5,22278037.5,389865656.2
20/09/2019 22:00,22184730.58,0,23195784.01,17.5,22184730.58,388232785.1
20/09/2019 23:00,21808019.91,0,20153752.12,17.5,21808019.91,381640348.4
21/09/2019 0:00,21252260.67,0,16858984.52,17.5,21252260.67,371914561.8
21/09/2019 1:00,20626269.98,0,12775550.8,17.5,20626269.98,360959724.7
21/09/2019 2:00,19931162.06,0,8905621.755,17.5,19931162.06,348795336
21/09/2019 3:00,19241388.81,0,6760971.001,17.5,19241388.81,336724304.2
21/09/2019 4:00,18477825.76,0,6915139.658,17.5,18477825.76,323361950.8
21/09/2019 5:00,17701407.26,0,8330114.518,17.5,17701407.26,309774627.1
21/09/2019 6:00,16976047.58,910613.796,8437024.242,17.5,16976047.58,297080832.7
21/09/2019 7:00,16384953.68,8365006.081,5619504.351,17.5,16384953.68,286736689.3
21/09/2019 8:00,15884186.38,18028045.49,4249105.833,17.5,15884186.38,277973261.7
21/09/2019 9:00,15552374.48,26213131.09,1904129.424,17.5,15552374.48,272166553.3
21/09/2019 10:00,15295696.96,31872280.94,934555.822,17.5,15295696.96,267674696.8
21/09/2019 11:00,15160392.64,30839028.55,588502.631,17.5,15160392.64,265306871.3
21/09/2019 12:00,15384667.48,31282476.9,409598.01,17.5,15384667.48,269231680.8
21/09/2019 13:00,16064972.24,29458137.49,347645.983,17.5,16064972.24,281137014.2
21/09/2019 14:00,16788786.93,28072637.8,308617.615,17.5,16788786.93,293803771.2
21/09/2019 15:00,17457260.59,21386411.67,360954.34,17.5,17457260.59,305502060.3
21/09/2019 16:00,18380555.31,12466921.14,488865.43,17.5,18380555.31,321659717.9
21/09/2019 17:00,19462612.17,3546994.888,739662.265,17.5,19462612.17,340595713
21/09/2019 18:00,20471512.61,0,2292352.637,17.5,20471512.61,358251470.7
21/09/2019 19:00,21332927.07,0,4785046.222,17.5,21332927.07,373326223.7
21/09/2019 20:00,21995460.7,0,7045367.947,17.5,21995460.7,384920562.2
21/09/2019 21:00,22346568.95,0,9474640.054,17.5,22346568.95,391064956.6
21/09/2019 22:00,22255499.69,0,11841013.21,17.5,22255499.69,389471244.6
21/09/2019 23:00,21879467.78,0,13337080.58,17.5,21879467.78,382890686.1
22/09/2019 0:00,21323214.23,0,13292140.14,17.5,21323214.23,373156249
22/09/2019 1:00,20696064.3,0,11851294.7,17.5,20696064.3,362181125.2
22/09/2019 2:00,19998997.07,0,10689809.88,17.5,19998997.07,349982448.7
22/09/2019 3:00,19306894.07,0,10803172.99,17.5,19306894.07,337870646.2
22/09/2019 4:00,18539948.06,0,11227535.3,17.5,18539948.06,324449091.1
22/09/2019 5:00,17759492.95,0,10619512.94,17.5,17759492.95,310791126.6
22/09/2019 6:00,17029965.16,903738.891,7951265.52,17.5,17029965.16,298024390.3
22/09/2019 7:00,16435358.15,8609219.153,3598426.218,17.5,16435358.15,287618767.7
22/09/2019 8:00,15931448.84,18464536.58,6918084.53,17.5,15931448.84,278800354.7
22/09/2019 9:00,15597688.38,26653615.13,3527760.789,17.5,15597688.38,272959546.7
22/09/2019 10:00,15339469.84,32256753.74,1181101.846,17.5,15339469.84,268440722.1
22/09/2019 11:00,15203534.2,31951363.67,483469.458,17.5,15203534.2,266061848.4
22/09/2019 12:00,15430494.21,32362561.64,365738.3,17.5,15430494.21,270033648.7
22/09/2019 13:00,16117811.92,29909185.13,562864.301,17.5,16117811.92,282061708.7
22/09/2019 14:00,16848785.2,25521869.78,895806.034,17.5,16848785.2,294853740.9
22/09/2019 15:00,17523414.54,18045771.74,1159087.248,17.5,17523414.54,306659754.4
22/09/2019 16:00,18454720.37,11045138.52,1258262.585,17.5,18454720.37,322957606.5
22/09/2019 17:00,19545370.33,2926909.162,1392837.93,17.5,19545370.33,342043980.7
22/09/2019 18:00,20560916.24,0,2421342.6,17.5,20560916.24,359816034.2
22/09/2019 19:00,21426242.4,0,4001901.258,17.5,21426242.4,374959241.9
22/09/2019 20:00,22089572.9,0,6376309.495,17.5,22089572.9,386567525.8
22/09/2019 21:00,22437681.42,0,9733705.009,17.5,22437681.42,392659424.8
22/09/2019 22:00,22339361.12,0,12113550.02,17.5,22339361.12,390938819.6
22/09/2019 23:00,21953711.68,0,11838672.82,17.5,21953711.68,384189954.4
23/09/2019 0:00,21386758.83,0,9222903.028,17.5,21386758.83,374268279.6
23/09/2019 1:00,20748906.45,0,7355619.138,17.5,20748906.45,363105862.9
23/09/2019 2:00,20041413.62,0,8132638.266,17.5,20041413.62,350724738.4
23/09/2019 3:00,19339722.56,0,11918800.13,17.5,19339722.56,338445144.8
23/09/2019 4:00,18563867,0,14754951.18,17.5,18563867,324867672.5
23/09/2019 5:00,17775575.81,0,15347424.83,17.5,17775575.81,311072576.6
23/09/2019 6:00,17039480.74,830538.918,13369373.93,17.5,17039480.74,298190913
23/09/2019 7:00,16439562.2,8393730.42,13360898.85,17.5,16439562.2,287692338.5
23/09/2019 8:00,15931310.83,18291646.93,11473323.38,17.5,15931310.83,278797939.6
23/09/2019 9:00,15593923.76,26611840.72,5213699.167,17.5,15593923.76,272893665.7
23/09/2019 10:00,15332567.33,32354448.72,2564563.971,17.5,15332567.33,268319928.2
23/09/2019 11:00,15193725.14,34527589.22,1437213.985,17.5,15193725.14,265890189.9
23/09/2019 12:00,15417077.45,35122990.69,834882.656,17.5,15417077.45,269798855.4
23/09/2019 13:00,16099080.27,33000179.29,488666.518,17.5,16099080.27,281733904.8
23/09/2019 14:00,16823994.87,27488540.96,390137.781,17.5,16823994.87,294419910.3
23/09/2019 15:00,17492352.03,20965177.39,455229.755,17.5,17492352.03,306116160.5
23/09/2019 16:00,18415837.07,12061997.85,542565.071,17.5,18415837.07,322277148.6
23/09/2019 17:00,19497519.92,3266445.64,706553.003,17.5,19497519.92,341206598.7
23/09/2019 18:00,20504381.77,0,1558273.692,17.5,20504381.77,358826680.9
23/09/2019 19:00,21362031.17,0,3165503.827,17.5,21362031.17,373835545.4
23/09/2019 20:00,22019258.78,0,5433739.817,17.5,22019258.78,385337028.6
23/09/2019 21:00,22363758.33,0,8373557.452,17.5,22363758.33,391365770.8
23/09/2019 22:00,22265293.71,0,11181152.34,17.5,22265293.71,389642639.9
23/09/2019 23:00,21881979.33,0,12594996.27,17.5,21881979.33,382934638.3
24/09/2019 0:00,21319072.42,0,12736460.01,17.5,21319072.42,373083767.3
24/09/2019 1:00,20686138.25,0,12511973.17,17.5,20686138.25,362007419.4
24/09/2019 2:00,19984285.02,0,11688550.58,17.5,19984285.02,349724987.9
24/09/2019 3:00,19288352.57,0,10768615.34,17.5,19288352.57,337546170
24/09/2019 4:00,18518727.54,0,10487430.62,17.5,18518727.54,324077732
24/09/2019 5:00,17736645.7,0,9955708.589,17.5,17736645.7,310391299.7
24/09/2019 6:00,17006284.3,875852.922,8114507.186,17.5,17006284.3,297609975.2
24/09/2019 7:00,16411166.98,8921364.299,4954265.985,17.5,16411166.98,287195422.1
24/09/2019 8:00,15907044.14,18973289.96,5176599.692,17.5,15907044.14,278373272.5
24/09/2019 9:00,15572804.8,27252185.3,2662375.753,17.5,15572804.8,272524084
24/09/2019 10:00,15314128.81,32944991.94,1148156.053,17.5,15314128.81,267997254.2
24/09/2019 11:00,15177377.07,35140143.06,697025.21,17.5,15177377.07,265604098.7
24/09/2019 12:00,15401537.14,35886387.37,527221.383,17.5,15401537.14,269526899.9
24/09/2019 13:00,16083142.08,33938064.5,471628.504,17.5,16083142.08,281454986.5
24/09/2019 14:00,16808008.01,29087356.46,566766.506,17.5,16808008.01,294140140.2
24/09/2019 15:00,17476907.54,22029337.21,840983.432,17.5,17476907.54,305845881.9
24/09/2019 16:00,18400818.2,12809071.89,1122073.823,17.5,18400818.2,322014318.5
24/09/2019 17:00,19483157.15,3486384.616,1480790.842,17.5,19483157.15,340955250.1
24/09/2019 18:00,20491293.39,0,2803909.033,17.5,20491293.39,358597634.3
24/09/2019 19:00,21350789.04,0,5028876.356,17.5,21350789.04,373638808.2
24/09/2019 20:00,22010313.59,0,7701083.287,17.5,22010313.59,385180487.9
24/09/2019 21:00,22357428.52,0,10973398.56,17.5,22357428.52,391254999.2
24/09/2019 22:00,22261695.56,0,14084832.76,17.5,22261695.56,389579672.4
24/09/2019 23:00,21880911.85,0,15354173.18,17.5,21880911.85,382915957.4
25/09/2019 0:00,21320183.76,0,14236407,17.5,21320183.76,373103215.8
25/09/2019 1:00,20689030.93,0,11933903.78,17.5,20689030.93,362058041.3
25/09/2019 2:00,19988553.65,0,10526041.5,17.5,19988553.65,349799688.9
25/09/2019 3:00,19293642.13,0,10973341.58,17.5,19293642.13,337638737.2
25/09/2019 4:00,18524655.75,0,12995043.42,17.5,18524655.75,324181475.6
25/09/2019 5:00,17742886.35,0,15232634.5,17.5,17742886.35,310500511.1
25/09/2019 6:00,17012608.74,788269.517,15279715.02,17.5,17012608.74,297720652.9
25/09/2019 7:00,16417482.69,8548884.276,12892400.01,17.5,16417482.69,287305947.1
25/09/2019 8:00,15913278.31,18560160.38,17519850.35,17.5,15913278.31,278482370.4
25/09/2019 9:00,15579029.51,26833827.95,13291089.04,17.5,15579029.51,272633016.4
25/09/2019 10:00,15320343.07,32436874.54,7588449.95,17.5,15320343.07,268106003.7
25/09/2019 11:00,15183671.66,33316472.23,4282811.741,17.5,15183671.66,265714254.1
25/09/2019 12:00,15408386.37,34199875.72,2488423.507,17.5,15408386.37,269646761.4
25/09/2019 13:00,16091214.98,31421879.65,1488054.289,17.5,16091214.98,281596262.1
25/09/2019 14:00,16817371.64,27500076.07,698157.507,17.5,16817371.64,294304003.7
25/09/2019 15:00,17487463.62,21538466.24,306927.886,17.5,17487463.62,306030613.3
25/09/2019 16:00,18412939.44,12471392.2,238034.829,17.5,18412939.44,322226440.2
25/09/2019 17:00,19497058.6,3372628.73,352877.43,17.5,19497058.6,341198525.4
25/09/2019 18:00,20506798.34,0,1015297.901,17.5,20506798.34,358868970.9
25/09/2019 19:00,21367585.13,0,2177683.804,17.5,21367585.13,373932739.8
25/09/2019 20:00,22027984.65,0,4789692.366,17.5,22027984.65,385489731.3
25/09/2019 21:00,22375383.7,0,9963545.312,17.5,22375383.7,391569214.7
25/09/2019 22:00,22279153.85,0,16086079.1,17.5,22279153.85,389885192.4
25/09/2019 23:00,21897368.35,0,20193956.59,17.5,21897368.35,383203946.1
26/09/2019 0:00,21335328.38,0,20791070.95,17.5,21335328.38,373368246.6
26/09/2019 1:00,20702737.29,0,18350667.93,17.5,20702737.29,362297902.5
26/09/2019 2:00,20000725.65,0,14034283.77,17.5,20000725.65,350012698.9
26/09/2019 3:00,19304302.29,0,12189561.91,17.5,19304302.29,337825290.1
26/09/2019 4:00,18533751.34,0,9893447.341,17.5,18533751.34,324340648.4
26/09/2019 5:00,17750463.56,0,8024276.109,17.5,17750463.56,310633112.2
26/09/2019 6:00,17018802.24,645987.04,6832504.016,17.5,17018802.24,297829039.2
26/09/2019 7:00,16422506.33,8199143.834,5051011.723,17.5,16422506.33,287393860.8
26/09/2019 8:00,15917280.52,18288140.27,4784899.733,17.5,15917280.52,278552409
26/09/2019 9:00,15582194.65,26720670.14,2290146.278,17.5,15582194.65,272688406.4
26/09/2019 10:00,15322750.85,32508039.92,712872.287,17.5,15322750.85,268148139.8
26/09/2019 11:00,15185400.9,34071324.91,296418.779,17.5,15185400.9,265744515.7
26/09/2019 12:00,15409524.51,34320371.79,263175.362,17.5,15409524.51,269666679
26/09/2019 13:00,16091693.75,32165233.85,365890.542,17.5,16091693.75,281604640.5
26/09/2019 14:00,16816922.03,27306938.68,382753.178,17.5,16816922.03,294296135.6
26/09/2019 15:00,17485800.32,19887686.08,315535.815,17.5,17485800.32,306001505.5
26/09/2019 16:00,18409652.61,11619774.87,196766.974,17.5,18409652.61,322168920.6
26/09/2019 17:00,19491631.1,2861542.767,113328.747,17.5,19491631.1,341103544.3
26/09/2019 18:00,20498794.48,0,211505.477,17.5,20498794.48,358728903.5
26/09/2019 19:00,21356694,0,722208.493,17.5,21356694,373742144.9
26/09/2019 20:00,22014091.24,0,2972384.24,17.5,22014091.24,385246596.7
26/09/2019 21:00,22358708.61,0,8376864.537,17.5,22358708.61,391277400.7
26/09/2019 22:00,22260367.28,0,15436160.93,17.5,22260367.28,389556427.3
26/09/2019 23:00,21877167.55,0,20612478.83,17.5,21877167.55,382850432.1
27/09/2019 0:00,21314377.51,0,21793372.3,17.5,21314377.51,373001606.4
27/09/2019 1:00,20681581.56,0,20785417.13,17.5,20681581.56,361927677.3
27/09/2019 2:00,19979935.47,0,16291644.68,17.5,19979935.47,349648870.8
27/09/2019 3:00,19284283.05,0,11644798.72,17.5,19284283.05,337474953.3
27/09/2019 4:00,18515070.4,0,9334760.362,17.5,18515070.4,324013731.9
27/09/2019 5:00,17733508.36,0,9282985.993,17.5,17733508.36,310336396.4
27/09/2019 6:00,17003740.21,665465.541,8972481.49,17.5,17003740.21,297565453.7
27/09/2019 7:00,16409245.4,8121165.135,6431886.14,17.5,16409245.4,287161794.6
27/09/2019 8:00,15905795.81,18046295.31,11220070.52,17.5,15905795.81,278351426.6
27/09/2019 9:00,15572273.36,26356483.61,11522536.26,17.5,15572273.36,272514783.9
27/09/2019 10:00,15314404.12,32067623.67,9655678.31,17.5,15314404.12,268002072
27/09/2019 11:00,15178592.7,34974284.93,7667130.651,17.5,15178592.7,265625372.3
27/09/2019 12:00,15404036.3,35409533.51,5932177.489,17.5,15404036.3,269570635.3
27/09/2019 13:00,16087691.03,33350609.28,4723279.126,17.5,16087691.03,281534593.1
27/09/2019 14:00,16815437.59,28526050.07,2747236.437,17.5,16815437.59,294270157.8
27/09/2019 15:00,17488087.36,20265128.77,1171712.398,17.5,17488087.36,306041528.7
27/09/2019 16:00,18417378.99,11619975.25,567618.121,17.5,18417378.99,322304132.3
27/09/2019 17:00,19507073.85,3045902.968,499362.808,17.5,19507073.85,341373792.3
27/09/2019 18:00,20524266.89,0,1181090.903,17.5,20524266.89,359174670.6
27/09/2019 19:00,21394131.62,0,3287026.013,17.5,21394131.62,374397303.4
27/09/2019 20:00,22064705.68,0,7823958.866,17.5,22064705.68,386132349.4
27/09/2019 21:00,22422342.94,0,13799739.4,17.5,22422342.94,392391001.5
27/09/2019 22:00,22334855.03,0,17467155.98,17.5,22334855.03,390859963.1
27/09/2019 23:00,21959948.57,0,17910170.09,17.5,21959948.57,384299099.9
28/09/2019 0:00,21402731.81,0,16953483.97,17.5,21402731.81,374547806.6
28/09/2019 1:00,20773145.93,0,16628481.05,17.5,20773145.93,363530053.8
28/09/2019 2:00,20072098.75,0,16749152.52,17.5,20072098.75,351261728.1
28/09/2019 3:00,19375068.01,0,18484702.79,17.5,19375068.01,339063690.1
28/09/2019 4:00,18601677.04,0,21767198.27,17.5,18601677.04,325529348.2
28/09/2019 5:00,17813883.55,0,24488451.01,17.5,17813883.55,311742962.2
28/09/2019 6:00,17076803.14,348432.343,24644968.64,17.5,17076803.14,298844055
28/09/2019 7:00,16475186.39,6302580.708,24678308.04,17.5,16475186.39,288315761.9
28/09/2019 8:00,15964535.45,16521210.99,27886143.3,17.5,15964535.45,279379370.3
28/09/2019 9:00,15624756.36,26524681.77,22181630.48,17.5,15624756.36,273433236.2
28/09/2019 10:00,15360510.39,32459314.91,15508259.21,17.5,15360510.39,268808931.8
28/09/2019 11:00,15218556.81,33863432.71,10350448,17.5,15218556.81,266324744.1
28/09/2019 12:00,15439546.19,34231052.33,6982680.444,17.5,15439546.19,270192058.4
28/09/2019 13:00,16119160,31900301.08,5142965.528,17.5,16119160,282085300
28/09/2019 14:00,16838467.81,27597501.84,4306568.889,17.5,16838467.81,294673186.7
28/09/2019 15:00,17496931.02,18241391.95,5645289.211,17.5,17496931.02,306196292.9
28/09/2019 16:00,18405263.34,9055384.06,11118810.96,17.5,18405263.34,322092108.4
28/09/2019 17:00,19464144.97,2335235.376,22224176.24,17.5,19464144.97,340622536.9
28/09/2019 18:00,20439606.29,0,34201170.35,17.5,20439606.29,357693110
28/09/2019 19:00,21257744.7,0,38210661.03,17.5,21257744.7,372010532.3
28/09/2019 20:00,21868975.31,0,38082343.83,17.5,21868975.31,382707068
28/09/2019 21:00,22164841.36,0,37057056.56,17.5,22164841.36,387884723.7
28/09/2019 22:00,22021586.67,0,33391557.63,17.5,22021586.67,385377766.8
28/09/2019 23:00,21599162.7,0,29505689.95,17.5,21599162.7,377985347.3
29/09/2019 0:00,21003963.1,0,26552221.75,17.5,21003963.1,367569354.3
29/09/2019 1:00,20344821.63,0,27855921.33,17.5,20344821.63,356034378.6
29/09/2019 2:00,19624364.73,0,23194807.43,17.5,19624364.73,343426382.8
29/09/2019 3:00,18915635.41,0,19598416.85,17.5,18915635.41,331023619.6
29/09/2019 4:00,18143204.55,0,18349558.33,17.5,18143204.55,317506079.5
29/09/2019 5:00,17366389.62,0,18201177.33,17.5,17366389.62,303911818.4
29/09/2019 6:00,16646021.28,352676.874,17008084.85,17.5,16646021.28,291305372.3
29/09/2019 7:00,16059787.5,6591144.432,17537094.57,17.5,16059787.5,281046281.3
29/09/2019 8:00,15564572.92,16232048.99,18148480.4,17.5,15564572.92,272380026.1
29/09/2019 9:00,15232464.84,24804323.34,12355569.3,17.5,15232464.84,266568134.7
29/09/2019 10:00,14974055.35,30749767.47,6998306.625,17.5,14974055.35,262045968.7
29/09/2019 11:00,14831173.29,33966217.84,3453593.116,17.5,14831173.29,259545532.6
29/09/2019 12:00,15021972.62,34724058.74,435046.677,17.5,15021972.62,262884520.8
29/09/2019 13:00,15631509.06,32450280.13,105.752,17.5,15631509.06,273551408.6
29/09/2019 14:00,16278587.14,28530065.52,1789158.963,17.5,16278587.14,284875274.9
29/09/2019 15:00,16873621.36,19895716.65,7550810.035,17.5,16873621.36,295288373.7
29/09/2019 16:00,17700579.78,12711940.48,10525846.9,17.5,17700579.78,309760146.1
29/09/2019 17:00,18672057.94,3437134.93,12211312.83,17.5,18672057.94,326761013.9
29/09/2019 18:00,19578462.85,0,16235966.95,17.5,19578462.85,342623099.8
29/09/2019 19:00,20353863.29,0,16136048.66,17.5,20353863.29,356192607.6
29/09/2019 20:00,20952772.55,0,12080370.72,17.5,20952772.55,366673519.6
29/09/2019 21:00,21273683.83,0,9896631.073,17.5,21273683.83,372289466.9
29/09/2019 22:00,21197732.08,0,10891867.23,17.5,21197732.08,370960311.3
29/09/2019 23:00,20866569.39,0,13231172.41,17.5,20866569.39,365164964.4
30/09/2019 0:00,20374009.44,0,14147057.73,17.5,20374009.44,356545165.2
30/09/2019 1:00,19818216.44,0,12886125.75,17.5,19818216.44,346818787.6
30/09/2019 2:00,19198940.43,0,10736699.18,17.5,19198940.43,335981457.5
30/09/2019 3:00,18583571.95,0,8202945.875,17.5,18583571.95,325212509.1
30/09/2019 4:00,17898221.21,0,5707276.553,17.5,17898221.21,313218871.1
30/09/2019 5:00,17198184.47,0,3676190.619,17.5,17198184.47,300968228.2
30/09/2019 6:00,16542248.13,559070.704,2122314.851,17.5,16542248.13,289489342.3
30/09/2019 7:00,16008017.95,8084060.001,959355.999,17.5,16008017.95,280140314.2
30/09/2019 8:00,15555182.16,18501316.75,4271.598,17.5,15555182.16,272215687.8
30/09/2019 9:00,15258076.95,26553675.2,5352.775,17.5,15258076.95,267016346.6
30/09/2019 10:00,15029635.09,31627392.35,43082.322,17.5,15029635.09,263018614.1
30/09/2019 11:00,14913997.92,33294111.59,77162.225,17.5,14913997.92,260994963.7
30/09/2019 12:00,15137476.22,34171310.79,92129.04,17.5,15137476.22,264905833.8
30/09/2019 13:00,15794059.38,32132676.25,126531.937,17.5,15794059.38,276396039.1
30/09/2019 14:00,16494084.72,27632240.22,233526.379,17.5,16494084.72,288646482.7
30/09/2019 15:00,17142937.27,20589245.33,1129144.737,17.5,17142937.27,300001402.2
30/09/2019 16:00,18035674.54,11602122.41,2900314.051,17.5,18035674.54,315624304.5
30/09/2019 17:00,19080646.56,2803376.404,6382091.777,17.5,19080646.56,333911314.8
30/09/2019 18:00,20055238.74,0,12748159.82,17.5,20055238.74,350966677.9
30/09/2019 19:00,20887136.5,0,17219234.25,17.5,20887136.5,365524888.7
30/09/2019 20:00,21526182.63,0,17015738.66,17.5,21526182.63,376708196
30/09/2019 21:00,21863935.39,0,16319494.1,17.5,21863935.39,382618869.3
30/09/2019 22:00,21774956.84,0,16809900.31,17.5,21774956.84,381061744.8
30/09/2019 23:00,21410338.32,0,17442575.19,17.5,21410338.32,374680920.6
01/10/2019 0:00,20871160.25,0,17927226.86,17.5,20871160.25,365245304.4
01/10/2019 1:00,20262895.49,0,17351533.39,17.5,20262895.49,354600671
01/10/2019 2:00,19587212.6,0,17016344.82,17.5,19587212.6,342776220.5
01/10/2019 3:00,18916329.6,0,17826147.07,17.5,18916329.6,331035767.9
01/10/2019 4:00,18174649.56,0,16799885.95,17.5,18174649.56,318056367.4
01/10/2019 5:00,17421276.76,0,14890671.25,17.5,17421276.76,304872343.3
01/10/2019 6:00,16717886.01,460727.978,10990102.84,17.5,16717886.01,292563005.1
01/10/2019 7:00,16144248.61,7003247.726,5869558.952,17.5,16144248.61,282524350.7
01/10/2019 8:00,15658095.41,16529548.06,4554558.824,17.5,15658095.41,274016669.6
01/10/2019 9:00,15334293.84,24124488.84,2046919.391,17.5,15334293.84,268350142.2
01/10/2019 10:00,15082852.57,27419919.76,538725.865,17.5,15082852.57,263949920
01/10/2019 11:00,14947552.23,28395512.76,96146.539,17.5,14947552.23,261582163.9
01/10/2019 12:00,15154284.79,28994836.74,15878.593,17.5,15154284.79,265199983.7
01/10/2019 13:00,15793075.89,27166851.05,237670.826,17.5,15793075.89,276378828.1
01/10/2019 14:00,16471290.36,21368414.27,722163.554,17.5,16471290.36,288247581.4
01/10/2019 15:00,17095400.53,15596096.49,1442034.033,17.5,17095400.53,299169509.3
01/10/2019 16:00,17958839.04,9073229.008,3206237.85,17.5,17958839.04,314279683.3
01/10/2019 17:00,18970281.09,2154029.185,7325140.793,17.5,18970281.09,331979919.1
01/10/2019 18:00,19910982.03,0,13060486.7,17.5,19910982.03,348442185.6
01/10/2019 19:00,20711510.53,0,15260138.47,17.5,20711510.53,362451434.3
01/10/2019 20:00,21324223.81,0,11408949.86,17.5,21324223.81,373173916.6
01/10/2019 21:00,21644132.88,0,6460814.117,17.5,21644132.88,378772325.4
01/10/2019 22:00,21549414.27,0,4681482.254,17.5,21549414.27,377114749.8
01/10/2019 23:00,21188522.36,0,5380402.445,17.5,21188522.36,370799141.4
02/10/2019 0:00,20660126.1,0,8275911.24,17.5,20660126.1,361552206.7
02/10/2019 1:00,20066822.25,0,12380579.31,17.5,20066822.25,351169389.4
02/10/2019 2:00,19409476.68,0,14981163.53,17.5,19409476.68,339665841.9
02/10/2019 3:00,18758089.83,0,13435336.47,17.5,18758089.83,328266572
02/10/2019 4:00,18037828.09,0,9284064.599,17.5,18037828.09,315661991.5
02/10/2019 5:00,17305943.71,0,5532637.496,17.5,17305943.71,302854015
02/10/2019 6:00,16622513.98,327866.311,3005854.933,17.5,16622513.98,290893994.6
02/10/2019 7:00,16065873.18,5765886.483,848511.51,17.5,16065873.18,281152780.6
02/10/2019 8:00,15594500.42,14069544.72,358587.881,17.5,15594500.42,272903757.3
02/10/2019 9:00,15282546.41,21201206.53,191538.777,17.5,15282546.41,267444562.1
02/10/2019 10:00,15041496.35,25695749.76,92449.75,17.5,15041496.35,263226186.2
02/10/2019 11:00,14915015.44,27277136.5,95952.049,17.5,14915015.44,261012770.2
02/10/2019 12:00,15128157.23,27224898.58,254642.001,17.5,15128157.23,264742751.6
02/10/2019 13:00,15772343.53,24563961.91,896089.225,17.5,15772343.53,276016011.8
02/10/2019 14:00,16458073.38,20322318.23,2142972.138,17.5,16458073.38,288016284.1
02/10/2019 15:00,17091882.39,14793227.87,3663081.609,17.5,17091882.39,299107941.7
02/10/2019 16:00,17966984.43,8077118.949,5211583.333,17.5,17966984.43,314422227.5
02/10/2019 17:00,18992628.86,1739922.506,5956076.437,17.5,18992628.86,332371005
02/10/2019 18:00,19949336.5,0,5072538.895,17.5,19949336.5,349113388.7
02/10/2019 19:00,20766443.65,0,3135267.762,17.5,20766443.65,363412763.9
02/10/2019 20:00,21394894.32,0,1886749.094,17.5,21394894.32,374410650.6
02/10/2019 21:00,21727742.84,0,1489890.173,17.5,21727742.84,380235499.6
02/10/2019 22:00,21640886.73,0,1369904.89,17.5,21640886.73,378715517.8
02/10/2019 23:00,21283007.71,0,1221304.064,17.5,21283007.71,372452634.9
03/10/2019 0:00,20753291.07,0,792039.678,17.5,20753291.07,363182593.7
03/10/2019 1:00,20155336.73,0,325114.479,17.5,20155336.73,352718392.8
03/10/2019 2:00,19490292.91,0,1520095.279,17.5,19490292.91,341080126
03/10/2019 3:00,18829198.48,0,5051759.32,17.5,18829198.48,329510973.4
03/10/2019 4:00,18097032.62,0,8192380.704,17.5,18097032.62,316698070.8
03/10/2019 5:00,17352150.05,0,9748466.178,17.5,17352150.05,303662625.9
03/10/2019 6:00,16655608.42,140871.732,10708200.05,17.5,16655608.42,291473147.3
03/10/2019 7:00,16086441.6,4705038.963,9967209.305,17.5,16086441.6,281512728
03/10/2019 8:00,15602895.02,13511056.1,18199332.23,17.5,15602895.02,273050662.9
03/10/2019 9:00,15278962.45,21705189.97,19558225.48,17.5,15278962.45,267381842.8
03/10/2019 10:00,15025538.88,28679428.7,15152603.02,17.5,15025538.88,262946930.4
03/10/2019 11:00,14885581.8,32798343.17,10853246.35,17.5,14885581.8,260497681.5
03/10/2019 12:00,15080631.2,33841855.92,8246257.162,17.5,15080631.2,263911046
03/10/2019 13:00,15696497.01,31772840.16,7887917.475,17.5,15696497.01,274688697.7
03/10/2019 14:00,16344930.03,24080428.77,8499849.451,17.5,16344930.03,286036275.6
03/10/2019 15:00,16933141.73,16106074.86,10165996.64,17.5,16933141.73,296329980.3
03/10/2019 16:00,17745087.01,6703233.836,13524065.48,17.5,17745087.01,310539022.7
03/10/2019 17:00,18687768.55,878116.966,17602206.01,17.5,18687768.55,327035949.6
03/10/2019 18:00,19546879.05,0,16709375.34,17.5,19546879.05,342070383.4
03/10/2019 19:00,20255868.91,0,10340603.1,17.5,20255868.91,354477705.9
03/10/2019 20:00,20771253.59,0,1902566.124,17.5,20771253.59,363496937.8
03/10/2019 21:00,20997599.74,0,1190109.037,17.5,20997599.74,367457995.4
03/10/2019 22:00,20827613.59,0,726395.9,17.5,20827613.59,364483237.9
03/10/2019 23:00,20408718.9,0,1194842.323,17.5,20408718.9,357152580.7
04/10/2019 0:00,19838689.68,0,1819383.674,17.5,19838689.68,347177069.3
04/10/2019 1:00,19215922.73,0,2762056.79,17.5,19215922.73,336278647.7
04/10/2019 2:00,18543835.1,0,1518021.399,17.5,18543835.1,324517114.3
04/10/2019 3:00,17887335.67,0,180884.285,17.5,17887335.67,313028374.2
04/10/2019 4:00,17180953.69,0,31560.782,17.5,17180953.69,300666689.6
04/10/2019 5:00,16477086.37,0,67726.464,17.5,16477086.37,288349011.5
04/10/2019 6:00,15828364.73,54435.473,42275.011,17.5,15828364.73,276996382.7
04/10/2019 7:00,15300765.69,3538044.285,21218.172,17.5,15300765.69,267763399.5
04/10/2019 8:00,14855905.78,10165578.51,31540.977,17.5,14855905.78,259978351.2
04/10/2019 9:00,14553828.55,15602275.98,153953.376,17.5,14553828.55,254691999.6
04/10/2019 10:00,14317049.27,20788643.21,350350.002,17.5,14317049.27,250548362.1
04/10/2019 11:00,14179829.2,24614418.71,243512.037,17.5,14179829.2,248147010.9
04/10/2019 12:00,14323193.55,27757647.77,21330.708,17.5,14323193.55,250655887.1
04/10/2019 13:00,14814146.27,27927608.69,4543.518,17.5,14814146.27,259247559.7
04/10/2019 14:00,15332456.82,25054567.19,343105.89,17.5,15332456.82,268317994.3
04/10/2019 15:00,15804292.76,18604737.48,2102922.666,17.5,15804292.76,276575123.3
04/10/2019 16:00,16464099.98,9755818.395,4927090.479,17.5,16464099.98,288121749.6
04/10/2019 17:00,17238822.69,2010925.153,10875903.56,17.5,17238822.69,301679397.1
04/10/2019 18:00,17957007.92,0,18673957.13,17.5,17957007.92,314247638.5
04/10/2019 19:00,18566109.7,0,18976843.42,17.5,18566109.7,324906919.7
04/10/2019 20:00,19030506.71,0,15012166.17,17.5,19030506.71,333033867.4
04/10/2019 21:00,19269342.35,0,10649588.8,17.5,19269342.35,337213491.1
04/10/2019 22:00,19188235.62,0,7113905.526,17.5,19188235.62,335794123.4
04/10/2019 23:00,18903222.8,0,5206989.613,17.5,18903222.8,330806398.9
05/10/2019 0:00,18490651.87,0,4746888.276,17.5,18490651.87,323586407.7
05/10/2019 1:00,18029670.93,0,4781005.054,17.5,18029670.93,315519241.2
05/10/2019 2:00,17519986.76,0,5380564.772,17.5,17519986.76,306599768.2
05/10/2019 3:00,17015442.54,0,6151332.509,17.5,17015442.54,297770244.4
05/10/2019 4:00,16456795.47,0,6496510.806,17.5,16456795.47,287993920.7
05/10/2019 5:00,15888239.1,0,6418932.978,17.5,15888239.1,278044184.3
05/10/2019 6:00,15356481.63,285650.934,5440221.19,17.5,15356481.63,268738428.5
05/10/2019 7:00,14922854.71,5265951.157,2722593.921,17.5,14922854.71,261149957.5
05/10/2019 8:00,14554853.04,9793266.687,1888208.006,17.5,14554853.04,254709928.2
05/10/2019 9:00,14310752.88,15970267.93,944613.322,17.5,14310752.88,250438175.4
05/10/2019 10:00,14121099.26,22585393.65,361643.262,17.5,14121099.26,247119237.1
05/10/2019 11:00,14020092.29,20878347.38,138393.036,17.5,14020092.29,245351615
05/10/2019 12:00,14183876.02,16438114.51,51785.597,17.5,14183876.02,248217830.4
05/10/2019 13:00,14682679.58,10961536.73,178566.61,17.5,14682679.58,256946892.6
05/10/2019 14:00,15209599,8830933.863,639934.646,17.5,15209599,266167982.6
05/10/2019 15:00,15690292.66,6036558.873,1603981.443,17.5,15690292.66,274580121.6
05/10/2019 16:00,16351176.38,3145555.724,4071926.552,17.5,16351176.38,286145586.6
05/10/2019 17:00,17118078.44,622718.168,5703642.225,17.5,17118078.44,299566372.7
05/10/2019 18:00,17818535.33,0,3051340.726,17.5,17818535.33,311824368.3
05/10/2019 19:00,18398151.4,0,1183446.574,17.5,18398151.4,321967649.5
05/10/2019 20:00,18821143.37,0,260157.669,17.5,18821143.37,329370009
05/10/2019 21:00,19010018.12,0,120846.527,17.5,19010018.12,332675317
05/10/2019 22:00,18877797.58,0,2252481.25,17.5,18877797.58,330361457.6
05/10/2019 23:00,18543138.65,0,7047094.117,17.5,18543138.65,324504926.3
06/10/2019 0:00,18085083.91,0,7239367.189,17.5,18085083.91,316488968.4
06/10/2019 1:00,17583376.23,0,4332604.35,17.5,17583376.23,307709084
06/10/2019 2:00,17041140.52,0,2063560.197,17.5,17041140.52,298219959.2
06/10/2019 3:00,16511087.18,0,1107333.875,17.5,16511087.18,288944025.6
06/10/2019 4:00,15940670.94,0,616762.194,17.5,15940670.94,278961741.4
06/10/2019 5:00,15372383.67,0,300777.564,17.5,15372383.67,269016714.2
06/10/2019 6:00,14848827.55,48472.713,65945.935,17.5,14848827.55,259854482.2
06/10/2019 7:00,14423299.14,3253017.76,8335.22,17.5,14423299.14,252407734.9
06/10/2019 8:00,14064868.4,7971875.991,83841.011,17.5,14064868.4,246135196.9
06/10/2019 9:00,13822025.32,12363493.14,508828.099,17.5,13822025.32,241885443
06/10/2019 10:00,13632314.36,12748802.38,950920.5,17.5,13632314.36,238565501.3
06/10/2019 11:00,13523497.66,12354206.99,948524.176,17.5,13523497.66,236661209.1
06/10/2019 12:00,13642212.98,13966804.59,1042012.955,17.5,13642212.98,238738727.2
06/10/2019 13:00,14043640.51,12695452.91,1040875.223,17.5,14043640.51,245763708.9
06/10/2019 14:00,14469640.97,9271912.128,907084.541,17.5,14469640.97,253218716.9
06/10/2019 15:00,14860938.08,6468638.105,667793.936,17.5,14860938.08,260066416.3
06/10/2019 16:00,15409025.32,3250594.304,540702.545,17.5,15409025.32,269657943.2
06/10/2019 17:00,16056264.2,514812.992,523949.549,17.5,16056264.2,280984623.5
06/10/2019 18:00,16663962.34,0,668814.313,17.5,16663962.34,291619340.9
06/10/2019 19:00,17189338.92,0,946806.672,17.5,17189338.92,300813431.1
06/10/2019 20:00,17602671.27,0,1623034.681,17.5,17602671.27,308046747.2
06/10/2019 21:00,17835740.24,0,2828140.894,17.5,17835740.24,312125454.2
06/10/2019 22:00,17807156.23,0,4377001.408,17.5,17807156.23,311625234
06/10/2019 23:00,17610008.5,0,6030747.093,17.5,17610008.5,308175148.8
07/10/2019 0:00,17305487.47,0,7368385.058,17.5,17305487.47,302846030.8
07/10/2019 1:00,16958446.6,0,8324283.634,17.5,16958446.6,296772815.4
07/10/2019 2:00,16567178.83,0,7869900.888,17.5,16567178.83,289925629.4
07/10/2019 3:00,16176697.98,0,6927054.884,17.5,16176697.98,283092214.6
07/10/2019 4:00,15734717.32,0,6469925.072,17.5,15734717.32,275357553.1
07/10/2019 5:00,15278246.73,0,5953218.304,17.5,15278246.73,267369317.8
07/10/2019 6:00,14847833.37,329255.921,5500925.399,17.5,14847833.37,259837083.9
07/10/2019 7:00,14498751.58,8028598.786,2905682.779,17.5,14498751.58,253728152.6
07/10/2019 8:00,14203504.19,19064662.77,1539422.316,17.5,14203504.19,248561323.3
07/10/2019 9:00,14016875.33,28132773.13,1794442.716,17.5,14016875.33,245295318.3
07/10/2019 10:00,13877776.38,34298301.13,2629151.583,17.5,13877776.38,242861086.6
07/10/2019 11:00,13819769.99,38161085.8,3830175.832,17.5,13819769.99,241845974.9
07/10/2019 12:00,14013046.82,38611481.66,5094560.557,17.5,14013046.82,245228319.3
07/10/2019 13:00,14534798.52,36435963.18,5951362.137,17.5,14534798.52,254358974.1
07/10/2019 14:00,15099159.2,31436920.27,6107959.635,17.5,15099159.2,264235286
07/10/2019 15:00,15635023.86,23837820.77,5729274.015,17.5,15635023.86,273612917.5
07/10/2019 16:00,16368997.89,13693939.62,4995560.315,17.5,16368997.89,286457463.1
07/10/2019 17:00,17235293.65,2957583.284,4350974.72,17.5,17235293.65,301617638.8
07/10/2019 18:00,18062673.01,0,3963847.553,17.5,18062673.01,316096777.6
07/10/2019 19:00,18792415.56,0,3429487.227,17.5,18792415.56,328867272.2
07/10/2019 20:00,19381227.52,0,2991614.036,17.5,19381227.52,339171481.5
07/10/2019 21:00,19737016.09,0,2563804.078,17.5,19737016.09,345397781.6
07/10/2019 22:00,19750344.82,0,2642661.129,17.5,19750344.82,345631034.4
07/10/2019 23:00,19535589.68,0,3671775.918,17.5,19535589.68,341872819.4
08/10/2019 0:00,19170173.46,0,5494724.64,17.5,19170173.46,335478035.6
08/10/2019 1:00,18738357.61,0,7513236.05,17.5,18738357.61,327921258.1
08/10/2019 2:00,18239775.64,0,7810103.828,17.5,18239775.64,319196073.6
08/10/2019 3:00,17734472.75,0,6128462.815,17.5,17734472.75,310353273.1
08/10/2019 4:00,17157263.56,0,4198826.091,17.5,17157263.56,300252112.4
08/10/2019 5:00,16557947.89,0,2900573.361,17.5,16557947.89,289764088.1
08/10/2019 6:00,15990447.84,363637.164,2194124.494,17.5,15990447.84,279832837.2
08/10/2019 7:00,15526606.45,8765389.359,1241435.435,17.5,15526606.45,271715612.8
08/10/2019 8:00,15131668.07,20037245.32,61332.577,17.5,15131668.07,264804191.2
08/10/2019 9:00,14874986.41,28754054.16,823802.035,17.5,14874986.41,260312262.1
08/10/2019 10:00,14678488.53,34669397.68,468144.849,17.5,14678488.53,256873549.3
08/10/2019 11:00,14583683.53,37920523.62,151949.551,17.5,14583683.53,255214461.8
08/10/2019 12:00,14800575.16,38346470.7,49415.245,17.5,14800575.16,259010065.4
08/10/2019 13:00,15418773.7,36190770.23,21175.862,17.5,15418773.7,269828539.7
08/10/2019 14:00,16079809.05,31067875.24,15847.059,17.5,16079809.05,281396658.4
08/10/2019 15:00,16695945.9,23570404.45,20364.196,17.5,16695945.9,292179053.2
08/10/2019 16:00,17541916.15,13578483.36,70225.63,17.5,17541916.15,306983532.7
08/10/2019 17:00,18533776.9,2878254.257,583429.153,17.5,18533776.9,324341095.8
08/10/2019 18:00,19464193.91,0,2715916.83,17.5,19464193.91,340623393.5
08/10/2019 19:00,20264860.54,0,6240394.178,17.5,20264860.54,354635059.5
08/10/2019 20:00,20887639.66,0,8128247.591,17.5,20887639.66,365533694.1
08/10/2019 21:00,21229007.83,0,6896714.546,17.5,21229007.83,371507637
08/10/2019 22:00,21168462.12,0,4287313.9,17.5,21168462.12,370448087.2
08/10/2019 23:00,20846336.08,0,2060050.58,17.5,20846336.08,364810881.4
09/10/2019 0:00,20356801.64,0,666662.058,17.5,20356801.64,356244028.7
09/10/2019 1:00,19799077.84,0,151991.069,17.5,19799077.84,346483862.2
09/10/2019 2:00,19174335.68,0,81399.171,17.5,19174335.68,335550874.4
09/10/2019 3:00,18551161.22,0,30855.086,17.5,18551161.22,324645321.3
09/10/2019 4:00,17857255.13,0,23621.865,17.5,17857255.13,312501964.8
09/10/2019 5:00,17148934.33,0,38429.025,17.5,17148934.33,300106350.7
09/10/2019 6:00,16485463.7,303945.822,193776.014,17.5,16485463.7,288495614.8
09/10/2019 7:00,15944005.43,8339285.435,525076.27,17.5,15944005.43,279020095
09/10/2019 8:00,15484555.07,19539310.33,440502.767,17.5,15484555.07,270979713.8
09/10/2019 9:00,15179979.5,28239064.84,1464144.925,17.5,15179979.5,265649641.3
09/10/2019 10:00,14944038.65,34035612.37,1060104.208,17.5,14944038.65,261520676.4
09/10/2019 11:00,14819555.32,36927816.77,405268.312,17.5,14819555.32,259342218
09/10/2019 12:00,15026389.44,37445684.7,105809.083,17.5,15026389.44,262961815.1
09/10/2019 13:00,15653483.11,35372032.59,25238.399,17.5,15653483.11,273935954.4
09/10/2019 14:00,16320152.98,30278552.06,16026.241,17.5,16320152.98,285602677.1
09/10/2019 15:00,16935147.19,22781569.08,39607.995,17.5,16935147.19,296365075.8
09/10/2019 16:00,17784348.35,12816717.73,117622.459,17.5,17784348.35,311226096.1
09/10/2019 17:00,18778977.27,2508761.012,476351.419,17.5,18778977.27,328632102.2
09/10/2019 18:00,19705210.68,0,1089036.738,17.5,19705210.68,344841186.9
09/10/2019 19:00,20494632.47,0,1309926.189,17.5,20494632.47,358656068.2
09/10/2019 20:00,21100059.66,0,1069283.73,17.5,21100059.66,369251044
09/10/2019 21:00,21418184.25,0,714780.53,17.5,21418184.25,374818224.3
09/10/2019 22:00,21329196.06,0,380066.032,17.5,21329196.06,373260931.1
09/10/2019 23:00,20978193.99,0,152303.228,17.5,20978193.99,367118394.8
10/10/2019 0:00,20461831.22,0,65026.15,17.5,20461831.22,358082046.4
10/10/2019 1:00,19880781.47,0,135466.48,17.5,19880781.47,347913675.8
10/10/2019 2:00,19236103.8,0,519059.454,17.5,19236103.8,336631816.5
10/10/2019 3:00,18596609.82,0,888655.005,17.5,18596609.82,325440671.8
10/10/2019 4:00,17889201.26,0,1055639.839,17.5,17889201.26,313061022
10/10/2019 5:00,17170205.26,0,805266.877,17.5,17170205.26,300478592.1
10/10/2019 6:00,16498646.97,244557.362,376259.67,17.5,16498646.97,288726322
10/10/2019 7:00,15951293.63,7803034.795,109929.955,17.5,15951293.63,279147638.6
10/10/2019 8:00,15487508.43,18871491.88,22803.273,17.5,15487508.43,271031397.5
10/10/2019 9:00,15179740.18,27587444.03,733656.412,17.5,15179740.18,265645453.2
10/10/2019 10:00,14941333.38,33472781.1,866419.934,17.5,14941333.38,261473334.1
10/10/2019 11:00,14814824.14,35946496.13,611534.995,17.5,14814824.14,259259422.5
10/10/2019 12:00,15019454.22,36426785.81,343841.61,17.5,15019454.22,262840448.8
10/10/2019 13:00,15643499.03,34261020.81,196865.007,17.5,15643499.03,273761233.1
10/10/2019 14:00,16306676.55,29437913.99,195462.249,17.5,16306676.55,285366839.6
10/10/2019 15:00,16917919.89,21890246.83,256982.136,17.5,16917919.89,296063598.1
10/10/2019 16:00,17762206.47,11991675.6,402279.258,17.5,17762206.47,310838613.2
10/10/2019 17:00,18750710.92,2176414.375,848810.637,17.5,18750710.92,328137441.1
10/10/2019 18:00,19670164.47,0,1619435.304,17.5,19670164.47,344227878.3
10/10/2019 19:00,20452513.21,0,2102127.616,17.5,20452513.21,357918981.1
10/10/2019 20:00,21051016.04,0,2371329.494,17.5,21051016.04,368392780.7
10/10/2019 21:00,21363199.71,0,2284588.908,17.5,21363199.71,373855995
10/10/2019 22:00,21270367.52,0,1674457.423,17.5,21270367.52,372231431.6
10/10/2019 23:00,20917331.49,0,912662.701,17.5,20917331.49,366053301.1
11/10/2019 0:00,20400499.01,0,391768.299,17.5,20400499.01,357008732.6
11/10/2019 1:00,19820095.71,0,128553.974,17.5,19820095.71,346851674.9
11/10/2019 2:00,19177242.13,0,33920.886,17.5,19177242.13,335601737.2
11/10/2019 3:00,18540299.45,0,10748.293,17.5,18540299.45,324455240.3
11/10/2019 4:00,17836666.2,0,45188.053,17.5,17836666.2,312141658.4
11/10/2019 5:00,17122215.15,0,304373.025,17.5,17122215.15,299638765.1
11/10/2019 6:00,16455434.04,205987.695,1162778.869,17.5,16455434.04,287970095.7
11/10/2019 7:00,15912403.45,7559951.934,1822671.876,17.5,15912403.45,278467060.4
11/10/2019 8:00,15452704.26,18544336.41,2238756.865,17.5,15452704.26,270422324.5
11/10/2019 9:00,15148208.39,27244453.44,5285643.972,17.5,15148208.39,265093646.8
11/10/2019 10:00,14912904.1,33040926.48,4089121.105,17.5,14912904.1,260975821.7
11/10/2019 11:00,14789080.48,34926925.55,2456892.208,17.5,14789080.48,258808908.4
11/10/2019 12:00,14994855.13,35405130.3,1347824.712,17.5,14994855.13,262409964.8
11/10/2019 13:00,15618740.61,33222494.37,701005.989,17.5,15618740.61,273327960.6
11/10/2019 14:00,16283246.84,28577478.85,438974.003,17.5,16283246.84,284956819.7
11/10/2019 15:00,16898030.65,20975380.2,407141.288,17.5,16898030.65,295715536.4
11/10/2019 16:00,17747651.3,11161994.1,595322.012,17.5,17747651.3,310583897.7
11/10/2019 17:00,18744624.39,1887244.567,1682757.811,17.5,18744624.39,328030926.8
11/10/2019 18:00,19676614.99,0,3845101.315,17.5,19676614.99,344340762.3
11/10/2019 19:00,20475387.17,0,5277810.738,17.5,20475387.17,358319275.4
11/10/2019 20:00,21093444.67,0,5018046.558,17.5,21093444.67,369135281.6
11/10/2019 21:00,21426706.88,0,3417513.413,17.5,21426706.88,374967370.4
11/10/2019 22:00,21353772.17,0,1717916.093,17.5,21353772.17,373691013
11/10/2019 23:00,21018273.18,0,547465.337,17.5,21018273.18,367819780.7
12/10/2019 0:00,20515916.55,0,111996.321,17.5,20515916.55,359028539.7
12/10/2019 1:00,19947068.78,0,179655.945,17.5,19947068.78,349073703.6
12/10/2019 2:00,19312264.78,0,332966.355,17.5,19312264.78,337964633.6
12/10/2019 3:00,18680560.97,0,471301.725,17.5,18680560.97,326909816.9
12/10/2019 4:00,17977846.37,0,667892.31,17.5,17977846.37,314612311.5
12/10/2019 5:00,17260805.26,0,922525.632,17.5,17260805.26,302064092
12/10/2019 6:00,16589299.27,142920.476,1199141.779,17.5,16589299.27,290312737.2
12/10/2019 7:00,16041662.72,6631320.281,892991.003,17.5,16041662.72,280729097.6
12/10/2019 8:00,15577100.22,17202278.07,205842.12,17.5,15577100.22,272599253.8
12/10/2019 9:00,15269953.87,25951271.91,62223.741,17.5,15269953.87,267224192.7
12/10/2019 10:00,15032377,31904618.91,78875.005,17.5,15032377,263066597.6
12/10/2019 11:00,14908173.86,35457845.02,117519.865,17.5,14908173.86,260893042.6
12/10/2019 12:00,15122280.97,35909471.86,152843.414,17.5,15122280.97,264639916.9
12/10/2019 13:00,15766148.09,33722410.23,184687.163,17.5,15766148.09,275907591.5
12/10/2019 14:00,16450496.39,28797311.66,120727.526,17.5,16450496.39,287883686.8
12/10/2019 15:00,17081517.85,21273802.53,65720.401,17.5,17081517.85,298926562.3
12/10/2019 16:00,17951358.48,11474311.9,45487.967,17.5,17951358.48,314148773.3
12/10/2019 17:00,18968478.31,1914711.504,62073.484,17.5,18968478.31,331948370.4
12/10/2019 18:00,19913175.68,0,86159.695,17.5,19913175.68,348480574.4
12/10/2019 19:00,20715030.8,0,92700.868,17.5,20715030.8,362513038.9
12/10/2019 20:00,21325775.44,0,114343.737,17.5,21325775.44,373201070.2
12/10/2019 21:00,21640258.7,0,152654.22,17.5,21640258.7,378704527.3
12/10/2019 22:00,21537227.1,0,166356.071,17.5,21537227.1,376901474.3
12/10/2019 23:00,21166121.58,0,128214.943,17.5,21166121.58,370407127.7
13/10/2019 0:00,20626600.6,0,66152.758,17.5,20626600.6,360965510.5
13/10/2019 1:00,20021976.07,0,20988.684,17.5,20021976.07,350384581.2
13/10/2019 2:00,19353957.53,0,21317.256,17.5,19353957.53,338694256.8
13/10/2019 3:00,18692819.43,0,148019.369,17.5,18692819.43,327124340
13/10/2019 4:00,17964908.32,0,530638.067,17.5,17964908.32,314385895.6
13/10/2019 5:00,17227600.56,0,783521.315,17.5,17227600.56,301483009.9
13/10/2019 6:00,16540547.51,134867.265,558684.948,17.5,16540547.51,289459581.4
13/10/2019 7:00,15980803.23,6886188.04,159368.528,17.5,15980803.23,279664056.5
13/10/2019 8:00,15507006.34,17686947.83,6816.876,17.5,15507006.34,271372611
13/10/2019 9:00,15191420.01,26473572.04,7494.697,17.5,15191420.01,265849850.2
13/10/2019 10:00,14946609.61,32474725.82,16724.287,17.5,14946609.61,261565668.2
13/10/2019 11:00,14814833.83,34932551.62,41762.616,17.5,14814833.83,259259592.1
13/10/2019 12:00,15014713.84,35487401.42,69571.856,17.5,15014713.84,262757492.1
13/10/2019 13:00,15633425.43,33414245.52,89556.233,17.5,15633425.43,273584945.1
13/10/2019 14:00,16291006.62,28873834.78,118016.603,17.5,16291006.62,285092615.9
13/10/2019 15:00,16897117.15,21287750.88,261039.46,17.5,16897117.15,295699550.1
13/10/2019 16:00,17736299.16,11561446.8,833906.677,17.5,17736299.16,310385235.3
13/10/2019 17:00,18720599.27,1922762.55,3185130.956,17.5,18720599.27,327610487.2
13/10/2019 18:00,19638362.5,0,8310767.029,17.5,19638362.5,343671343.7
13/10/2019 19:00,20422265.8,0,13818606.04,17.5,20422265.8,357389651.4
13/10/2019 20:00,21025822.59,0,16045824.78,17.5,21025822.59,367951895.3
13/10/2019 21:00,21346470.94,0,15240902.38,17.5,21346470.94,373563241.5
13/10/2019 22:00,21264740.51,0,12507180.25,17.5,21264740.51,372132959
13/10/2019 23:00,20923966.65,0,7604917.883,17.5,20923966.65,366169416.4
14/10/2019 0:00,20419414.98,0,3397417.803,17.5,20419414.98,357339762.2
14/10/2019 1:00,19850577.66,0,1497339.438,17.5,19850577.66,347385109.1
14/10/2019 2:00,19217936.84,0,1632381.691,17.5,19217936.84,336313894.7
14/10/2019 3:00,18589674.16,0,2564237.942,17.5,18589674.16,325319297.8
14/10/2019 4:00,17892376.2,0,3322319.827,17.5,17892376.2,313116583.6
14/10/2019 5:00,17181936.67,0,3416560.95,17.5,17181936.67,300683891.7
14/10/2019 6:00,16517305.13,137703.203,3209915.534,17.5,16517305.13,289052839.7
14/10/2019 7:00,15975648.73,7407633.533,2350743.37,17.5,15975648.73,279573852.7
14/10/2019 8:00,15516499.99,18564288.91,1094182.514,17.5,15516499.99,271538749.7
14/10/2019 9:00,15213139.62,27402898.81,1427051.088,17.5,15213139.62,266229943.4
14/10/2019 10:00,14978743.24,33097646.73,1123142.02,17.5,14978743.24,262128006.7
14/10/2019 11:00,14856523.95,35078903.98,531885.351,17.5,14856523.95,259989169.1
14/10/2019 12:00,15068656.92,35559426.15,219401.351,17.5,15068656.92,263701496.1
14/10/2019 13:00,15705667.57,33437372.42,91958.351,17.5,15705667.57,274849182.4
14/10/2019 14:00,16383242.48,28201702.1,43576.075,17.5,16383242.48,286706743.5
14/10/2019 15:00,17008767.99,20699992.51,32843.885,17.5,17008767.99,297653439.8
14/10/2019 16:00,17871163.52,10969721,55298.686,17.5,17871163.52,312745361.6
14/10/2019 17:00,18880226.75,1665401.985,259901.423,17.5,18880226.75,330403968.2
14/10/2019 18:00,19818806.1,0,1267211.005,17.5,19818806.1,346829106.8
14/10/2019 19:00,20617131.9,0,3859652.738,17.5,20617131.9,360799808.3
14/10/2019 20:00,21227202.98,0,6916800.375,17.5,21227202.98,371476052.1
14/10/2019 21:00,21544483.65,0,8680310.637,17.5,21544483.65,377028463.9
14/10/2019 22:00,21448201.05,0,8334515.204,17.5,21448201.05,375343518.3
14/10/2019 23:00,21085895.47,0,5469468.032,17.5,21085895.47,369003170.7
15/10/2019 0:00,20555996.91,0,1740945.082,17.5,20555996.91,359729946
15/10/2019 1:00,19960782.39,0,163750.248,17.5,19960782.39,349313691.9
15/10/2019 2:00,19301798.88,0,281236.817,17.5,19301798.88,337781480.4
15/10/2019 3:00,18648792.46,0,1329149.017,17.5,18648792.46,326353868.1
15/10/2019 4:00,17928484.37,0,2866077.765,17.5,17928484.37,313748476.4
15/10/2019 5:00,17197890.29,0,4086535.298,17.5,17197890.29,300963080.1
15/10/2019 6:00,16516435.78,94173.026,4788938.665,17.5,16516435.78,289037626.2
15/10/2019 7:00,15960988.29,6709952.632,4073293.055,17.5,15960988.29,279317295
15/10/2019 8:00,15490515.73,17685856.84,2194103.68,17.5,15490515.73,271084025.3
15/10/2019 9:00,15177179.21,26730458.17,1067211.597,17.5,15177179.21,265600636.1
15/10/2019 10:00,14933953.53,32588177.81,559460.771,17.5,14933953.53,261344186.8
15/10/2019 11:00,14803040.35,34132029.13,213082.058,17.5,14803040.35,259053206.2
15/10/2019 12:00,15002466.9,34584622.33,65237.322,17.5,15002466.9,262543170.7
15/10/2019 13:00,15619097.41,32402002.43,27641.895,17.5,15619097.41,273334204.7
15/10/2019 14:00,16273856.68,28590541.55,18052.838,17.5,16273856.68,284792491.9
15/10/2019 15:00,16876447.01,21025428.02,22846.932,17.5,16876447.01,295337822.6
15/10/2019 16:00,17710144.18,11162080.4,55534.306,17.5,17710144.18,309927523.1
15/10/2019 17:00,18686758.73,1645373.667,245995.017,17.5,18686758.73,327018277.8
15/10/2019 18:00,19595056.32,0,774616.188,17.5,19595056.32,342913485.5
15/10/2019 19:00,20367970.15,0,1493931.529,17.5,20367970.15,356439477.6
15/10/2019 20:00,20959472.52,0,1620735.636,17.5,20959472.52,366790769.2
15/10/2019 21:00,21268176.33,0,1051264.813,17.5,21268176.33,372193085.7
15/10/2019 22:00,21176459.87,0,472344.503,17.5,21176459.87,370588047.7
15/10/2019 23:00,20827663.35,0,531562.219,17.5,20827663.35,364484108.5
16/10/2019 0:00,20317063.43,0,1435245.083,17.5,20317063.43,355548610
16/10/2019 1:00,19743729.99,0,3074869.194,17.5,19743729.99,345515274.7
16/10/2019 2:00,19108530.46,0,4351651.19,17.5,19108530.46,334399283
16/10/2019 3:00,18479057.01,0,4230810.879,17.5,18479057.01,323383497.6
16/10/2019 4:00,17783111.9,0,3493142.688,17.5,17783111.9,311204458.3
16/10/2019 5:00,17075991.81,0,2773695.294,17.5,17075991.81,298829856.6
16/10/2019 6:00,16415693.92,70141.253,2097210.462,17.5,16415693.92,287274643.6
16/10/2019 7:00,15877787.57,6454392.702,1281102.901,17.5,15877787.57,277861282.4
16/10/2019 8:00,15422195.88,17413257.59,293024.097,17.5,15422195.88,269888427.9
16/10/2019 9:00,15120388.42,26434126.63,13954.221,17.5,15120388.42,264606797.4
16/10/2019 10:00,14886958.08,32210575.16,6175.811,17.5,14886958.08,260521766.3
16/10/2019 11:00,14763944.09,34723119.74,1255.076,17.5,14763944.09,258369021.6
16/10/2019 12:00,14968064.6,35256256.55,552.037,17.5,14968064.6,261941130.6
16/10/2019 13:00,15587044.58,33125251.05,2457.306,17.5,15587044.58,272773280.2
16/10/2019 14:00,16245445.91,27123568.23,14309.966,17.5,16245445.91,284295303.4
16/10/2019 15:00,16853218.06,19571153.92,55683.608,17.5,16853218.06,294931316.1
16/10/2019 16:00,17692399.02,9952878.201,248895.305,17.5,17692399.02,309616982.8
16/10/2019 17:00,18675348.88,1346723.317,1272473.41,17.5,18675348.88,326818605.3
16/10/2019 18:00,19590846.88,0,3056393.286,17.5,19590846.88,342839820.5
16/10/2019 19:00,20371031.02,0,4618766.951,17.5,20371031.02,356493042.8
16/10/2019 20:00,20968944.06,0,5558294.34,17.5,20968944.06,366956521
16/10/2019 21:00,21282231.89,0,5797932.643,17.5,21282231.89,372439058
16/10/2019 22:00,21192385.3,0,5305067.26,17.5,21192385.3,370866742.8
16/10/2019 23:00,20842629.71,0,4324045.917,17.5,20842629.71,364746019.9
17/10/2019 0:00,20328477.84,0,3159188.254,17.5,20328477.84,355748362.3
17/10/2019 1:00,19749447.62,0,2096596.029,17.5,19749447.62,345615333.3
17/10/2019 2:00,19106831.1,0,1230305.522,17.5,19106831.1,334369544.2
17/10/2019 3:00,18468702.37,0,728667.548,17.5,18468702.37,323202291.4
17/10/2019 4:00,17763498.71,0,667086.791,17.5,17763498.71,310861227.5
17/10/2019 5:00,17047107.96,0,1083843.623,17.5,17047107.96,298324389.2
17/10/2019 6:00,16377811.24,48002.301,2023420.05,17.5,16377811.24,286611696.8
17/10/2019 7:00,15830788.2,6108899.944,2505731.892,17.5,15830788.2,277038793.5
17/10/2019 8:00,15366038.23,16900500.91,1263823.345,17.5,15366038.23,268905669
17/10/2019 9:00,15053682.22,25939063.03,402991.578,17.5,15053682.22,263439438.8
17/10/2019 10:00,14808718.17,31828950.01,118037.775,17.5,14808718.17,259152567.9
17/10/2019 11:00,14671689.41,33464319.27,81944.09,17.5,14671689.41,256754564.7
17/10/2019 12:00,14852082.44,34099255.92,100488.469,17.5,14852082.44,259911442.7
17/10/2019 13:00,15429985.18,32039224.35,117315.559,17.5,15429985.18,270024740.7
17/10/2019 14:00,16037093.4,24323264.29,64424.938,17.5,16037093.4,280649134.5
17/10/2019 15:00,16585639.12,17073523.78,16004.421,17.5,16585639.12,290248684.6
17/10/2019 16:00,17343367.34,8275319.439,8434.378,17.5,17343367.34,303508928.5
17/10/2019 17:00,18221801.11,1036908.043,34691.051,17.5,18221801.11,318881519.5
17/10/2019 18:00,19018861.9,0,309675.132,17.5,19018861.9,332830083.3
17/10/2019 19:00,19672284.86,0,1066044.144,17.5,19672284.86,344264985.1
17/10/2019 20:00,20141828.51,0,2042240.349,17.5,20141828.51,352481998.9
17/10/2019 21:00,20338949.54,0,2681560.326,17.5,20338949.54,355931616.9
17/10/2019 22:00,20164658.27,0,3160137.113,17.5,20164658.27,352881519.7
17/10/2019 23:00,19758275.33,0,4224962.136,17.5,19758275.33,345769818.3
18/10/2019 0:00,19212054.61,0,6335137.257,17.5,19212054.61,336210955.6
18/10/2019 1:00,18618272.79,0,8550738.94,17.5,18618272.79,325819773.7
18/10/2019 2:00,17980454.73,0,12077716.68,17.5,17980454.73,314657957.8
18/10/2019 3:00,17359055.73,0,16286630.72,17.5,17359055.73,303783475.2
18/10/2019 4:00,16693596.56,0,18548480.35,17.5,16693596.56,292137939.8
18/10/2019 5:00,16032765.48,0,18473416.43,17.5,16032765.48,280573396
18/10/2019 6:00,15425089.75,119.845,17775040.95,17.5,15425089.75,269939070.5
18/10/2019 7:00,14930948.74,4106620.428,11117057.04,17.5,14930948.74,261291603
18/10/2019 8:00,14514539.87,12773984.78,4190582.471,17.5,14514539.87,254004447.8
18/10/2019 9:00,14230368.98,21353592.03,2793106.343,17.5,14230368.98,249031457.1
18/10/2019 10:00,14006927.01,27480865.92,2517088.851,17.5,14006927.01,245121222.7
18/10/2019 11:00,13875075.42,30113177.7,1571466.836,17.5,13875075.42,242813819.9
18/10/2019 12:00,13998808.69,30743789.84,1145861.064,17.5,13998808.69,244979152.1
18/10/2019 13:00,14437321.79,28460948.32,2022103.676,17.5,14437321.79,252653131.3
18/10/2019 14:00,14898831.81,22543316.93,5396742.119,17.5,14898831.81,260729556.7
18/10/2019 15:00,15316581.57,14732604.61,11428300.45,17.5,15316581.57,268040177.5
18/10/2019 16:00,15902293.95,6597769.973,20010513.96,17.5,15902293.95,278290144
18/10/2019 17:00,16589387.6,740477.827,28431477.42,17.5,16589387.6,290314283
18/10/2019 18:00,17223518.23,0,33391549.13,17.5,17223518.23,301411568.9
18/10/2019 19:00,17758207.03,0,33061012.63,17.5,17758207.03,310768623.1
18/10/2019 20:00,18162481.28,0,31128555.43,17.5,18162481.28,317843422.3
18/10/2019 21:00,18365092.85,0,29011813.37,17.5,18365092.85,321389124.9
18/10/2019 22:00,18282996.83,0,26685404.01,17.5,18282996.83,319952444.5
18/10/2019 23:00,18020898.1,0,24887205.11,17.5,18020898.1,315365716.7
19/10/2019 0:00,17647397.64,0,23585252.84,17.5,17647397.64,308829458.6
19/10/2019 1:00,17233137.3,0,22174395.25,17.5,17233137.3,301579902.7
19/10/2019 2:00,16777746.55,0,19347239.62,17.5,16777746.55,293610564.6
19/10/2019 3:00,16328912.44,0,16532469.32,17.5,16328912.44,285755967.6
19/10/2019 4:00,15833569.91,0,14371339.5,17.5,15833569.91,277087473.5
19/10/2019 5:00,15330644.41,0,11853600.11,17.5,15330644.41,268286277.2
19/10/2019 6:00,14861336.36,0,9242946.844,17.5,14861336.36,260073386.3
19/10/2019 7:00,14480107.49,4229691.402,4201831.077,17.5,14480107.49,253401881
19/10/2019 8:00,14157860.18,13615879.63,1052494.566,17.5,14157860.18,247762553.1
19/10/2019 9:00,13946901.92,23100283.97,127353.676,17.5,13946901.92,244070783.6
19/10/2019 10:00,13785295.19,29298537.86,300,17.5,13785295.19,241242665.8
19/10/2019 11:00,13704178.15,34467001.59,660.087,17.5,13704178.15,239823117.7
19/10/2019 12:00,13863982.65,35579691.43,409.34,17.5,13863982.65,242619696.4
19/10/2019 13:00,14331747.51,34051853.71,308.243,17.5,14331747.51,250805581.5
19/10/2019 14:00,14831521.89,28426031.94,2639.841,17.5,14831521.89,259551633.1
19/10/2019 15:00,15296284.69,20810439.91,87540.904,17.5,15296284.69,267684982.1
19/10/2019 16:00,15935942.53,10791702.14,588644.156,17.5,15935942.53,278878994.3
19/10/2019 17:00,16685875,1339131.884,3869673.93,17.5,16685875,292002812.6
19/10/2019 18:00,17387852.15,0,10948471.76,17.5,17387852.15,304287412.6
19/10/2019 19:00,17990224.29,0,16808781.76,17.5,17990224.29,314828925
19/10/2019 20:00,18456899.24,0,18636733.09,17.5,18456899.24,322995736.8
19/10/2019 21:00,18709793.17,0,17345487.08,17.5,18709793.17,327421380.4
19/10/2019 22:00,18658094.99,0,14325575.91,17.5,18658094.99,326516662.3
19/10/2019 23:00,18408888.4,0,10960067.61,17.5,18408888.4,322155546.9
20/10/2019 0:00,18033879.83,0,10397407.82,17.5,18033879.83,315592897.1
20/10/2019 1:00,17608350.97,0,12817412.34,17.5,17608350.97,308146142
20/10/2019 2:00,17133141.96,0,15209369.24,17.5,17133141.96,299829984.2
20/10/2019 3:00,16660092.57,0,15049428.09,17.5,16660092.57,291551620
20/10/2019 4:00,16134310.53,0,12871823.92,17.5,16134310.53,282350434.3
20/10/2019 5:00,15598286.8,0,10174780.91,17.5,15598286.8,272970019
20/10/2019 6:00,15096721.44,0,7654615.111,17.5,15096721.44,264192625.1
20/10/2019 7:00,14687918.51,2468371.072,3715640.332,17.5,14687918.51,257038573.8
20/10/2019 8:00,14341498.88,7560013.031,848262.594,17.5,14341498.88,250976230.3
20/10/2019 9:00,14112689.62,16582229.27,168525.252,17.5,14112689.62,246972068.3
20/10/2019 10:00,13936161.31,27795602.32,2344.163,17.5,13936161.31,243882822.8
20/10/2019 11:00,13844505.83,33895651.54,734.874,17.5,13844505.83,242278852.1
20/10/2019 12:00,14005152.21,35014946.72,5842.874,17.5,14005152.21,245090163.7
20/10/2019 13:00,14486740.03,32826860.59,9321.39,17.5,14486740.03,253517950.6
20/10/2019 14:00,15000397.4,28169061.11,12443.931,17.5,15000397.4,262506954.4
20/10/2019 15:00,15476828.36,20407369.83,18230.562,17.5,15476828.36,270844496.4
20/10/2019 16:00,16134861.92,10383654.92,120855.244,17.5,16134861.92,282360083.6
20/10/2019 17:00,16907751.81,1212997.05,1623857.75,17.5,16907751.81,295885656.6
20/10/2019 18:00,17632293.38,0,5812937.266,17.5,17632293.38,308565134.1
20/10/2019 19:00,18255776.94,0,9928072.428,17.5,18255776.94,319476096.4
20/10/2019 20:00,18741261.76,0,11869093.99,17.5,18741261.76,327972080.8
20/10/2019 21:00,19007867.68,0,11911683.07,17.5,19007867.68,332637684.3
20/10/2019 22:00,18960913.6,0,10646698.43,17.5,18960913.6,331815987.9
20/10/2019 23:00,18710616.18,0,8501851.003,17.5,18710616.18,327435783.2
21/10/2019 0:00,18330502.79,0,6397694.489,17.5,18330502.79,320783798.9
21/10/2019 1:00,17898039.58,0,4785856.79,17.5,17898039.58,313215692.6
21/10/2019 2:00,17413410.39,0,3466224.893,17.5,17413410.39,304734681.8
21/10/2019 3:00,16930157.05,0,2396730.998,17.5,16930157.05,296277748.4
21/10/2019 4:00,16390422.26,0,1559275.896,17.5,16390422.26,286832389.5
21/10/2019 5:00,15838205.05,0,847862.627,17.5,15838205.05,277168588.4
21/10/2019 6:00,15320218.88,0,379754.61,17.5,15320218.88,268103830.5
21/10/2019 7:00,14897930.73,5901410.928,216043.345,17.5,14897930.73,260713787.7
21/10/2019 8:00,14539713.65,17070295.94,98473.329,17.5,14539713.65,254444988.8
21/10/2019 9:00,14304244.27,26351316.29,529037.807,17.5,14304244.27,250324274.7
21/10/2019 10:00,14122929.79,32495647.46,1305287.04,17.5,14122929.79,247151271.4
21/10/2019 11:00,14030550.62,34583055.71,1368978.949,17.5,14030550.62,245534635.8
21/10/2019 12:00,14205179.47,35162791.55,958489.09,17.5,14205179.47,248590640.7
21/10/2019 13:00,14720548.99,33008746.56,560469.11,17.5,14720548.99,257609607.3
21/10/2019 14:00,15269996.76,27118931.07,430800.845,17.5,15269996.76,267224943.3
21/10/2019 15:00,15779305.56,19503660.67,590076.231,17.5,15779305.56,276137847.4
21/10/2019 16:00,16480738.98,9792345.965,1172966.027,17.5,16480738.98,288412932.1
21/10/2019 17:00,17302536.77,1086601.162,2764657.889,17.5,17302536.77,302794393.5
21/10/2019 18:00,18070069.75,0,5880052.476,17.5,18070069.75,316226220.6
21/10/2019 19:00,18726715.19,0,9696207.39,17.5,18726715.19,327717515.8
21/10/2019 20:00,19233093.31,0,12346451.48,17.5,19233093.31,336579133
21/10/2019 21:00,19503734.49,0,12875809.88,17.5,19503734.49,341315353.6
21/10/2019 22:00,19439427.58,0,11117705.34,17.5,19439427.58,340189982.7
21/10/2019 23:00,19158547.81,0,8230395.565,17.5,19158547.81,335274586.6
22/10/2019 0:00,18740222.85,0,5810980.315,17.5,18740222.85,327953899.9
22/10/2019 1:00,18267238.13,0,4755162.225,17.5,18267238.13,319676667.2
22/10/2019 2:00,17740588.79,0,4221749.036,17.5,17740588.79,310460303.8
22/10/2019 3:00,17217096.14,0,3857677.457,17.5,17217096.14,301299182.5
22/10/2019 4:00,16636699.02,0,3519723.489,17.5,16636699.02,291142232.9
22/10/2019 5:00,16045955.88,0,3370759.261,17.5,16045955.88,280804227.9
22/10/2019 6:00,15493696.34,0,3165105.164,17.5,15493696.34,271139685.9
22/10/2019 7:00,15043422.13,6492174.668,2887126.285,17.5,15043422.13,263259887.3
22/10/2019 8:00,14661773.52,18123678.93,1337459.07,17.5,14661773.52,256581036.5
22/10/2019 9:00,14408678.82,27419662.6,870486.311,17.5,14408678.82,252151879.4
22/10/2019 10:00,14212731.24,33269000.71,1662501.762,17.5,14212731.24,248722796.7
22/10/2019 11:00,14109142.6,35767079.84,2681216.574,17.5,14109142.6,246909995.5
22/10/2019 12:00,14279150.96,36232593.19,2861140.127,17.5,14279150.96,249885141.9
22/10/2019 13:00,14795998.48,33982344.19,2235328.051,17.5,14795998.48,258929973.5
22/10/2019 14:00,15345726.87,28468269.8,1592472.56,17.5,15345726.87,268550220.2
22/10/2019 15:00,15853178.48,20697037.76,1611639.612,17.5,15853178.48,277430623.3
22/10/2019 16:00,16554267.16,10612007.77,2107675.175,17.5,16554267.16,289699675.3
22/10/2019 17:00,17375942.97,1144574.854,3469488.244,17.5,17375942.97,304079001.9
22/10/2019 18:00,18141959.77,0,5931043.249,17.5,18141959.77,317484295.9
22/10/2019 19:00,18795884.2,0,7948671.526,17.5,18795884.2,328927973.5
22/10/2019 20:00,19298681.27,0,8896440.517,17.5,19298681.27,337726922.2
22/10/2019 21:00,19564839.72,0,9283867.367,17.5,19564839.72,342384695.1
22/10/2019 22:00,19495019.48,0,9336084.167,17.5,19495019.48,341162840.8
22/10/2019 23:00,19208673.21,0,8283428.346,17.5,19208673.21,336151781.2
23/10/2019 0:00,18785376.28,0,7118771.03,17.5,18785376.28,328744085
23/10/2019 1:00,18308187.9,0,7166685.218,17.5,18308187.9,320393288.2
23/10/2019 2:00,17777835.33,0,6941018.941,17.5,17777835.33,311112118.3
23/10/2019 3:00,17251204.94,0,7079891.444,17.5,17251204.94,301896086.4
23/10/2019 4:00,16667692.1,0,7532164.66,17.5,16667692.1,291684611.7
23/10/2019 5:00,16073919.79,0,7193878.612,17.5,16073919.79,281293596.2
23/10/2019 6:00,15518837.27,0,6801225.967,17.5,15518837.27,271579652.2
23/10/2019 7:00,15066193.13,6265087.702,5901809.304,17.5,15066193.13,263658379.8
23/10/2019 8:00,14682395.56,17863040.85,5208837.763,17.5,14682395.56,256941922.3
23/10/2019 9:00,14427646.23,27265845.18,5189729.019,17.5,14427646.23,252483809
23/10/2019 10:00,14230118.5,33430292.04,3543617.114,17.5,14230118.5,249027073.8
23/10/2019 11:00,14125139.66,34663796.77,3134383.581,17.5,14125139.66,247189944
23/10/2019 12:00,14294640.37,34992727.21,3383456.548,17.5,14294640.37,250156206.4
23/10/2019 13:00,14811696.64,32672880.34,3381029.589,17.5,14811696.64,259204691.2
23/10/2019 14:00,15360496.11,27283258.2,2668389.607,17.5,15360496.11,268808681.9
23/10/2019 15:00,15865278.35,19482849.77,2218621.981,17.5,15865278.35,277642371.1
23/10/2019 16:00,16561995.4,9563112.169,2209469.042,17.5,16561995.4,289834919.6
23/10/2019 17:00,17376442.56,941529.06,2605164.742,17.5,17376442.56,304087744.8
23/10/2019 18:00,18131541.71,0,3253024.566,17.5,18131541.71,317301980
23/10/2019 19:00,18770904.28,0,3706909.205,17.5,18770904.28,328490824.9
23/10/2019 20:00,19256082.68,0,3317007.074,17.5,19256082.68,336981446.9
23/10/2019 21:00,19502977.17,0,2127074.699,17.5,19502977.17,341302100.5
23/10/2019 22:00,19414705.75,0,1024779.216,17.5,19414705.75,339757350.7
23/10/2019 23:00,19111787.4,0,874390.52,17.5,19111787.4,334456279.4
24/10/2019 0:00,18674473.57,0,2786598.569,17.5,18674473.57,326803287.5
24/10/2019 1:00,18185730.4,0,7294064.119,17.5,18185730.4,318250282
24/10/2019 2:00,17646921.72,0,11165918.49,17.5,17646921.72,308821130
24/10/2019 3:00,17114324.99,0,12061870.24,17.5,17114324.99,299500687.3
24/10/2019 4:00,16528890.77,0,12144625.83,17.5,16528890.77,289255588.5
24/10/2019 5:00,15936535.3,0,11676840.43,17.5,15936535.3,278889367.7
24/10/2019 6:00,15384937.03,0,10154392.66,17.5,15384937.03,269236398
24/10/2019 7:00,14935625.26,4927413.655,6918181.426,17.5,14935625.26,261373442.1
24/10/2019 8:00,14555391.27,15514934.69,2341025.034,17.5,14555391.27,254719347.2
24/10/2019 9:00,14301892.11,24833253.11,964997.007,17.5,14301892.11,250283112
24/10/2019 10:00,14105122.92,30832443.2,1155293.283,17.5,14105122.92,246839651.1
24/10/2019 11:00,13998769.7,28483256.91,670925.169,17.5,13998769.7,244978469.7
24/10/2019 12:00,14157283.48,29217014.09,524411.983,17.5,14157283.48,247752461
24/10/2019 13:00,14649966.33,27242591.01,727168.9,17.5,14649966.33,256374410.8
24/10/2019 14:00,15173270.72,22564347.13,963811.466,17.5,15173270.72,265532237.6
24/10/2019 15:00,15655070.26,15308414.68,1206970.41,17.5,15655070.26,273963729.6
24/10/2019 16:00,16322231.78,6874988.604,2347718.04,17.5,16322231.78,285639056.2
24/10/2019 17:00,17104378.96,614774.132,5884001.868,17.5,17104378.96,299326631.7
24/10/2019 18:00,17832693.26,0,10375309.68,17.5,17832693.26,312072132
24/10/2019 19:00,18453652.3,0,14571941.74,17.5,18453652.3,322938915.2
24/10/2019 20:00,18930456.63,0,15815126.86,17.5,18930456.63,331282991.1
24/10/2019 21:00,19181801.7,0,14344679.35,17.5,19181801.7,335681529.7
24/10/2019 22:00,19113092.13,0,10831491.93,17.5,19113092.13,334479112.3
24/10/2019 23:00,18838748.76,0,6831498.316,17.5,18838748.76,329678103.2
25/10/2019 0:00,18434778.61,0,4624262.186,17.5,18434778.61,322608625.7
25/10/2019 1:00,17980398.66,0,4878766.371,17.5,17980398.66,314656976.6
25/10/2019 2:00,17476043.93,0,6375626.604,17.5,17476043.93,305830768.7
25/10/2019 3:00,16975861.29,0,8161970.575,17.5,16975861.29,297077572.6
25/10/2019 4:00,16421528.79,0,9799364.561,17.5,16421528.79,287376753.8
25/10/2019 5:00,15857362.32,0,10981652.41,17.5,15857362.32,277503840.7
25/10/2019 6:00,15330048.1,0,11160592.05,17.5,15330048.1,268275841.8
25/10/2019 7:00,14900740.77,4149416.595,8348459.915,17.5,14900740.77,260762963.5
25/10/2019 8:00,14537252.1,14091244.06,2754837.427,17.5,14537252.1,254401911.7
25/10/2019 9:00,14297757.95,23394793.36,699764.01,17.5,14297757.95,250210764.1
25/10/2019 10:00,14113336.44,29559937.71,1701786.639,17.5,14113336.44,246983387.7
25/10/2019 11:00,14018403.97,30590226.14,1309797.014,17.5,14018403.97,245322069.4
25/10/2019 12:00,14189989.87,31063786.81,821650.827,17.5,14189989.87,248324822.8
25/10/2019 13:00,14701012.9,28772979.65,663685.885,17.5,14701012.9,257267725.8
25/10/2019 14:00,15246183.78,25749861.58,574696.89,17.5,15246183.78,266808216.2
25/10/2019 15:00,15751970.75,18055004.24,569564.594,17.5,15751970.75,275659488.1
25/10/2019 16:00,16449703.1,8470331.929,780571.732,17.5,16449703.1,287869804.3
25/10/2019 17:00,17268432.62,729501.363,1483316.42,17.5,17268432.62,302197570.9
25/10/2019 18:00,18034928.69,0,2407467.568,17.5,18034928.69,315611252
25/10/2019 19:00,18693037.84,0,3603322.673,17.5,18693037.84,327128162.3
25/10/2019 20:00,19203475.24,0,5148136.438,17.5,19203475.24,336060816.8
25/10/2019 21:00,19480704.17,0,7373032.811,17.5,19480704.17,340912323
25/10/2019 22:00,19424978.96,0,8904586.751,17.5,19424978.96,339937131.8
25/10/2019 23:00,19153424.45,0,7989821.572,17.5,19153424.45,335184927.9
26/10/2019 0:00,18744279.77,0,5287624.257,17.5,18744279.77,328024895.9
26/10/2019 1:00,18279766.61,0,2530802.624,17.5,18279766.61,319895915.7
26/10/2019 2:00,17760475.34,0,1067159.879,17.5,17760475.34,310808318.5
26/10/2019 3:00,17243103.29,0,520086.823,17.5,17243103.29,301754307.6
26/10/2019 4:00,16667156.95,0,376084.332,17.5,16667156.95,291675246.7
26/10/2019 5:00,16079221.79,0,308675.953,17.5,16079221.79,281386381.3
26/10/2019 6:00,15528424.41,0,353094.296,17.5,15528424.41,271747427.2
26/10/2019 7:00,15078933.38,4003553.902,573162.841,17.5,15078933.38,263881334.1
26/10/2019 8:00,14697410.75,13694771.79,280450.06,17.5,14697410.75,257204688.1
26/10/2019 9:00,14444597.01,22859597.66,18609.515,17.5,14444597.01,252780447.6
26/10/2019 10:00,14248639.16,29041378.56,64189.815,17.5,14248639.16,249351185.3
26/10/2019 11:00,14145241.23,27040575.86,218952.64,17.5,14145241.23,247541721.5
26/10/2019 12:00,14317715.52,28196332.29,291417.875,17.5,14317715.52,250560021.6
26/10/2019 13:00,14840060.75,26513553.3,376660.614,17.5,14840060.75,259701063.1
26/10/2019 14:00,15394486.43,19170095.09,406446.192,17.5,15394486.43,269403512.5
26/10/2019 15:00,15904536.23,12474722.38,535262.418,17.5,15904536.23,278329384
26/10/2019 16:00,16607843.44,5287731.23,1167807.806,17.5,16607843.44,290637260.2
26/10/2019 17:00,17429535.5,436355.922,2775623.058,17.5,17429535.5,305016871.3
26/10/2019 18:00,18190924.37,0,4756191.23,17.5,18190924.37,318341176.5
26/10/2019 19:00,18835014.85,0,5950224.551,17.5,18835014.85,329612759.9
26/10/2019 20:00,19322970.06,0,6849955.862,17.5,19322970.06,338151976
26/10/2019 21:00,19570067.46,0,7157142.376,17.5,19570067.46,342476180.6
26/10/2019 22:00,19478867.06,0,6388857.238,17.5,19478867.06,340880173.5
26/10/2019 23:00,19171086.61,0,4826476.754,17.5,19171086.61,335494015.6
27/10/2019 0:00,18727823.15,0,3465662.22,17.5,18727823.15,327736905.2
27/10/2019 1:00,18232838,0,2816484.448,17.5,18232838,319074664.9
27/10/2019 2:00,17687672.63,0,2164567.929,17.5,17687672.63,309534270.9
27/10/2019 3:00,17149078.09,0,1206391.125,17.5,17149078.09,300108866.5
27/10/2019 4:00,16557779.19,0,396343.427,17.5,16557779.19,289761135.9
27/10/2019 5:00,15960044.02,0,122908.073,17.5,15960044.02,279300770.4
27/10/2019 6:00,15403796.15,0,180137.908,17.5,15403796.15,269566432.7
27/10/2019 7:00,14950767.82,3081306.836,281250.307,17.5,14950767.82,261638436.8
27/10/2019 8:00,14567517.09,11523168.97,154894.993,17.5,14567517.09,254931549
27/10/2019 9:00,14311784.07,20455004.22,578834.875,17.5,14311784.07,250456221.3
27/10/2019 10:00,14113246.52,26891105.6,3416357.853,17.5,14113246.52,246981814.1
27/10/2019 11:00,14005604.81,24328871.45,4169484.341,17.5,14005604.81,245098084.2
27/10/2019 12:00,14163562.51,25174719.46,3632253.8,17.5,14163562.51,247862344
27/10/2019 13:00,14656386.24,23355924.87,3253716.272,17.5,14656386.24,256486759.2
27/10/2019 14:00,15180005.99,21485418.14,3031842.483,17.5,15180005.99,265650104.8
27/10/2019 15:00,15662334.11,14080950.34,3206710.401,17.5,15662334.11,274090847
27/10/2019 16:00,16330757.06,5923173.335,4182772.158,17.5,16330757.06,285788248.5
27/10/2019 17:00,17115051.12,430249.987,7569455.403,17.5,17115051.12,299513394.6
27/10/2019 18:00,17846398.22,0,12702641.73,17.5,17846398.22,312311968.9
27/10/2019 19:00,18471310.39,0,17017769.08,17.5,18471310.39,323247931.8
27/10/2019 20:00,18952900.46,0,19652506.73,17.5,18952900.46,331675758.1
27/10/2019 21:00,19209477.64,0,19545436.35,17.5,19209477.64,336165858.8
27/10/2019 22:00,19145713.63,0,17162185.11,17.5,19145713.63,335049988.4
27/10/2019 23:00,18875885.61,0,14147435.99,17.5,18875885.61,330327998.2
28/10/2019 0:00,18475867.41,0,11279658.3,17.5,18475867.41,323327679.7
28/10/2019 1:00,18024930.42,0,8988859.415,17.5,18024930.42,315436282.3
28/10/2019 2:00,17523266.34,0,7027474.509,17.5,17523266.34,306657160.9
28/10/2019 3:00,17025198.6,0,5424066.698,17.5,17025198.6,297940975.4
28/10/2019 4:00,16471792.79,0,4062636.349,17.5,16471792.79,288256373.8
28/10/2019 5:00,15907551.12,0,3039498.549,17.5,15907551.12,278382144.6
28/10/2019 6:00,15379559.58,0,2461477.569,17.5,15379559.58,269142292.7
28/10/2019 7:00,14949742.98,3492941.149,2219839.973,17.5,14949742.98,261620502.1
28/10/2019 8:00,14585750.35,12536662.26,1179492.354,17.5,14585750.35,255250631.1
28/10/2019 9:00,14346729.72,20859130.43,1552548.992,17.5,14346729.72,251067770.1
28/10/2019 10:00,14163088.23,27141431.04,8449480.535,17.5,14163088.23,247854044.1
28/10/2019 11:00,14069932.21,29022211.15,12013370.93,17.5,14069932.21,246223813.7
28/10/2019 12:00,14247504.65,29978376.53,11008311.12,17.5,14247504.65,249331331.4
28/10/2019 13:00,14770739.23,28004917.71,10544189.13,17.5,14770739.23,258487936.6
28/10/2019 14:00,15329535.11,24342842.34,9957981.671,17.5,15329535.11,268266864.3
28/10/2019 15:00,15848928.54,16733091.26,10204316.6,17.5,15848928.54,277356249.5
28/10/2019 16:00,16564723.57,7531870.851,11691138.77,17.5,16564723.57,289882662.4
28/10/2019 17:00,17404796.07,545008.45,16662780.57,17.5,17404796.07,304583931.2
28/10/2019 18:00,18192269.02,0,22851688.29,17.5,18192269.02,318364707.9
28/10/2019 19:00,18869587.75,0,27283916.4,17.5,18869587.75,330217785.6
28/10/2019 20:00,19396395.68,0,30466910.84,17.5,19396395.68,339436924.3
28/10/2019 21:00,19684959.09,0,32005519.87,17.5,19684959.09,344486784.1
28/10/2019 22:00,19632853.07,0,32299422.03,17.5,19632853.07,343574928.7
28/10/2019 23:00,19359631.93,0,32212295.46,17.5,19359631.93,338793558.8
29/10/2019 0:00,18945232.09,0,30870484.25,17.5,18945232.09,331541561.6
29/10/2019 1:00,18473829.97,0,28523264.08,17.5,18473829.97,323292024.5
29/10/2019 2:00,17945970.77,0,23741224.25,17.5,17945970.77,314054488.5
29/10/2019 3:00,17419791.03,0,16764125.55,17.5,17419791.03,304846343
29/10/2019 4:00,16833088.09,0,9650913.477,17.5,16833088.09,294579041.6
29/10/2019 5:00,16233581.88,0,5065472.198,17.5,16233581.88,284087682.8
29/10/2019 6:00,15671750.41,0,2891900.957,17.5,15671750.41,274255632.1
29/10/2019 7:00,15213760.39,3839738.347,1956036.355,17.5,15213760.39,266240806.8
29/10/2019 8:00,14825432.53,13754888.54,677517.085,17.5,14825432.53,259445069.3
29/10/2019 9:00,14569732.88,23180197.25,403782.964,17.5,14569732.88,254970325.3
29/10/2019 10:00,14372746.68,29377782.4,2006310.509,17.5,14372746.68,251523066.8
29/10/2019 11:00,14271740.4,31058272.83,2323413.709,17.5,14271740.4,249755456.9
29/10/2019 12:00,14457733.36,31744158.89,1707043.341,17.5,14457733.36,253010333.7
29/10/2019 13:00,15009610.94,29589537.05,1619735.313,17.5,15009610.94,262668191.5
29/10/2019 14:00,15598314.86,23709478.19,2097657.22,17.5,15598314.86,272970510
29/10/2019 15:00,16144520.06,14819856.06,3154676.221,17.5,16144520.06,282529101
29/10/2019 16:00,16897747.53,5764401.043,5364917.896,17.5,16897747.53,295710581.8
29/10/2019 17:00,17781529.78,368770.675,10535207.64,17.5,17781529.78,311176771.1
29/10/2019 18:00,18609017.2,0,19028108.24,17.5,18609017.2,325657801
29/10/2019 19:00,19319634.12,0,27842291.46,17.5,19319634.12,338093597.1
29/10/2019 20:00,19870997.54,0,33391312.24,17.5,19870997.54,347742456.9
29/10/2019 21:00,20170811.24,0,35023416.45,17.5,20170811.24,352989196.8
29/10/2019 22:00,20111423.11,0,33479881.85,17.5,20111423.11,351949904.3
29/10/2019 23:00,19819202.85,0,29718436.85,17.5,19819202.85,346836049.9
30/10/2019 0:00,19378568.18,0,25170048.73,17.5,19378568.18,339124943.1
30/10/2019 1:00,18878246.15,0,21700487.32,17.5,18878246.15,330369307.5
30/10/2019 2:00,18318847.55,0,17388939.17,17.5,18318847.55,320579832.2
30/10/2019 3:00,17761558.59,0,13274469.24,17.5,17761558.59,310827275.3
30/10/2019 4:00,17141018.2,0,10286709.01,17.5,17141018.2,299967818.5
30/10/2019 5:00,16507466.62,0,8253618.345,17.5,16507466.62,288880665.8
30/10/2019 6:00,15913944.07,0,7552611.14,17.5,15913944.07,278494021.3
30/10/2019 7:00,15429811.45,3690154.946,6908140.89,17.5,15429811.45,270021700.4
30/10/2019 8:00,15019072.99,13394374.65,2821532.808,17.5,15019072.99,262833777.3
30/10/2019 9:00,14747504.25,22491559.95,3722866.679,17.5,14747504.25,258081324.3
30/10/2019 10:00,14537473.31,28743776.34,6397199.199,17.5,14537473.31,254405783
30/10/2019 11:00,14427739.96,31550682.73,4149427.79,17.5,14427739.96,252485449.3
30/10/2019 12:00,14617229.76,32279488.79,1738392.067,17.5,14617229.76,255801520.8
30/10/2019 13:00,15186904.47,30282420.35,533153.057,17.5,15186904.47,265770828.2
30/10/2019 14:00,15792686.79,25459628.53,181699.042,17.5,15792686.79,276372018.8
30/10/2019 15:00,16351740.42,17871102.02,194954.148,17.5,16351740.42,286155457.4
30/10/2019 16:00,17122665.48,8256923.798,522937.573,17.5,17122665.48,299646645.9
30/10/2019 17:00,18024799.8,541229.574,2267172.032,17.5,18024799.8,315433996.5
30/10/2019 18:00,18863976.08,0,6058945.698,17.5,18863976.08,330119581.4
30/10/2019 19:00,19577797.84,0,11069472.11,17.5,19577797.84,342611462.1
30/10/2019 20:00,20123263.76,0,15224374.82,17.5,20123263.76,352157115.8
30/10/2019 21:00,20406763.23,0,18347938.72,17.5,20406763.23,357118356.6
30/10/2019 22:00,20320171.53,0,19710208.38,17.5,20320171.53,355603001.8
30/10/2019 23:00,19995371.93,0,17492897.89,17.5,19995371.93,349919008.8
31/10/2019 0:00,19520354.38,0,11828811.22,17.5,19520354.38,341606201.6
31/10/2019 1:00,18986581.28,0,5288067.358,17.5,18986581.28,332265172.3
31/10/2019 2:00,18395449.1,0,1634420.301,17.5,18395449.1,321920359.3
31/10/2019 3:00,17809355.79,0,1038497.433,17.5,17809355.79,311663726.3
31/10/2019 4:00,17162900.56,0,1071293.877,17.5,17162900.56,300350759.8
31/10/2019 5:00,16507172.44,0,1372758.546,17.5,16507172.44,288875517.7
31/10/2019 6:00,15895349.86,0,2242023.041,17.5,15895349.86,278168622.6
31/10/2019 7:00,15396027.56,4251567.244,3250975.472,17.5,15396027.56,269430482.3
31/10/2019 8:00,14972541.97,14844138,2418499.136,17.5,14972541.97,262019484.4
31/10/2019 9:00,14688994.81,24219992.17,1924269.718,17.5,14688994.81,257057409.1
31/10/2019 10:00,14467691.14,30434740.13,1716280.289,17.5,14467691.14,253184595
31/10/2019 11:00,14345880.08,30748184.05,1177736.139,17.5,14345880.08,251052901.4
31/10/2019 12:00,14516148.7,31311722.88,794352.13,17.5,14516148.7,254032602.2
31/10/2019 13:00,15053531.78,29022606.32,588381.4,17.5,15053531.78,263436806.2
31/10/2019 14:00,15621174.08,22750273.85,474140.747,17.5,15621174.08,273370546.4
31/10/2019 15:00,16138939.15,15115979.39,340714.608,17.5,16138939.15,282431435.2
31/10/2019 16:00,16855096.94,6490076.467,200183.398,17.5,16855096.94,294964196.5
31/10/2019 17:00,17690153.11,391203.046,151117.713,17.5,17690153.11,309577679.4
31/10/2019 18:00,18458077.57,0,337987.055,17.5,18458077.57,323016357.5
31/10/2019 19:00,19100593.31,0,809912.157,17.5,19100593.31,334260383
31/10/2019 20:00,19578698.67,0,1582573.277,17.5,19578698.67,342627226.7
31/10/2019 21:00,19806646.78,0,2698360.89,17.5,19806646.78,346616318.7
31/10/2019 22:00,19686648.69,0,3886928.495,17.5,19686648.69,344516352.1
31/10/2019 23:00,19345822.45,0,4821656.25,17.5,19345822.45,338551892.9
01/11/2019 0:00,18868531.45,0,5422237.635,17.5,18868531.45,330199300.4
01/11/2019 1:00,18340909.5,0,5818920.489,17.5,18340909.5,320965916.2
01/11/2019 2:00,17764973.25,0,5737726.447,17.5,17764973.25,310887031.9
01/11/2019 3:00,17198425.78,0,4781286.827,17.5,17198425.78,300972451.2
01/11/2019 4:00,16581756.75,0,3610419.505,17.5,16581756.75,290180743.2
01/11/2019 5:00,15961965.53,0,2857650.827,17.5,15961965.53,279334396.8
01/11/2019 6:00,15387091.36,0,4038948.569,17.5,15387091.36,269274098.7
01/11/2019 7:00,14918124.47,1417639.969,7232317.6,17.5,14918124.47,261067178.3
01/11/2019 8:00,14520955.95,6293857.99,7534792.243,17.5,14520955.95,254116729.2
01/11/2019 9:00,14251619.33,13494928.92,7171053.499,17.5,14251619.33,249403338.2
01/11/2019 10:00,14039666.75,18800033.67,4295091.198,17.5,14039666.75,245694168.1
01/11/2019 11:00,13917125.17,23050712.13,1213427.237,17.5,13917125.17,243549690.4
01/11/2019 12:00,14051526.52,25782829.47,86857.122,17.5,14051526.52,245901714.1
01/11/2019 13:00,14504698.39,26325241.55,44975.686,17.5,14504698.39,253832221.8
01/11/2019 14:00,14979685.97,25497329.28,103018.634,17.5,14979685.97,262144504.5
01/11/2019 15:00,15406886.15,18354660.09,134170.773,17.5,15406886.15,269620507.6
01/11/2019 16:00,16000371.87,7790669.008,317790.499,17.5,16000371.87,280006507.7
01/11/2019 17:00,16689665.53,434790.549,1529110.587,17.5,16689665.53,292069146.8
01/11/2019 18:00,17314932.9,0,3823647.907,17.5,17314932.9,303011325.7
01/11/2019 19:00,17827853.5,0,5314345.378,17.5,17827853.5,311987436.3
01/11/2019 20:00,18197423.14,0,5102812.992,17.5,18197423.14,318454905
01/11/2019 21:00,18354046.78,0,3897513.221,17.5,18354046.78,321195818.6
01/11/2019 22:00,18219331.53,0,2759362.419,17.5,18219331.53,318838301.7
01/11/2019 23:00,17903253.36,0,2013881.992,17.5,17903253.36,313306933.8
02/11/2019 0:00,17478234.34,0,1621443.847,17.5,17478234.34,305869100.9
02/11/2019 1:00,17016764.53,0,1486266.633,17.5,17016764.53,297793379.2
02/11/2019 2:00,16520878.02,0,2235401.501,17.5,16520878.02,289115365.4
02/11/2019 3:00,16038074.24,0,3867169.847,17.5,16038074.24,280666299.3
02/11/2019 4:00,15519331.52,0,5568143.971,17.5,15519331.52,271588301.5
02/11/2019 5:00,15002887.7,0,7307486.021,17.5,15002887.7,262550534.7
02/11/2019 6:00,14527336.35,0,7814226.789,17.5,14527336.35,254228386
02/11/2019 7:00,14141513.71,3401149.281,4420036.971,17.5,14141513.71,247476489.9
02/11/2019 8:00,13816885.71,12780445.46,1119982.478,17.5,13816885.71,241795499.9
02/11/2019 9:00,13598449.67,21308932.21,902511.327,17.5,13598449.67,237972869.2
02/11/2019 10:00,13428639.28,25651048.38,452810.847,17.5,13428639.28,235001187.3
02/11/2019 11:00,13333454.96,25513281.01,65850.606,17.5,13333454.96,233335461.8
02/11/2019 12:00,13450117.67,19812942.38,350,17.5,13450117.67,235377059.1
02/11/2019 13:00,13831500.68,12823630.73,25498.955,17.5,13831500.68,242051262
02/11/2019 14:00,14237062.72,7681205.287,122710.17,17.5,14237062.72,249148597.6
02/11/2019 15:00,14610859.83,5285087.34,546651.791,17.5,14610859.83,255690047
02/11/2019 16:00,15132307.66,2354690.171,2662708.085,17.5,15132307.66,264815384.1
02/11/2019 17:00,15747079.76,85440.454,9853003.861,17.5,15747079.76,275573895.7
02/11/2019 18:00,16323901.75,0,19314625.37,17.5,16323901.75,285668280.6
02/11/2019 19:00,16821667.71,0,23742031.71,17.5,16821667.71,294379184.9
02/11/2019 20:00,17211747.85,0,22726443.99,17.5,17211747.85,301205587.4
02/11/2019 21:00,17429482.57,0,18036926.71,17.5,17429482.57,305015944.9
02/11/2019 22:00,17398228.79,0,13501948.38,17.5,17398228.79,304469003.7
02/11/2019 23:00,17206225.49,0,8917403.542,17.5,17206225.49,301108946.1
03/11/2019 0:00,16911750.68,0,3695010.457,17.5,16911750.68,295955636.8
03/11/2019 1:00,16576441.42,0,896250.114,17.5,16576441.42,290087724.8
03/11/2019 2:00,16199287.73,0,193193.359,17.5,16199287.73,283487535.3
03/11/2019 3:00,15823000.35,0,207821.132,17.5,15823000.35,276902506
03/11/2019 4:00,15399178.98,0,249605.82,17.5,15399178.98,269485632.2
03/11/2019 5:00,14962952.62,0,233213.516,17.5,14962952.62,261851670.9
03/11/2019 6:00,14552366.13,0,256630.195,17.5,14552366.13,254666407.3
03/11/2019 7:00,14218642.53,3256850.275,196640.127,17.5,14218642.53,248826244.3
03/11/2019 8:00,13935989.71,13075689.05,11957.868,17.5,13935989.71,243879820
03/11/2019 9:00,13754497.91,22586051.34,1148.553,17.5,13754497.91,240703713.4
03/11/2019 10:00,13617355.97,29188950.54,858.216,17.5,13617355.97,238303729.4
03/11/2019 11:00,13554882.34,33032928.81,3389.079,17.5,13554882.34,237210441
03/11/2019 12:00,13721315.18,33500263.32,5891.816,17.5,13721315.18,240123015.6
03/11/2019 13:00,14184346.52,31243224.88,2645.195,17.5,14184346.52,248226064.2
03/11/2019 14:00,14682421.74,25446816.62,8877.999,17.5,14682421.74,256942380.5
03/11/2019 15:00,15151069.84,17836157.17,35889.254,17.5,15151069.84,265143722.1
03/11/2019 16:00,15793934.66,8104296.257,67123.618,17.5,15793934.66,276393856.6
03/11/2019 17:00,16550259.88,414384.312,362631.782,17.5,16550259.88,289629548
03/11/2019 18:00,17266200.7,0,1284490.07,17.5,17266200.7,302158512.2
03/11/2019 19:00,17890038.77,0,2349005.921,17.5,17890038.77,313075678.5
03/11/2019 20:00,18384487.95,0,3395984.791,17.5,18384487.95,321728539
03/11/2019 21:00,18669836.27,0,4807601.475,17.5,18669836.27,326722134.7
03/11/2019 22:00,18652339.08,0,6222186.695,17.5,18652339.08,326415933.8
03/11/2019 23:00,18435410.08,0,7142428.447,17.5,18435410.08,322619676.3
04/11/2019 0:00,18088752.37,0,7188966.822,17.5,18088752.37,316553166.4
04/11/2019 1:00,17686987.78,0,5965559.691,17.5,17686987.78,309522286.2
04/11/2019 2:00,17230425.79,0,3795613.369,17.5,17230425.79,301532451.3
04/11/2019 3:00,16771441.33,0,1835792.187,17.5,16771441.33,293500223.2
04/11/2019 4:00,16254084.87,0,984040.743,17.5,16254084.87,284446485.2
04/11/2019 5:00,15721603.47,0,1013258.592,17.5,15721603.47,275128060.7
04/11/2019 6:00,15220128.65,0,1564461.293,17.5,15220128.65,266352251.4
04/11/2019 7:00,14810363.42,3931774.092,2046714.846,17.5,14810363.42,259181359.8
04/11/2019 8:00,14461902.66,14734028.86,969272.777,17.5,14461902.66,253083296.5
04/11/2019 9:00,14232623.76,24214683.36,144342.996,17.5,14232623.76,249070915.8
04/11/2019 10:00,14055634.21,30606827.06,1016310.674,17.5,14055634.21,245973598.7
04/11/2019 11:00,13965196.01,32784074.53,1484241.549,17.5,13965196.01,244390930.2
04/11/2019 12:00,14135900.84,33304349.18,1599659.415,17.5,14135900.84,247378264.7
04/11/2019 13:00,14639848.62,31080905.1,1618919.301,17.5,14639848.62,256197350.8
04/11/2019 14:00,15176323.63,26068043.14,1306340.612,17.5,15176323.63,265585663.5
04/11/2019 15:00,15672500.56,18253868.65,847351.405,17.5,15672500.56,274268759.8
04/11/2019 16:00,16355519.09,8337463.03,518153.052,17.5,16355519.09,286221584.1
04/11/2019 17:00,17154759.22,400965.813,443158.476,17.5,17154759.22,300208286.3
04/11/2019 18:00,17899254.48,0,848237.767,17.5,17899254.48,313236953.5
04/11/2019 19:00,18533570.5,0,1784655.26,17.5,18533570.5,324337483.8
04/11/2019 20:00,19019245.04,0,2568876.131,17.5,19019245.04,332836788.3
04/11/2019 21:00,19273151.53,0,3234293.717,17.5,19273151.53,337280151.8
04/11/2019 22:00,19199329.9,0,4039184.67,17.5,19199329.9,335988273.3
04/11/2019 23:00,18913862.36,0,4138310.193,17.5,18913862.36,330992591.2
05/11/2019 0:00,18494382.07,0,3523358.657,17.5,18494382.07,323651686.2
05/11/2019 1:00,18021759.6,0,3057117.06,17.5,18021759.6,315380792.9
05/11/2019 2:00,17497429.78,0,2618279.474,17.5,17497429.78,306205021.2
05/11/2019 3:00,16976692.66,0,2218487.874,17.5,16976692.66,297092121.5
05/11/2019 4:00,16402153.86,0,2238287.604,17.5,16402153.86,287037692.6
05/11/2019 5:00,15819212.72,0,2750037.217,17.5,15819212.72,276836222.6
05/11/2019 6:00,15274978,0,3448861.404,17.5,15274978,267312114.9
05/11/2019 7:00,14829853.28,4555435.658,3476509.712,17.5,14829853.28,259522432.3
05/11/2019 8:00,14451543.33,16032696.64,1620378.104,17.5,14451543.33,252902008.3
05/11/2019 9:00,14196001.69,25545951.23,854914.338,17.5,14196001.69,248430029.6
05/11/2019 10:00,13994849.28,31691801.99,145585.077,17.5,13994849.28,244909862.5
05/11/2019 11:00,13880237.29,33658336.81,934358.889,17.5,13880237.29,242904152.6
05/11/2019 12:00,14018597.25,34282208.52,1869173.579,17.5,14018597.25,245325451.9
05/11/2019 13:00,14472314.7,32166170.91,2163685.471,17.5,14472314.7,253265507.3
05/11/2019 14:00,14947469.02,26746029.44,2158247.377,17.5,14947469.02,261580707.8
05/11/2019 15:00,15374409.18,19000706.63,2342330.793,17.5,15374409.18,269052160.6
05/11/2019 16:00,15965086.39,8950784.423,3472323.249,17.5,15965086.39,279389011.8
05/11/2019 17:00,16648792.43,414574.816,7499534.096,17.5,16648792.43,291353867.5
05/11/2019 18:00,17265804.66,0,14514956.7,17.5,17265804.66,302151581.5
05/11/2019 19:00,17767283.84,0,20072361.48,17.5,17767283.84,310927467.1
05/11/2019 20:00,18121919.55,0,18357171.43,17.5,18121919.55,317133592
05/11/2019 21:00,18260823.43,0,13394573.03,17.5,18260823.43,319564410.1
05/11/2019 22:00,18107612.5,0,14863804.83,17.5,18107612.5,316883218.8
05/11/2019 23:00,17772584.85,0,20094779.04,17.5,17772584.85,311020234.9
06/11/2019 0:00,17328689.32,0,23036646.29,17.5,17328689.32,303252063.1
06/11/2019 1:00,16848360.38,0,24208404.37,17.5,16848360.38,294846306.6
06/11/2019 2:00,16334813.9,0,19089378.35,17.5,16334813.9,285859243.2
06/11/2019 3:00,15835167.36,0,11451120.49,17.5,15835167.36,277115428.8
06/11/2019 4:00,15303308.45,0,7353693.412,17.5,15303308.45,267807897.9
06/11/2019 5:00,14777295.75,0,6637139.992,17.5,14777295.75,258602675.5
06/11/2019 6:00,14294449.68,0,7579060.522,17.5,14294449.68,250152869.4
06/11/2019 7:00,13900197.05,4965139.636,7732491.068,17.5,13900197.05,243253448.3
06/11/2019 8:00,13566726.27,16970014.31,11222775.57,17.5,13566726.27,237417709.7
06/11/2019 9:00,13333750.59,26635879.24,9360606.27,17.5,13333750.59,233340635.3
06/11/2019 10:00,13146717.62,32994150.36,5087444.646,17.5,13146717.62,230067558.4
06/11/2019 11:00,13027187.3,35958139,4137784.58,17.5,13027187.3,227975777.7
06/11/2019 12:00,13091342.96,36508794.08,3375965.655,17.5,13091342.96,229098501.8
06/11/2019 13:00,13374720.58,34281903.15,2652824.539,17.5,13374720.58,234057610.1
06/11/2019 14:00,13663188.2,28185864.19,1777951.99,17.5,13663188.2,239105793.5
06/11/2019 15:00,13908684.07,20222172.37,1060766.651,17.5,13908684.07,243401971.2
06/11/2019 16:00,14255301.04,9767202.847,936129.892,17.5,14255301.04,249467768.2
06/11/2019 17:00,14651257.04,432926.585,3064871.636,17.5,14651257.04,256396998.1
06/11/2019 18:00,14990030.59,0,8311878.954,17.5,14990030.59,262325535.3
06/11/2019 19:00,15242734.8,0,14463096.56,17.5,15242734.8,266747859
06/11/2019 20:00,15393476.97,0,18553963,17.5,15393476.97,269385846.9
06/11/2019 21:00,15404295.12,0,21095801.12,17.5,15404295.12,269575164.5
06/11/2019 22:00,15235332,0,23753288.66,17.5,15235332,266618309.9
06/11/2019 23:00,14961454.87,0,27098686.3,17.5,14961454.87,261825460.2
07/11/2019 0:00,14630974.99,0,28753633.96,17.5,14630974.99,256042062.3
07/11/2019 1:00,14288950.13,0,28182197.49,17.5,14288950.13,250056627.2
07/11/2019 2:00,13938116.87,0,23742055.88,17.5,13938116.87,243917045.2
07/11/2019 3:00,13605656.61,0,18215265.19,17.5,13605656.61,238098990.7
07/11/2019 4:00,13265561.95,0,15897320.56,17.5,13265561.95,232147334.1
07/11/2019 5:00,12939164.98,0,16116625.53,17.5,12939164.98,226435387.1
07/11/2019 6:00,12645983.76,0,17679104.87,17.5,12645983.76,221304715.8
07/11/2019 7:00,12408492.07,3127054.734,16654567.3,17.5,12408492.07,217148611.2
07/11/2019 8:00,12209837.9,11852015.82,15686216.04,17.5,12209837.9,213672163.3
07/11/2019 9:00,12068507.71,20681546.79,18874315.2,17.5,12068507.71,211198885
07/11/2019 10:00,11954628.32,26724164.74,17841970.74,17.5,11954628.32,209205995.5
07/11/2019 11:00,11877650.71,29621091.45,15112874.68,17.5,11877650.71,207858887.4
07/11/2019 12:00,11892425.03,31953672.28,13848592.51,17.5,11892425.03,208117438.1
07/11/2019 13:00,12012145.65,30028269.14,16231009.44,17.5,12012145.65,210212548.9
07/11/2019 14:00,12131612.97,25362853.16,19354213.09,17.5,12131612.97,212303226.9
07/11/2019 15:00,12228834.91,18492678.37,22630450.77,17.5,12228834.91,214004610.9
07/11/2019 16:00,12371542.7,8504600.31,26019870.57,17.5,12371542.7,216501997.2
07/11/2019 17:00,12535256.39,348605.388,28743124.43,17.5,12535256.39,219366986.8
07/11/2019 18:00,12672081.55,0,30639071.94,17.5,12672081.55,221761427.2
07/11/2019 19:00,12770630.96,0,27600360.85,17.5,12770630.96,223486041.8
07/11/2019 20:00,12825436.35,0,23742225.87,17.5,12825436.35,224445136.1
07/11/2019 21:00,12821036.38,0,22008423.19,17.5,12821036.38,224368136.7
07/11/2019 22:00,12740876.28,0,23232857.59,17.5,12740876.28,222965334.9
07/11/2019 23:00,12618487.11,0,25823337.67,17.5,12618487.11,220823524.4
08/11/2019 0:00,12474872.89,0,27083127.97,17.5,12474872.89,218310275.5
08/11/2019 1:00,12329269.84,0,26231562.91,17.5,12329269.84,215762222.2
08/11/2019 2:00,12182055.88,0,22693168.16,17.5,12182055.88,213185977.9
08/11/2019 3:00,12044508.58,0,18404779.66,17.5,12044508.58,210778900.2
08/11/2019 4:00,11904028,0,14525506.96,17.5,11904028,208320490.1
08/11/2019 5:00,11769311.21,0,11423470.95,17.5,11769311.21,205962946.2
08/11/2019 6:00,11648682.13,0,9438780.019,17.5,11648682.13,203851937.3
08/11/2019 7:00,11552642.2,3835066.534,7532800.973,17.5,11552642.2,202171238.4
08/11/2019 8:00,11473559.28,15029554.97,3787481.197,17.5,11473559.28,200787287.3
08/11/2019 9:00,11421246.01,24765172.49,5001520.398,17.5,11421246.01,199871805.2
08/11/2019 10:00,11381814.41,31368577.71,8907200.715,17.5,11381814.41,199181752.2
08/11/2019 11:00,11361079.41,34724488.78,13550378.63,17.5,11361079.41,198818889.7
08/11/2019 12:00,11391183.1,35438234.72,18315364.26,17.5,11391183.1,199345704.3
08/11/2019 13:00,11485444.59,33283445.03,22328692.59,17.5,11485444.59,200995280.4
08/11/2019 14:00,11588372.19,27809507.95,24108711.27,17.5,11588372.19,202796513.4
08/11/2019 15:00,11687213.71,19699351.76,24483789.96,17.5,11687213.71,204526240
08/11/2019 16:00,11825951.08,9154895.262,24691881.2,17.5,11825951.08,206954143.9
08/11/2019 17:00,11993144.56,341415.981,25870846.36,17.5,11993144.56,209880029.8
08/11/2019 18:00,12157534.59,0,28324447.69,17.5,12157534.59,212756855.4
08/11/2019 19:00,12308846.94,0,27111808.84,17.5,12308846.94,215404821.5
08/11/2019 20:00,12439134.93,0,23583221.69,17.5,12439134.93,217684861.3
08/11/2019 21:00,12530082.9,0,19557472.4,17.5,12530082.9,219276450.8
08/11/2019 22:00,12558416.16,0,17164419.35,17.5,12558416.16,219772282.9
08/11/2019 23:00,12544267.59,0,17934628.99,17.5,12544267.59,219524682.8
09/11/2019 0:00,12500979.14,0,20939928.63,17.5,12500979.14,218767135
09/11/2019 1:00,12444111.08,0,24132245.85,17.5,12444111.08,217771943.8
09/11/2019 2:00,12372154.86,0,25386425.26,17.5,12372154.86,216512710.1
09/11/2019 3:00,12296775.64,0,24722678.8,17.5,12296775.64,215193573.6
09/11/2019 4:00,12202539.16,0,22694585.87,17.5,12202539.16,213544435.4
09/11/2019 5:00,12099181.59,0,19989923.25,17.5,12099181.59,211735677.8
09/11/2019 6:00,11998439.95,0,17017299.61,17.5,11998439.95,209972699.2
09/11/2019 7:00,11917720.64,4318381.634,12739378.51,17.5,11917720.64,208560111.1
09/11/2019 8:00,11849787.07,16262293.69,4990660.413,17.5,11849787.07,207371273.7
09/11/2019 9:00,11813328.71,26144374.56,4123280.334,17.5,11813328.71,206733252.4
09/11/2019 10:00,11790343.49,32652244.05,3862291.707,17.5,11790343.49,206331011.1
09/11/2019 11:00,11793108.68,36173788.73,3657808.224,17.5,11793108.68,206379401.9
09/11/2019 12:00,11882023.34,36757876.58,3280456.432,17.5,11882023.34,207935408.5
09/11/2019 13:00,12089826.8,34517216.28,3025558.007,17.5,12089826.8,211571969
09/11/2019 14:00,12321145.35,29313699.16,2878085.95,17.5,12321145.35,215620043.7
09/11/2019 15:00,12551027.81,21292854.16,2722606.333,17.5,12551027.81,219642986.7
09/11/2019 16:00,12864034.77,10627616.45,2445940.64,17.5,12864034.77,225120608.5
09/11/2019 17:00,13239878.46,408827.466,1975823.796,17.5,13239878.46,231697873.1
09/11/2019 18:00,13615037.42,0,1189658.033,17.5,13615037.42,238263154.8
09/11/2019 19:00,13965050.11,0,543813.774,17.5,13965050.11,244388376.9
09/11/2019 20:00,14269577.63,0,161735.266,17.5,14269577.63,249717608.5
09/11/2019 21:00,14486487.41,0,188609.476,17.5,14486487.41,253513529.6
09/11/2019 22:00,14563330.87,0,1211716.335,17.5,14563330.87,254858290.2
09/11/2019 23:00,14540760.19,0,5082404,17.5,14540760.19,254463303.3
10/11/2019 0:00,14447073.54,0,11098034.55,17.5,14447073.54,252823786.9
10/11/2019 1:00,14316256.42,0,15430311.4,17.5,14316256.42,250534487.4
10/11/2019 2:00,14146666.04,0,16223562.92,17.5,14146666.04,247566655.6
10/11/2019 3:00,13964602.23,0,15449907.86,17.5,13964602.23,244380539
10/11/2019 4:00,13739797.61,0,13760427.85,17.5,13739797.61,240446458.1
10/11/2019 5:00,13494805.85,0,11704274.05,17.5,13494805.85,236159102.3
10/11/2019 6:00,13255506.34,0,9639009.361,17.5,13255506.34,231971361
10/11/2019 7:00,13057648.05,4650009.089,8336524.479,17.5,13057648.05,228508840.9
10/11/2019 8:00,12886384.49,16822685.61,3666243.798,17.5,12886384.49,225511728.5
10/11/2019 9:00,12777104.96,26667311.6,802526.085,17.5,12777104.96,223599336.8
10/11/2019 10:00,12693160.16,32866752.54,232669.791,17.5,12693160.16,222130302.9
10/11/2019 11:00,12655923.59,35717797.67,201366.316,17.5,12655923.59,221478662.8
10/11/2019 12:00,12770679.14,36289651.91,172613.686,17.5,12770679.14,223486884.9
10/11/2019 13:00,13083141.53,33786292.68,146272.986,17.5,13083141.53,228954976.7
10/11/2019 14:00,13414127.79,26826150.86,197695.188,17.5,13414127.79,234747236.3
10/11/2019 15:00,13718158.94,18302378.19,361891.711,17.5,13718158.94,240067781.5
10/11/2019 16:00,14130036.46,7402047.42,905339.105,17.5,14130036.46,247275638.1
10/11/2019 17:00,14604743.84,161400.838,2350165.193,17.5,14604743.84,255583017.2
10/11/2019 18:00,15036554.91,0,2725890.959,17.5,15036554.91,263139711
10/11/2019 19:00,15391073.58,0,2067841.325,17.5,15391073.58,269343787.6
10/11/2019 20:00,15645825.43,0,1065247.463,17.5,15645825.43,273801945.1
10/11/2019 21:00,15753821.9,0,439113.162,17.5,15753821.9,275691883.3
10/11/2019 22:00,15663390.69,0,289282.186,17.5,15663390.69,274109337.1
10/11/2019 23:00,15448018.89,0,348628.752,17.5,15448018.89,270340330.6
11/11/2019 0:00,15157190.49,0,516005.204,17.5,15157190.49,265250833.6
11/11/2019 1:00,14840377.69,0,928980.136,17.5,14840377.69,259706609.6
11/11/2019 2:00,14500674.53,0,1447855.414,17.5,14500674.53,253761804.3
11/11/2019 3:00,14170418.89,0,1718914.519,17.5,14170418.89,247982330.6
11/11/2019 4:00,13819105.09,0,2022713.016,17.5,13819105.09,241834339
11/11/2019 5:00,13472463.63,0,2134603.755,17.5,13472463.63,235768113.5
11/11/2019 6:00,13155655.14,0,1645399.051,17.5,13155655.14,230223964.9
11/11/2019 7:00,12899561.04,1634131.109,893401.321,17.5,12899561.04,225742318.1
11/11/2019 8:00,12685573.93,7386978.671,291412.917,17.5,12685573.93,221997543.7
11/11/2019 9:00,12541502.23,14074908.93,8936.779,17.5,12541502.23,219476289
11/11/2019 10:00,12430674.99,18113614.75,9016.796,17.5,12430674.99,217536812.3
11/11/2019 11:00,12369183.6,18152977.76,74731.082,17.5,12369183.6,216460712.9
11/11/2019 12:00,12442867.4,16480557.32,219198.182,17.5,12442867.4,217750179.5
11/11/2019 13:00,12685898.67,15821983.7,616526.604,17.5,12685898.67,222003226.8
11/11/2019 14:00,12949897.04,11900830.78,1051537.375,17.5,12949897.04,226623198.3
11/11/2019 15:00,13201837.64,6331590.109,1344624.851,17.5,13201837.64,231032158.6
11/11/2019 16:00,13558451.87,2041866.346,2412173.236,17.5,13558451.87,237272907.7
11/11/2019 17:00,13990475.87,0,3717269.088,17.5,13990475.87,244833327.7
11/11/2019 18:00,14417450.36,0,4786058.86,17.5,14417450.36,252305381.3
11/11/2019 19:00,14812720.89,0,5446913.683,17.5,14812720.89,259222615.5
11/11/2019 20:00,15154734.06,0,4801374.28,17.5,15154734.06,265207846.1
11/11/2019 21:00,15394150.47,0,3063637.98,17.5,15394150.47,269397633.2
11/11/2019 22:00,15468317.46,0,1466346.077,17.5,15468317.46,270695555.5
11/11/2019 23:00,15428452.08,0,295763.309,17.5,15428452.08,269997911.3
12/11/2019 0:00,15308456.55,0,159909.714,17.5,15308456.55,267897989.6
12/11/2019 1:00,15148416.42,0,331348.87,17.5,15148416.42,265097287.4
12/11/2019 2:00,14944333.24,0,609896.513,17.5,14944333.24,261525831.6
12/11/2019 3:00,14726898.7,0,1483831.617,17.5,14726898.7,257720727.3
12/11/2019 4:00,14457087.81,0,1913281.982,17.5,14457087.81,252999036.7
12/11/2019 5:00,14161489.54,0,1662906.734,17.5,14161489.54,247826066.9
12/11/2019 6:00,13871392.94,0,1064599.089,17.5,13871392.94,242749376.5
12/11/2019 7:00,13631018.25,2628913.857,661775.277,17.5,13631018.25,238542819.3
12/11/2019 8:00,13421814.91,12613675.03,390028.598,17.5,13421814.91,234881761
12/11/2019 9:00,13288158.65,22200879.74,64772.849,17.5,13288158.65,232542776.3
12/11/2019 10:00,13184217.41,27793822.03,53776.536,17.5,13184217.41,230723804.7
12/11/2019 11:00,13136690.2,29219666.15,208020.486,17.5,13136690.2,229892078.5
12/11/2019 12:00,13277072.13,28446964.77,337099.343,17.5,13277072.13,232348762.3
12/11/2019 13:00,13660750.33,25251646.51,346876.854,17.5,13660750.33,239063130.7
12/11/2019 14:00,14060950.75,19298099.31,221698.083,17.5,14060950.75,246066638.1
12/11/2019 15:00,14418767.99,11911216.94,92278.543,17.5,14418767.99,252328439.9
12/11/2019 16:00,14897696.82,4627944.11,42498.155,17.5,14897696.82,260709694.4
12/11/2019 17:00,15436273.23,99924.132,19017.114,17.5,15436273.23,270134781.5
12/11/2019 18:00,15900589.23,0,9735.299,17.5,15900589.23,278260311.4
12/11/2019 19:00,16247761.8,0,9525.472,17.5,16247761.8,284335831.5
12/11/2019 20:00,16452268.09,0,50873.85,17.5,16452268.09,287914691.6
12/11/2019 21:00,16463814.18,0,248119.401,17.5,16463814.18,288116748.1
12/11/2019 22:00,16233405.16,0,546120.853,17.5,16233405.16,284084590.3
12/11/2019 23:00,15856770.83,0,757915.168,17.5,15856770.83,277493489.4
13/11/2019 0:00,15398629.64,0,787408.894,17.5,15398629.64,269476018.7
13/11/2019 1:00,14919191.07,0,682648.174,17.5,14919191.07,261085843.7
13/11/2019 2:00,14427161.5,0,406880.832,17.5,14427161.5,252475326.3
13/11/2019 3:00,13958847.11,0,289605.834,17.5,13958847.11,244279824.4
13/11/2019 4:00,13489205.64,0,535938.585,17.5,13489205.64,236061098.7
13/11/2019 5:00,13046543.32,0,1135684.916,17.5,13046543.32,228314508
13/11/2019 6:00,12653816.99,0,1371001.563,17.5,12653816.99,221441797.3
13/11/2019 7:00,12332513.44,1208935.784,3331120.15,17.5,12332513.44,215818985.2
13/11/2019 8:00,12062815.03,4887358.173,14939616.17,17.5,12062815.03,211099263.1
13/11/2019 9:00,11856919.26,6578680.306,25516629.91,17.5,11856919.26,207496087
13/11/2019 10:00,11683655.43,9618648.997,28179479.42,17.5,11683655.43,204463970.1
13/11/2019 11:00,11546197.13,11109464.56,23742003.04,17.5,11546197.13,202058449.7
13/11/2019 12:00,11472719.98,10318148.85,15132151.82,17.5,11472719.98,200772599.7
13/11/2019 13:00,11450399.78,8845835.143,9478201.341,17.5,11450399.78,200381996.2
13/11/2019 14:00,11404596.25,7523726.043,6604450.058,17.5,11404596.25,199580434.4
13/11/2019 15:00,11326628.96,5431641.526,4516248.966,17.5,11326628.96,198216006.8
13/11/2019 16:00,11242828.13,1893219.913,4434393.132,17.5,11242828.13,196749492.2
13/11/2019 17:00,11137152.11,0,6116829.414,17.5,11137152.11,194900162
13/11/2019 18:00,10999598.8,0,7194633.235,17.5,10999598.8,192492979
13/11/2019 19:00,10837836.9,0,6997504.828,17.5,10837836.9,189662145.7
13/11/2019 20:00,10760303.14,0,6224923.618,17.5,10760303.14,188305305
13/11/2019 21:00,10760318.96,0,6140306.086,17.5,10760318.96,188305581.8
13/11/2019 22:00,10760347.26,0,8448186.246,17.5,10760347.26,188306077
13/11/2019 23:00,10760353.36,0,13057657.53,17.5,10760353.36,188306183.8
14/11/2019 0:00,10760335.92,0,17055516.21,17.5,10760335.92,188305878.6
14/11/2019 1:00,10760323.87,0,18500667.38,17.5,10760323.87,188305667.7
14/11/2019 2:00,10760329.53,0,16500536.29,17.5,10760329.53,188305766.7
14/11/2019 3:00,10760336.09,0,11852846.51,17.5,10760336.09,188305881.6
14/11/2019 4:00,10760335.73,0,7170022.63,17.5,10760335.73,188305875.3
14/11/2019 5:00,10760344.73,0,3683770.156,17.5,10760344.73,188306032.8
14/11/2019 6:00,10760350.45,0,1942245.131,17.5,10760350.45,188306132.9
14/11/2019 7:00,10760351.84,314015.657,1139723.443,17.5,10760351.84,188306157.3
14/11/2019 8:00,10760350.26,2430698.838,909018.187,17.5,10760350.26,188306129.6
14/11/2019 9:00,10760350.54,7654456.2,1530432.809,17.5,10760350.54,188306134.5
14/11/2019 10:00,10760357.78,13435990.11,3338112.991,17.5,10760357.78,188306261.2
14/11/2019 11:00,10760372.75,16532053.47,3702986.274,17.5,10760372.75,188306523.1
14/11/2019 12:00,10760382.04,10529710.21,2662518.037,17.5,10760382.04,188306685.6
14/11/2019 13:00,10760383.19,8550129.573,3747566.287,17.5,10760383.19,188306705.8
14/11/2019 14:00,10760375.24,6921395.457,1362911.712,17.5,10760375.24,188306566.6
14/11/2019 15:00,10760361.27,2926834.723,3985719.694,17.5,10760361.27,188306322.2
14/11/2019 16:00,10760347.68,838086.76,15020026.99,17.5,10760347.68,188306084.4
14/11/2019 17:00,10760334.08,0,13400218.07,17.5,10760334.08,188305846.5
14/11/2019 18:00,10760319.64,0,4801375.174,17.5,10760319.64,188305593.8
14/11/2019 19:00,10760309.18,0,1952270.073,17.5,10760309.18,188305410.6
14/11/2019 20:00,10760307.85,0,1849761.752,17.5,10760307.85,188305387.3
14/11/2019 21:00,10760322.3,0,1134106.962,17.5,10760322.3,188305640.2
14/11/2019 22:00,10760349.21,0,1848072.27,17.5,10760349.21,188306111.2
14/11/2019 23:00,10760353.72,0,493888.806,17.5,10760353.72,188306190.1
15/11/2019 0:00,10760334.79,0,272932.167,17.5,10760334.79,188305858.8
15/11/2019 1:00,10760321.42,0,1494140.205,17.5,10760321.42,188305624.9
15/11/2019 2:00,10760325.74,0,2727422.87,17.5,10760325.74,188305700.4
15/11/2019 3:00,10760330.97,0,1824354.006,17.5,10760330.97,188305791.9
15/11/2019 4:00,10760329.43,0,1777173.864,17.5,10760329.43,188305765.1
15/11/2019 5:00,10760337.13,0,1920773.851,17.5,10760337.13,188305899.8
15/11/2019 6:00,10812285.21,0,1987698.829,17.5,10812285.21,189214991.2
15/11/2019 7:00,10858956.66,1301209.86,848894.601,17.5,10858956.66,190031741.5
15/11/2019 8:00,10896763.07,7798477.531,5656.387,17.5,10896763.07,190693353.6
15/11/2019 9:00,10930846.72,16502399.14,9439.353,17.5,10930846.72,191289817.5
15/11/2019 10:00,10961478.47,27350674.72,55021.21,17.5,10961478.47,191825873.2
15/11/2019 11:00,10992995.3,29331214.4,113656.866,17.5,10992995.3,192377417.8
15/11/2019 12:00,11042905.13,28168216.18,115647.556,17.5,11042905.13,193250839.7
15/11/2019 13:00,11126256.69,22944265.98,197918.626,17.5,11126256.69,194709492.1
15/11/2019 14:00,11221234.55,15732639.7,1054211.445,17.5,11221234.55,196371604.5
15/11/2019 15:00,11319325.82,11044918.15,203765.982,17.5,11319325.82,198088201.8
15/11/2019 16:00,11445978.5,946396.063,142608.726,17.5,11445978.5,200304623.8
15/11/2019 17:00,11595072.91,0,1308751.596,17.5,11595072.91,202913775.9
15/11/2019 18:00,11743757.92,0,2190710.429,17.5,11743757.92,205515763.7
15/11/2019 19:00,11881434.51,0,3490032.113,17.5,11881434.51,207925103.9
15/11/2019 20:00,11999304.97,0,1789823.455,17.5,11999304.97,209987837
15/11/2019 21:00,12081438.14,0,219137.94,17.5,12081438.14,211425167.4
15/11/2019 22:00,12108947.95,0,562519.519,17.5,12108947.95,211906589
15/11/2019 23:00,12096904.93,0,3866370.019,17.5,12096904.93,211695836.2
16/11/2019 0:00,12056591.37,0,7177020.864,17.5,12056591.37,210990349
16/11/2019 1:00,12001350,0,8179995.207,17.5,12001350,210023624.9
16/11/2019 2:00,11931843.18,0,6571820.216,17.5,11931843.18,208807255.6
16/11/2019 3:00,11858226.9,0,3883390.726,17.5,11858226.9,207518970.8
16/11/2019 4:00,11770982.8,0,2088422.715,17.5,11770982.8,205992199.1
16/11/2019 5:00,11678602.39,0,998172.637,17.5,11678602.39,204375541.8
16/11/2019 6:00,11590186.42,0,311547.621,17.5,11590186.42,202828262.3
16/11/2019 7:00,11517619.96,2937353.651,80596.723,17.5,11517619.96,201558349.2
16/11/2019 8:00,11455751.33,13738074.74,95442.611,17.5,11455751.33,200475648.2
16/11/2019 9:00,11415891.78,23534480.32,380573.921,17.5,11415891.78,199778106.1
16/11/2019 10:00,11385842.91,30112938.78,1997965.062,17.5,11385842.91,199252250.9
16/11/2019 11:00,11372435.74,31932131.02,2787744.397,17.5,11372435.74,199017625.5
16/11/2019 12:00,11409685.31,31837275.27,2200365.208,17.5,11409685.31,199669493
16/11/2019 13:00,11512970.53,28503524.15,1356758.199,17.5,11512970.53,201476984.3
16/11/2019 14:00,11625652.76,22538555.1,446955.864,17.5,11625652.76,203448923.2
16/11/2019 15:00,11734274.05,14794383.54,57269.946,17.5,11734274.05,205349795.9
16/11/2019 16:00,11885063.76,5836241.564,1439.465,17.5,11885063.76,207988615.8
16/11/2019 17:00,12066376.43,80905.654,36812.078,17.5,12066376.43,211161587.5
16/11/2019 18:00,12245247.34,0,307717.567,17.5,12245247.34,214291828.4
16/11/2019 19:00,12410397.72,0,1082766.264,17.5,12410397.72,217181960
16/11/2019 20:00,12552875.55,0,1565186.655,17.5,12552875.55,219675322.2
16/11/2019 21:00,12652629.64,0,1706191.149,17.5,12652629.64,221421018.7
16/11/2019 22:00,12684334.41,0,2428649.976,17.5,12684334.41,221975852.1
16/11/2019 23:00,12669289.85,0,4064798.538,17.5,12669289.85,221712572.3
17/11/2019 0:00,12621778.47,0,6343786.983,17.5,12621778.47,220881123.1
17/11/2019 1:00,12558567.75,0,8036525.522,17.5,12558567.75,219774935.7
17/11/2019 2:00,12478252.44,0,9914778.613,17.5,12478252.44,218369417.6
17/11/2019 3:00,12393509.01,0,11699398.01,17.5,12393509.01,216886407.6
17/11/2019 4:00,12288209.77,0,11734950.85,17.5,12288209.77,215043671
17/11/2019 5:00,12173054.25,0,11302431.13,17.5,12173054.25,213028449.4
17/11/2019 6:00,12060728.2,0,10207677.88,17.5,12060728.2,211062743.5
17/11/2019 7:00,11969604.52,2637562.387,7560820.287,17.5,11969604.52,209468079.1
17/11/2019 8:00,11892021.04,13247928.03,2807875.079,17.5,11892021.04,208110368.3
17/11/2019 9:00,11847178.64,23251202.72,1504212.205,17.5,11847178.64,207325626.1
17/11/2019 10:00,11816093.03,30085880.04,1764728.735,17.5,11816093.03,206781627.9
17/11/2019 11:00,11811032.02,34613735.27,2124182.324,17.5,11811032.02,206693060.3
17/11/2019 12:00,11892383.17,35287905.19,2632982.507,17.5,11892383.17,208116705.5
17/11/2019 13:00,12090712.97,33122347.71,2721069.85,17.5,12090712.97,211587477
17/11/2019 14:00,12308146.54,27294824.64,1896846.636,17.5,12308146.54,215392564.5
17/11/2019 15:00,12519279.35,19296862.51,1145565.232,17.5,12519279.35,219087388.7
17/11/2019 16:00,12806145.57,8656624.721,443552.796,17.5,12806145.57,224107547.5
17/11/2019 17:00,13146460.9,142805.928,356863.693,17.5,13146460.9,230063065.7
17/11/2019 18:00,13477560.86,0,301676.704,17.5,13477560.86,235857315.1
17/11/2019 19:00,13776553.51,0,241272.876,17.5,13776553.51,241089686.4
17/11/2019 20:00,14025667.19,0,666834.105,17.5,14025667.19,245449175.8
17/11/2019 21:00,14188062.5,0,2224533.133,17.5,14188062.5,248291093.7
17/11/2019 22:00,14219287.72,0,6003929.758,17.5,14219287.72,248837535.2
17/11/2019 23:00,14160645.93,0,10138348.73,17.5,14160645.93,247811303.7
18/11/2019 0:00,14040571.74,0,11455824.81,17.5,14040571.74,245710005.5
18/11/2019 1:00,13891175.5,0,11851200.47,17.5,13891175.5,243095571.3
18/11/2019 2:00,13712063.84,0,11397827.37,17.5,13712063.84,239961117.2
18/11/2019 3:00,13526855.76,0,10638141.43,17.5,13526855.76,236719975.8
18/11/2019 4:00,13309786.18,0,10970005.28,17.5,13309786.18,232921258.1
18/11/2019 5:00,13080693.46,0,11970233.52,17.5,13080693.46,228912135.6
18/11/2019 6:00,12861433.31,0,13524411.19,17.5,12861433.31,225075082.9
18/11/2019 7:00,12681401.06,2914733.846,15084908.16,17.5,12681401.06,221924518.6
18/11/2019 8:00,12527206.86,14544614.81,8773049.538,17.5,12527206.86,219226120.1
18/11/2019 9:00,12427396.27,25430398.46,3280188.419,17.5,12427396.27,217479434.7
18/11/2019 10:00,12350811.03,32172999.07,855120.951,17.5,12350811.03,216139193
18/11/2019 11:00,12314565.12,35336909.46,42524.156,17.5,12314565.12,215504889.6
18/11/2019 12:00,12404323.21,35729229.13,13005.1,17.5,12404323.21,217075656.2
18/11/2019 13:00,12656796.3,33452683.55,15787.088,17.5,12656796.3,221493935.3
18/11/2019 14:00,12925911.59,27809865.15,12251.777,17.5,12925911.59,226203452.9
18/11/2019 15:00,13175563.67,19650662.31,27406.318,17.5,13175563.67,230572364.2
18/11/2019 16:00,13517071.32,9073908.16,39293.656,17.5,13517071.32,236548748.1
18/11/2019 17:00,13915539,139580.817,66749.024,17.5,13915539,243521932.6
18/11/2019 18:00,14286097.05,0,100820.962,17.5,14286097.05,250006698.4
18/11/2019 19:00,14600870.29,0,296207.8,17.5,14600870.29,255515230.1
18/11/2019 20:00,14840597.21,0,1050428.929,17.5,14840597.21,259710451.2
18/11/2019 21:00,14964215.37,0,2795694.526,17.5,14964215.37,261873768.9
18/11/2019 22:00,14924672.57,0,5056799.812,17.5,14924672.57,261181770
18/11/2019 23:00,14779837.31,0,7120792.533,17.5,14779837.31,258647153
19/11/2019 0:00,14568611.18,0,7372006.062,17.5,14568611.18,254950695.7
19/11/2019 1:00,14331355.91,0,5493815.557,17.5,14331355.91,250798728.4
19/11/2019 2:00,14069181.09,0,2231219.536,17.5,14069181.09,246210669.1
19/11/2019 3:00,13809540.35,0,531244.36,17.5,13809540.35,241666956.1
19/11/2019 4:00,13524470.43,0,246935.877,17.5,13524470.43,236678232.5
19/11/2019 5:00,13236381.6,0,781161.203,17.5,13236381.6,231636678
19/11/2019 6:00,12968329.09,0,1802695.342,17.5,12968329.09,226945759
19/11/2019 7:00,12749744.37,3126360.748,2716186.452,17.5,12749744.37,223120526.4
19/11/2019 8:00,12564707.19,13905502.06,2038154.433,17.5,12564707.19,219882375.8
19/11/2019 9:00,12440486.22,23943206.44,766343.655,17.5,12440486.22,217708508.8
19/11/2019 10:00,12343642.1,31240581.48,95448.056,17.5,12343642.1,216013736.7
19/11/2019 11:00,12289976.79,33297339.94,933568.692,17.5,12289976.79,215074593.9
19/11/2019 12:00,12361495.7,33922327.52,3090942.413,17.5,12361495.7,216326174.8
19/11/2019 13:00,12590115.15,32094705.58,2583360.217,17.5,12590115.15,220327015.1
19/11/2019 14:00,12832561.29,24565349.5,1482812.815,17.5,12832561.29,224569822.6
19/11/2019 15:00,13055180.49,16031367.74,1030344.805,17.5,13055180.49,228465658.5
19/11/2019 16:00,13364564.22,5980995.835,941682.837,17.5,13364564.22,233879873.8
19/11/2019 17:00,13727849.26,54528.777,954593.74,17.5,13727849.26,240237362.1
19/11/2019 18:00,14066350.38,0,1799119.273,17.5,14066350.38,246161131.6
19/11/2019 19:00,14354978.46,0,3467851.718,17.5,14354978.46,251212123.1
19/11/2019 20:00,14576150.96,0,4757442.265,17.5,14576150.96,255082641.7
19/11/2019 21:00,14691369.66,0,5303554.708,17.5,14691369.66,257098969
19/11/2019 22:00,14655980.29,0,4182753.102,17.5,14655980.29,256479655
19/11/2019 23:00,14523051.97,0,2756459.829,17.5,14523051.97,254153409.5
20/11/2019 0:00,14327892.35,0,1621064.434,17.5,14327892.35,250738116.2
20/11/2019 1:00,14107395.9,0,787827.126,17.5,14107395.9,246879428.3
20/11/2019 2:00,13861960.39,0,197035.376,17.5,13861960.39,242584306.7
20/11/2019 3:00,13616931.99,0,160768.028,17.5,13616931.99,238296309.8
20/11/2019 4:00,13345996.45,0,541280.83,17.5,13345996.45,233554937.9
20/11/2019 5:00,13070330.92,0,1038485.829,17.5,13070330.92,228730791
20/11/2019 6:00,12811800.03,0,1235818.474,17.5,12811800.03,224206500.5
20/11/2019 7:00,12597956.53,2045540.979,1256458.234,17.5,12597956.53,220464239.3
20/11/2019 8:00,12413990.75,11793243.86,621014.462,17.5,12413990.75,217244838.1
20/11/2019 9:00,12284515.4,22807578.09,196007.957,17.5,12284515.4,214979019.6
20/11/2019 10:00,12178248.3,29481548.17,1945157.489,17.5,12178248.3,213119345.2
20/11/2019 11:00,12108458.61,31090216.75,2967064.955,17.5,12108458.61,211898025.6
20/11/2019 12:00,12144215.25,31507307.04,1893332.275,17.5,12144215.25,212523766.9
20/11/2019 13:00,12305010.5,29179654.8,1134395.481,17.5,12305010.5,215337683.7
20/11/2019 14:00,12461128.05,21936374.21,761898.334,17.5,12461128.05,218069740.9
20/11/2019 15:00,12581933.16,13409750.78,642038.964,17.5,12581933.16,220183830.2
20/11/2019 16:00,12747438.86,4950649.845,1000077.12,17.5,12747438.86,223080180.1
20/11/2019 17:00,12921595.04,24832.079,2261513.052,17.5,12921595.04,226127913.2
20/11/2019 18:00,13039907.81,0,4432708.676,17.5,13039907.81,228198386.7
20/11/2019 19:00,13086053.13,0,7563785.859,17.5,13086053.13,229005929.7
20/11/2019 20:00,13054134.77,0,11672679.89,17.5,13054134.77,228447358.5
20/11/2019 21:00,12931451.93,0,14721283.7,17.5,12931451.93,226300408.8
20/11/2019 22:00,12711505.44,0,15785044.87,17.5,12711505.44,222451345.3
20/11/2019 23:00,12442675.66,0,14993929.13,17.5,12442675.66,217746824
21/11/2019 0:00,12156380.66,0,15231039.01,17.5,12156380.66,212736661.6
21/11/2019 1:00,11877305.88,0,16227318.71,17.5,11877305.88,207852852.9
21/11/2019 2:00,11611707.23,0,14379830.27,17.5,11611707.23,203204876.6
21/11/2019 3:00,11371005.95,0,8829691.164,17.5,11371005.95,198992604.2
21/11/2019 4:00,11152443.08,0,3760353.529,17.5,11152443.08,195167753.9
21/11/2019 5:00,10963945.59,0,1792187.542,17.5,10963945.59,191869047.9
21/11/2019 6:00,10808003.96,0,984372.432,17.5,10808003.96,189140069.4
21/11/2019 7:00,10760344.52,777592.393,422575.979,17.5,10760344.52,188306029
21/11/2019 8:00,10760344.49,2973985.374,366701.714,17.5,10760344.49,188306028.5
21/11/2019 9:00,10760346.34,6424430.717,146227.314,17.5,10760346.34,188306061
21/11/2019 10:00,10760355.17,7552617.087,377519.178,17.5,10760355.17,188306215.5
21/11/2019 11:00,10760371.83,7736102.009,1009115.244,17.5,10760371.83,188306507
21/11/2019 12:00,10760382.98,7557413.786,1640534.664,17.5,10760382.98,188306702.2
21/11/2019 13:00,10760386.07,7761456.228,2589215.294,17.5,10760386.07,188306756.2
21/11/2019 14:00,10760379.97,7013686.098,3887519.976,17.5,10760379.97,188306649.5
21/11/2019 15:00,10760367.7,5990565.532,5530441.78,17.5,10760367.7,188306434.7
21/11/2019 16:00,10760355.67,2304380.925,8417473.002,17.5,10760355.67,188306224.2
21/11/2019 17:00,10760343.49,0,14116631.79,17.5,10760343.49,188306011.1
21/11/2019 18:00,10760330.3,0,19862978.13,17.5,10760330.3,188305780.2
21/11/2019 19:00,10760321.07,0,22882165.18,17.5,10760321.07,188305618.7
21/11/2019 20:00,10760321.25,0,24728830.94,17.5,10760321.25,188305621.9
21/11/2019 21:00,10760337.94,0,24543971.51,17.5,10760337.94,188305914
21/11/2019 22:00,10760367.87,0,22291121.64,17.5,10760367.87,188306437.8
21/11/2019 23:00,10760374.33,0,19597089.58,17.5,10760374.33,188306550.8
22/11/2019 0:00,10760355.88,0,18349554.77,17.5,10760355.88,188306227.9
22/11/2019 1:00,10760343.16,0,18383657.75,17.5,10760343.16,188306005.3
22/11/2019 2:00,10760349.21,0,21229822.69,17.5,10760349.21,188306111.2
22/11/2019 3:00,10760356.24,0,22172761.89,17.5,10760356.24,188306234.3
22/11/2019 4:00,10760355.95,0,17164345.75,17.5,10760355.95,188306229.2
22/11/2019 5:00,10760365.59,0,11357449.78,17.5,10760365.59,188306397.9
22/11/2019 6:00,10760371.77,0,8395157.953,17.5,10760371.77,188306506
22/11/2019 7:00,10760373.36,369043.983,6749825.142,17.5,10760373.36,188306533.8
22/11/2019 8:00,10760371.8,2444997.609,4727445.863,17.5,10760371.8,188306506.4
22/11/2019 9:00,10760372.2,4502612.8,4425459.011,17.5,10760372.2,188306513.4
22/11/2019 10:00,10760379.98,7431309.306,5002365.43,17.5,10760379.98,188306649.7
22/11/2019 11:00,10760395.96,11623246.87,3256761.148,17.5,10760395.96,188306929.4
22/11/2019 12:00,10760405.91,9918079.555,1684107.798,17.5,10760405.91,188307103.4
22/11/2019 13:00,10760407.19,6199398.875,2663638.361,17.5,10760407.19,188307125.8
22/11/2019 14:00,10760398.78,4402718.697,3828959.468,17.5,10760398.78,188306978.6
22/11/2019 15:00,10760383.94,2704414.665,3970955.628,17.5,10760383.94,188306719
22/11/2019 16:00,10760369.49,1172824.889,3918029.905,17.5,10760369.49,188306466
22/11/2019 17:00,10760354.99,0,4318758.384,17.5,10760354.99,188306212.3
22/11/2019 18:00,10760339.56,0,5774023.424,17.5,10760339.56,188305942.4
22/11/2019 19:00,10760328.34,0,5656390.226,17.5,10760328.34,188305745.9
22/11/2019 20:00,10760326.78,0,3801905.993,17.5,10760326.78,188305718.7
22/11/2019 21:00,10760341.94,0,1703194.692,17.5,10760341.94,188305984
22/11/2019 22:00,10760370.27,0,615533.469,17.5,10760370.27,188306479.7
22/11/2019 23:00,10760374.8,0,830519.252,17.5,10760374.8,188306558.9
23/11/2019 0:00,10760354.48,0,2350988.807,17.5,10760354.48,188306203.3
23/11/2019 1:00,10760340.06,0,5172636.438,17.5,10760340.06,188305951
23/11/2019 2:00,10760344.32,0,8996831.537,17.5,10760344.32,188306025.6
23/11/2019 3:00,10760349.53,0,12243802.42,17.5,10760349.53,188306116.7
23/11/2019 4:00,10760347.57,0,14930214.75,17.5,10760347.57,188306082.5
23/11/2019 5:00,10760355.33,0,16290862.34,17.5,10760355.33,188306218.2
23/11/2019 6:00,10760359.71,0,16330616.02,17.5,10760359.71,188306294.9
23/11/2019 7:00,10760359.69,1711757.435,15060055.84,17.5,10760359.69,188306294.6
23/11/2019 8:00,10760356.72,10638432.79,7674076.986,17.5,10760356.72,188306242.6
23/11/2019 9:00,10760355.72,20809136.15,7531648.534,17.5,10760355.72,188306225.1
23/11/2019 10:00,10760361.84,28103470.96,5341109.006,17.5,10760361.84,188306332.3
23/11/2019 11:00,10760375.8,34255559.52,3721235.598,17.5,10760375.8,188306576.4
23/11/2019 12:00,10760384.05,34935099.23,2806798.742,17.5,10760384.05,188306720.8
23/11/2019 13:00,10760384.19,32707640.65,2029378.232,17.5,10760384.19,188306723.3
23/11/2019 14:00,10760375.33,26992927.8,1132722.541,17.5,10760375.33,188306568.2
23/11/2019 15:00,10760360.6,18874717.95,533069.944,17.5,10760360.6,188306310.6
23/11/2019 16:00,10760346.42,8211309.578,530793.495,17.5,10760346.42,188306062.4
23/11/2019 17:00,10760332.38,51728.587,1281438.682,17.5,10760332.38,188305816.6
23/11/2019 18:00,10760317.64,0,1908241.075,17.5,10760317.64,188305558.7
23/11/2019 19:00,10760306.98,0,1973862.095,17.5,10760306.98,188305372.1
23/11/2019 20:00,10760305.48,0,2635150.326,17.5,10760305.48,188305345.9
23/11/2019 21:00,10760319.72,0,3612314.551,17.5,10760319.72,188305595
23/11/2019 22:00,10760346.39,0,4888143.095,17.5,10760346.39,188306061.8
23/11/2019 23:00,10760350.91,0,7003562.603,17.5,10760350.91,188306141
24/11/2019 0:00,10760332.24,0,10633932.47,17.5,10760332.24,188305814.3
24/11/2019 1:00,10760319.15,0,14045127.41,17.5,10760319.15,188305585.1
24/11/2019 2:00,10760323.65,0,16292935.92,17.5,10760323.65,188305663.9
24/11/2019 3:00,10804805.42,0,17015855.99,17.5,10804805.42,189084094.8
24/11/2019 4:00,10839537.82,0,16654348.17,17.5,10839537.82,189691911.9
24/11/2019 5:00,10864254.99,0,15548207.14,17.5,10864254.99,190124462.3
24/11/2019 6:00,10880998.38,0,14582413.63,17.5,10880998.38,190417471.7
24/11/2019 7:00,10893235.06,3367661.339,13627453.42,17.5,10893235.06,190631613.6
24/11/2019 8:00,10902071.33,15227155.23,6805547.213,17.5,10902071.33,190786248.2
24/11/2019 9:00,10911561.38,25367918.53,978127.316,17.5,10911561.38,190952324.2
24/11/2019 10:00,10920705.04,31843195.27,1035516.371,17.5,10920705.04,191112338.2
24/11/2019 11:00,10932427.86,35011838.94,1613675.757,17.5,10932427.86,191317487.6
24/11/2019 12:00,10958498,35622905.3,1289666.79,17.5,10958498,191773715
24/11/2019 13:00,11007660.96,33352692.91,706566.712,17.5,11007660.96,192634066.7
24/11/2019 14:00,11064603.1,28095541.87,219429.734,17.5,11064603.1,193630554.3
24/11/2019 15:00,11124906.01,19848824.78,57646.382,17.5,11124906.01,194685855.2
24/11/2019 16:00,11206632.02,8944968.884,94344.359,17.5,11206632.02,196116060.3
24/11/2019 17:00,11307719.63,55694.616,530974.848,17.5,11307719.63,197885093.5
24/11/2019 18:00,11415519.32,0,1803392.179,17.5,11415519.32,199771588.1
24/11/2019 19:00,11524001.48,0,3204500.736,17.5,11524001.48,201670025.8
24/11/2019 20:00,11627055.96,0,3416134.543,17.5,11627055.96,203473479.3
24/11/2019 21:00,11712229.61,0,2377493.794,17.5,11712229.61,204964018.2
24/11/2019 22:00,11762974.02,0,1077292.065,17.5,11762974.02,205852045.4
24/11/2019 23:00,11786499.14,0,340018.764,17.5,11786499.14,206263735
25/11/2019 0:00,11788155.87,0,203609.577,17.5,11788155.87,206292727.7
25/11/2019 1:00,11776035.56,0,277793.486,17.5,11776035.56,206080622.3
25/11/2019 2:00,11748944,0,775702.576,17.5,11748944,205606519.9
25/11/2019 3:00,11714105.77,0,2040179.93,17.5,11714105.77,204996851
25/11/2019 4:00,11662355.76,0,4206807.075,17.5,11662355.76,204091225.8
25/11/2019 5:00,11600308.55,0,6636485.504,17.5,11600308.55,203005399.6
25/11/2019 6:00,11536137.91,0,8126863.755,17.5,11536137.91,201882413.4
25/11/2019 7:00,11481553.59,2970748.519,8442594.129,17.5,11481553.59,200927187.9
25/11/2019 8:00,11432597.48,14447354.03,4783111.215,17.5,11432597.48,200070455.8
25/11/2019 9:00,11401013.95,24604163.13,1370326.176,17.5,11401013.95,199517744.1
25/11/2019 10:00,11375596.83,31114796.48,228231.045,17.5,11375596.83,199072944.4
25/11/2019 11:00,11363323.33,33976357.72,114143.149,17.5,11363323.33,198858158.3
25/11/2019 12:00,11397526.62,34620242.28,179165.279,17.5,11397526.62,199456715.9
25/11/2019 13:00,11491629.66,32395599.91,259573.269,17.5,11491629.66,201103519
25/11/2019 14:00,11587431.7,27037544.47,194166.409,17.5,11587431.7,202780054.8
25/11/2019 15:00,11669516.56,18935395.82,92159.423,17.5,11669516.56,204216539.9
25/11/2019 16:00,11777624.42,8232122.794,113923.069,17.5,11777624.42,206108427.3
25/11/2019 17:00,11894794.85,32894.988,285219.411,17.5,11894794.85,208158909.8
25/11/2019 18:00,11987122.49,0,686286.107,17.5,11987122.49,209774643.5
25/11/2019 19:00,12044293.07,0,1253337.544,17.5,12044293.07,210775128.8
25/11/2019 20:00,12061139.95,0,1261957.911,17.5,12061139.95,211069949.2
25/11/2019 21:00,12028024.75,0,840908.204,17.5,12028024.75,210490433.1
25/11/2019 22:00,11937593.32,0,380290.436,17.5,11937593.32,208907883.1
25/11/2019 23:00,11814971.54,0,124171.325,17.5,11814971.54,206762002
26/11/2019 0:00,11677093.65,0,68696.503,17.5,11677093.65,204349138.9
26/11/2019 1:00,11538422.4,0,139636.019,17.5,11538422.4,201922392.1
26/11/2019 2:00,11402288.15,0,414195.182,17.5,11402288.15,199540042.6
26/11/2019 3:00,11276371.78,0,960747.502,17.5,11276371.78,197336506.1
26/11/2019 4:00,11157594.1,0,1620804.017,17.5,11157594.1,195257896.7
26/11/2019 5:00,11051574.9,0,1742766.209,17.5,11051574.9,193402560.8
26/11/2019 6:00,10961515.44,0,1125842.391,17.5,10961515.44,191826520.2
26/11/2019 7:00,10888391.87,1391968.253,551678.054,17.5,10888391.87,190546857.7
26/11/2019 8:00,10828132.07,6173548.676,240213.346,17.5,10828132.07,189492311.2
26/11/2019 9:00,10778693.31,11664650.35,58286.946,17.5,10778693.31,188627133
26/11/2019 10:00,10760349.24,17058102.18,6508.734,17.5,10760349.24,188306111.7
26/11/2019 11:00,10760364.61,19607167.54,254.989,17.5,10760364.61,188306380.6
26/11/2019 12:00,10760374.51,21270478.84,50,17.5,10760374.51,188306554
26/11/2019 13:00,10760376.5,20125685.66,150,17.5,10760376.5,188306588.7
26/11/2019 14:00,10760369.55,15043273.96,2240.505,17.5,10760369.55,188306467
26/11/2019 15:00,10760356.64,10397481.89,30676.93,17.5,10760356.64,188306241.1
26/11/2019 16:00,10760344.05,4707492.744,304254.88,17.5,10760344.05,188306020.8
26/11/2019 17:00,10760331.38,0,1462707.475,17.5,10760331.38,188305799.2
26/11/2019 18:00,10760317.81,0,3352672.107,17.5,10760317.81,188305561.7
26/11/2019 19:00,10760308.13,0,4719458.287,17.5,10760308.13,188305392.2
26/11/2019 20:00,10760307.51,0,4198668.675,17.5,10760307.51,188305381.5
26/11/2019 21:00,10760322.68,0,3041293.784,17.5,10760322.68,188305647
26/11/2019 22:00,10760350.42,0,2413600.135,17.5,10760350.42,188306132.4
26/11/2019 23:00,10760355.74,0,2538927.144,17.5,10760355.74,188306225.4
27/11/2019 0:00,10760337.43,0,2692113.465,17.5,10760337.43,188305905.1
27/11/2019 1:00,10760324.66,0,2489678.711,17.5,10760324.66,188305681.6
27/11/2019 2:00,10760329.72,0,1846512.87,17.5,10760329.72,188305770
27/11/2019 3:00,10760335.71,0,1059302.202,17.5,10760335.71,188305874.9
27/11/2019 4:00,10760334.83,0,569052.378,17.5,10760334.83,188305859.6
27/11/2019 5:00,10760343.34,0,521255.141,17.5,10760343.34,188306008.4
27/11/2019 6:00,10760348.61,0,1040919.7,17.5,10760348.61,188306100.7
27/11/2019 7:00,10760349.64,1556246.607,2786090.046,17.5,10760349.64,188306118.7
27/11/2019 8:00,10760347.78,10167569.23,3875617.319,17.5,10760347.78,188306086.1
27/11/2019 9:00,10760347.82,19907303,1967946.964,17.5,10760347.82,188306086.8
27/11/2019 10:00,10760354.83,26858307.81,177839.314,17.5,10760354.83,188306209.4
27/11/2019 11:00,10760369.55,28812343.86,24675.287,17.5,10760369.55,188306467.2
27/11/2019 12:00,10760378.72,29408808.77,33328.862,17.5,10760378.72,188306627.5
27/11/2019 13:00,10760379.88,27072914.68,41032.109,17.5,10760379.88,188306647.9
27/11/2019 14:00,10760372.1,21463906.85,13163.433,17.5,10760372.1,188306511.7
27/11/2019 15:00,10760358.41,13597636.43,5266.075,17.5,10760358.41,188306272.2
27/11/2019 16:00,10760345.15,4718640.158,155676.159,17.5,10760345.15,188306040.2
27/11/2019 17:00,10760331.94,0,1678819.851,17.5,10760331.94,188305808.9
27/11/2019 18:00,10760317.93,0,4747364.436,17.5,10760317.93,188305563.7
27/11/2019 19:00,10760307.9,0,7621674.361,17.5,10760307.9,188305388.3
27/11/2019 20:00,10760307.01,0,7560544.797,17.5,10760307.01,188305372.7
27/11/2019 21:00,10760321.94,0,5052408.617,17.5,10760321.94,188305633.9
27/11/2019 22:00,10760349.43,0,2862381.08,17.5,10760349.43,188306115
27/11/2019 23:00,10760354.61,0,2402639.091,17.5,10760354.61,188306205.6
28/11/2019 0:00,10760336.3,0,4204126.863,17.5,10760336.3,188305885.2
28/11/2019 1:00,10760323.56,0,9149389.072,17.5,10760323.56,188305662.2
28/11/2019 2:00,10760328.62,0,15491613.79,17.5,10760328.62,188305750.9
28/11/2019 3:00,10760334.66,0,18736786.55,17.5,10760334.66,188305856.6
28/11/2019 4:00,10760333.9,0,20408742.88,17.5,10760333.9,188305843.3
28/11/2019 5:00,10760342.52,0,21636802.78,17.5,10760342.52,188305994.2
28/11/2019 6:00,10760347.97,0,19813314.63,17.5,10760347.97,188306089.4
28/11/2019 7:00,10760349.2,1690289.857,15516578,17.5,10760349.2,188306111
28/11/2019 8:00,10760347.56,10777772.71,6891025.555,17.5,10760347.56,188306082.3
28/11/2019 9:00,10760347.84,20622232.66,2081757.65,17.5,10760347.84,188306087.3
28/11/2019 10:00,10760355.12,27465743.54,948094.712,17.5,10760355.12,188306214.6
28/11/2019 11:00,10760370.15,29176123.48,439536.814,17.5,10760370.15,188306477.5
28/11/2019 12:00,10760379.62,29857776.87,88358.46,17.5,10760379.62,188306643.4
28/11/2019 13:00,10760381.09,27529467,44689.956,17.5,10760381.09,188306669.1
28/11/2019 14:00,10760373.58,20906154.13,258941.681,17.5,10760373.58,188306537.6
28/11/2019 15:00,10760360.12,12917063.23,1140731.581,17.5,10760360.12,188306302
28/11/2019 16:00,10760347.06,4282425.415,3488972.046,17.5,10760347.06,188306073.5
28/11/2019 17:00,10760334,0,7530502.697,17.5,10760334,188305845.1
28/11/2019 18:00,10760320.11,0,11212525.15,17.5,10760320.11,188305602
28/11/2019 19:00,10760310.21,0,13028877.72,17.5,10760310.21,188305428.6
28/11/2019 20:00,10760309.48,0,12175176.63,17.5,10760309.48,188305416
28/11/2019 21:00,10760324.69,0,9600712.012,17.5,10760324.69,188305682
28/11/2019 22:00,10760352.57,0,7228990.574,17.5,10760352.57,188306170
28/11/2019 23:00,10760357.95,0,6001519.811,17.5,10760357.95,188306264.1
29/11/2019 0:00,10760339.59,0,6373394.871,17.5,10760339.59,188305942.8
29/11/2019 1:00,10760326.83,0,8102156.412,17.5,10760326.83,188305719.5
29/11/2019 2:00,10760332.04,0,10769879.99,17.5,10760332.04,188305810.6
29/11/2019 3:00,10760338.22,0,12994230.75,17.5,10760338.22,188305918.9
29/11/2019 4:00,10760337.51,0,13955982.05,17.5,10760337.51,188305906.5
29/11/2019 5:00,10760346.29,0,13568498.78,17.5,10760346.29,188306060
29/11/2019 6:00,10760351.83,0,11984279.11,17.5,10760351.83,188306157.1
29/11/2019 7:00,10760353.11,1670353.548,9776026.775,17.5,10760353.11,188306179.3
29/11/2019 8:00,10760351.47,10798883.38,4431833.923,17.5,10760351.47,188306150.7
29/11/2019 9:00,10760351.76,20817256.74,1022928.85,17.5,10760351.76,188306155.8
29/11/2019 10:00,10760359.11,27863752.23,64087.563,17.5,10760359.11,188306284.4
29/11/2019 11:00,10760374.29,32581147.77,100,17.5,10760374.29,188306550
29/11/2019 12:00,10760383.84,33217777.47,363.216,17.5,10760383.84,188306717.2
29/11/2019 13:00,10760385.29,30951640.01,3927.254,17.5,10760385.29,188306742.5
29/11/2019 14:00,10760377.64,25318529.87,52386.997,17.5,10760377.64,188306608.7
29/11/2019 15:00,10760363.98,16960632.54,350571.159,17.5,10760363.98,188306369.6
29/11/2019 16:00,10760350.71,6534692.22,1645424.652,17.5,10760350.71,188306137.5
29/11/2019 17:00,10760337.45,0,4310382.74,17.5,10760337.45,188305905.4
29/11/2019 18:00,10760323.35,0,6569127.7,17.5,10760323.35,188305658.6
29/11/2019 19:00,10760313.26,0,7322641.103,17.5,10760313.26,188305482.1
29/11/2019 20:00,10760312.45,0,6475325.067,17.5,10760312.45,188305467.9
29/11/2019 21:00,10760327.7,0,5533947.153,17.5,10760327.7,188305734.8
29/11/2019 22:00,10760355.74,0,6465933.494,17.5,10760355.74,188306225.4
29/11/2019 23:00,10760361.04,0,9492978.181,17.5,10760361.04,188306318.1
30/11/2019 0:00,10760342.4,0,13162703.29,17.5,10760342.4,188305992
30/11/2019 1:00,10760329.41,0,14499092.12,17.5,10760329.41,188305764.7
30/11/2019 2:00,10760334.53,0,13737145.21,17.5,10760334.53,188305854.2
30/11/2019 3:00,10760340.62,0,12256843.58,17.5,10760340.62,188305960.8
30/11/2019 4:00,10760339.76,0,10865916.39,17.5,10760339.76,188305945.8
30/11/2019 5:00,10760348.43,0,9722085.078,17.5,10760348.43,188306097.5
30/11/2019 6:00,10760353.84,0,8973792.744,17.5,10760353.84,188306192.2
30/11/2019 7:00,10760354.95,2689157.871,8724844.379,17.5,10760354.95,188306211.5
30/11/2019 8:00,10760353.12,14189309.67,4784282.513,17.5,10760353.12,188306179.5
30/11/2019 9:00,10760353.22,24658579,1475003.359,17.5,10760353.22,188306181.4
30/11/2019 10:00,10760360.4,31370404.37,840289.808,17.5,10760360.4,188306307.1
30/11/2019 11:00,10760375.42,34423320.4,531327.365,17.5,10760375.42,188306569.8
30/11/2019 12:00,10760384.77,34987813.5,447463.18,17.5,10760384.77,188306733.5
30/11/2019 13:00,10760385.99,32600735.69,470949.738,17.5,10760385.99,188306754.8
30/11/2019 14:00,10760378.09,26973305.94,610427.478,17.5,10760378.09,188306616.5
30/11/2019 15:00,10760364.17,18469085.39,880653.517,17.5,10760364.17,188306373
30/11/2019 16:00,10760350.67,7526637.046,1458088.721,17.5,10760350.67,188306136.6
30/11/2019 17:00,10760337.18,0,1878871.289,17.5,10760337.18,188305900.6
30/11/2019 18:00,10760322.85,0,1727466.822,17.5,10760322.85,188305649.9
30/11/2019 19:00,10760312.56,0,1337339.633,17.5,10760312.56,188305469.8
30/11/2019 20:00,10760311.52,0,1164197.576,17.5,10760311.52,188305451.5
30/11/2019 21:00,10760326.48,0,2168234.8,17.5,10760326.48,188305713.5
30/11/2019 22:00,10760354.15,0,5502995.55,17.5,10760354.15,188306197.5
30/11/2019 23:00,10760359.15,0,10596144.14,17.5,10760359.15,188306285.1
01/12/2019 0:00,10760340.35,0,15322449.9,17.5,10760340.35,188305956.2
01/12/2019 1:00,10760327.19,0,17017541.44,17.5,10760327.19,188305725.9
01/12/2019 2:00,10760332.03,0,15618365.79,17.5,10760332.03,188305810.4
01/12/2019 3:00,10760337.82,0,13967034.24,17.5,10760337.82,188305911.8
01/12/2019 4:00,10760336.72,0,13290546.24,17.5,10760336.72,188305892.6
01/12/2019 5:00,10760345.06,0,13263603.77,17.5,10760345.06,188306038.6
01/12/2019 6:00,10760350.18,0,12874576.05,17.5,10760350.18,188306128.1
01/12/2019 7:00,10760351.03,2820053.873,11116735.71,17.5,10760351.03,188306143
01/12/2019 8:00,10760348.99,14473065.02,4706562.067,17.5,10760348.99,188306107.3
01/12/2019 9:00,10760348.87,24857442.78,561192.405,17.5,10760348.87,188306105.2
01/12/2019 10:00,10760355.75,31483514.42,90544.648,17.5,10760355.75,188306225.6
01/12/2019 11:00,10760370.36,34168639.8,192780.725,17.5,10760370.36,188306481.2
01/12/2019 12:00,10760379.38,34758758.96,380867.118,17.5,10760379.38,188306639.1
01/12/2019 13:00,10760380.38,32497812.1,343652.767,17.5,10760380.38,188306656.7
01/12/2019 14:00,10760372.42,26972143.43,251229.237,17.5,10760372.42,188306517.4
01/12/2019 15:00,10760358.56,18651142.91,283968.239,17.5,10760358.56,188306274.8
01/12/2019 16:00,10760345.13,7756607.855,607456.392,17.5,10760345.13,188306039.8
01/12/2019 17:00,10760331.75,0,1009325.029,17.5,10760331.75,188305805.6
01/12/2019 18:00,10760317.57,0,856015.831,17.5,10760317.57,188305557.4
01/12/2019 19:00,10760307.37,0,393512.45,17.5,10760307.37,188305378.9
01/12/2019 20:00,10760306.29,0,83363.175,17.5,10760306.29,188305360.1
01/12/2019 21:00,10760320.96,0,280958.888,17.5,10760320.96,188305616.9
01/12/2019 22:00,10760348.13,0,1881876.839,17.5,10760348.13,188306092.2
01/12/2019 23:00,10760353.03,0,5129790.607,17.5,10760353.03,188306178
02/12/2019 0:00,10760334.54,0,7532129.62,17.5,10760334.54,188305854.5
02/12/2019 1:00,10760321.61,0,7247443.797,17.5,10760321.61,188305628.2
02/12/2019 2:00,10760326.38,0,5286345.873,17.5,10760326.38,188305711.6
02/12/2019 3:00,10760332.09,0,4313992.336,17.5,10760332.09,188305811.6
02/12/2019 4:00,10760331.05,0,5051840.177,17.5,10760331.05,188305793.3
02/12/2019 5:00,10760339.29,0,6616161.941,17.5,10760339.29,188305937.6
02/12/2019 6:00,10760344.37,0,7613032.011,17.5,10760344.37,188306026.4
02/12/2019 7:00,10760345.26,2435148.2,7320955.689,17.5,10760345.26,188306042
02/12/2019 8:00,10760343.31,13583267.1,3715479.161,17.5,10760343.31,188306007.9
02/12/2019 9:00,10760343.25,24005505.7,625031.023,17.5,10760343.25,188306006.9
02/12/2019 10:00,10760350.09,30813839.53,41734.67,17.5,10760350.09,188306126.5
02/12/2019 11:00,10760364.53,33764131.76,1589.561,17.5,10760364.53,188306379.3
02/12/2019 12:00,10760373.49,34163503.5,5037.144,17.5,10760373.49,188306536
02/12/2019 13:00,10760374.55,31783171.7,11854.71,17.5,10760374.55,188306554.6
02/12/2019 14:00,10760366.78,26958224.03,9979.749,17.5,10760366.78,188306418.6
02/12/2019 15:00,10760353.19,18659548.81,20925.092,17.5,10760353.19,188306180.8
02/12/2019 16:00,10760340.02,7755688.216,179665.958,17.5,10760340.02,188305950.4
02/12/2019 17:00,10772850.84,0,749297.671,17.5,10772850.84,188524889.7
02/12/2019 18:00,10798160.2,0,1222209.011,17.5,10798160.2,188967803.5
02/12/2019 19:00,10827412.9,0,1017958.709,17.5,10827412.9,189479725.7
02/12/2019 20:00,10858951.76,0,257053.501,17.5,10858951.76,190031655.7
02/12/2019 21:00,10889925.67,0,6988.451,17.5,10889925.67,190573699.2
02/12/2019 22:00,10916171.45,0,21175.248,17.5,10916171.45,191033000.3
02/12/2019 23:00,10936914.05,0,532006.043,17.5,10936914.05,191395995.8
03/12/2019 0:00,10952025.03,0,2449952.045,17.5,10952025.03,191660438
03/12/2019 1:00,10962525.59,0,4415990.883,17.5,10962525.59,191844197.8
03/12/2019 2:00,10968020.88,0,4536928.581,17.5,10968020.88,191940365.5
03/12/2019 3:00,10969955.9,0,4083053.209,17.5,10969955.9,191974228.3
03/12/2019 4:00,10966346.59,0,3875898.372,17.5,10966346.59,191911065.3
03/12/2019 5:00,10958653.79,0,4087138.816,17.5,10958653.79,191776441.4
03/12/2019 6:00,10948907.67,0,4464831.949,17.5,10948907.67,191605884.3
03/12/2019 7:00,10940230.3,2871794.114,4786023.531,17.5,10940230.3,191454030.2
03/12/2019 8:00,10931977.49,14680822.68,2851198.08,17.5,10931977.49,191309606.1
03/12/2019 9:00,10927456.33,25082964.85,362175.955,17.5,10927456.33,191230485.7
03/12/2019 10:00,10924075.26,31749301.4,72784.321,17.5,10924075.26,191171317.1
03/12/2019 11:00,10923905.5,34259814.51,353399.09,17.5,10923905.5,191168346.3
03/12/2019 12:00,10936413.92,34583142.08,1055395.329,17.5,10936413.92,191387243.5
03/12/2019 13:00,10966146.93,32238643.7,842412.768,17.5,10966146.93,191907571.3
03/12/2019 14:00,10997447.97,26913829.74,299596.894,17.5,10997447.97,192455339.4
03/12/2019 15:00,11025996.79,18640754.14,113521.023,17.5,11025996.79,192954943.7
03/12/2019 16:00,11063624.14,7724143.962,488241.454,17.5,11063624.14,193613422.4
03/12/2019 17:00,11105964.74,0,2442425.289,17.5,11105964.74,194354382.9
03/12/2019 18:00,11143094.25,0,4114308.706,17.5,11143094.25,195004149.3
03/12/2019 19:00,11171686.24,0,4336668.042,17.5,11171686.24,195504509.3
03/12/2019 20:00,11189704.22,0,3496909.068,17.5,11189704.22,195819823.8
03/12/2019 21:00,11193227.92,0,2561642.953,17.5,11193227.92,195881488.6
03/12/2019 22:00,11178356.8,0,1639261.45,17.5,11178356.8,195621244.1
03/12/2019 23:00,11152184.25,0,930978.661,17.5,11152184.25,195163224.3
04/12/2019 0:00,11119577.91,0,380831.07,17.5,11119577.91,194592613.4
04/12/2019 1:00,11085178.99,0,58587.562,17.5,11085178.99,193990632.4
04/12/2019 2:00,11049648.58,0,64140.174,17.5,11049648.58,193368850.2
04/12/2019 3:00,11015803.55,0,291211.299,17.5,11015803.55,192776562.2
04/12/2019 4:00,10981595.41,0,929576.564,17.5,10981595.41,192177919.6
04/12/2019 5:00,10949212.89,0,1568003.613,17.5,10949212.89,191611225.6
04/12/2019 6:00,10920484.25,0,1461107.555,17.5,10920484.25,191108474.3
04/12/2019 7:00,10897297.23,2078670.182,848254.504,17.5,10897297.23,190702701.5
04/12/2019 8:00,10878117.03,12684832.93,288909.71,17.5,10878117.03,190367048.1
04/12/2019 9:00,10864297.71,23157500.79,38551.381,17.5,10864297.71,190125210
04/12/2019 10:00,10853287.35,29999592.94,15925.1,17.5,10853287.35,189932528.7
04/12/2019 11:00,10845728.06,33501263.93,204497.857,17.5,10845728.06,189800241.1
04/12/2019 12:00,10845645.17,33843999.71,790331.104,17.5,10845645.17,189798790.4
04/12/2019 13:00,10853886.77,31368834.99,1031072.103,17.5,10853886.77,189943018.4
04/12/2019 14:00,10862767.69,25526421.48,1012998.611,17.5,10862767.69,190098434.6
04/12/2019 15:00,10871070.6,16976644.77,817799.229,17.5,10871070.6,190243735.4
04/12/2019 16:00,10884449.94,6498819.296,546896.566,17.5,10884449.94,190477873.9
04/12/2019 17:00,10901903.22,0,501959.441,17.5,10901903.22,190783306.3
04/12/2019 18:00,10920447.21,0,856766.182,17.5,10920447.21,191107826.2
04/12/2019 19:00,10939297.35,0,1349390.081,17.5,10939297.35,191437703.6
04/12/2019 20:00,10957617.43,0,2018474.677,17.5,10957617.43,191758305
04/12/2019 21:00,10973032.63,0,3417425.35,17.5,10973032.63,192028071
04/12/2019 22:00,10982126.22,0,4783916.364,17.5,10982126.22,192187208.9
04/12/2019 23:00,10986489.45,0,4720891.545,17.5,10986489.45,192263565.4
05/12/2019 0:00,10987065.76,0,3499557.736,17.5,10987065.76,192273650.8
05/12/2019 1:00,10985345.33,0,2242147.789,17.5,10985345.33,192243543.3
05/12/2019 2:00,10980757.09,0,1207573.478,17.5,10980757.09,192163249
05/12/2019 3:00,10974617.77,0,661721.144,17.5,10974617.77,192055811
05/12/2019 4:00,10964627.69,0,907986.445,17.5,10964627.69,191880984.6
05/12/2019 5:00,10952088.35,0,1564751.617,17.5,10952088.35,191661546.2
05/12/2019 6:00,10938731.33,0,1930553.352,17.5,10938731.33,191427798.2
05/12/2019 7:00,10927209.05,2390448.924,1919204.464,17.5,10927209.05,191226158.3
05/12/2019 8:00,10916622.31,13534350.13,1201745.576,17.5,10916622.31,191040890.4
05/12/2019 9:00,10909723.06,23951944.1,316464.365,17.5,10909723.06,190920153.6
05/12/2019 10:00,10903923.89,30725305.75,50000.156,17.5,10903923.89,190818668
05/12/2019 11:00,10900835.37,33304168.23,39141.564,17.5,10900835.37,190764619
05/12/2019 12:00,10908122.08,33760358.14,159396.189,17.5,10908122.08,190892136.4
05/12/2019 13:00,10928562.96,31409302.79,75162.246,17.5,10928562.96,191249851.9
05/12/2019 14:00,10948240.28,25320493.19,5924.687,17.5,10948240.28,191594204.8
05/12/2019 15:00,10963266.04,16913177.73,703.676,17.5,10963266.04,191857155.6
05/12/2019 16:00,10981959.88,6266052.479,4179.778,17.5,10981959.88,192184298
05/12/2019 17:00,10999547.12,0,65125.935,17.5,10999547.12,192492074.7
05/12/2019 18:00,11007960.75,0,335297.207,17.5,11007960.75,192639313.1
05/12/2019 19:00,11004984.81,0,589811.606,17.5,11004984.81,192587234.2
05/12/2019 20:00,10990053.65,0,340091.195,17.5,10990053.65,192325938.9
05/12/2019 21:00,10962543.24,0,42713.903,17.5,10962543.24,191844506.6
05/12/2019 22:00,10923477.02,0,49099.938,17.5,10923477.02,191160847.9
05/12/2019 23:00,10879281.07,0,158011.767,17.5,10879281.07,190387418.8
06/12/2019 0:00,10834289.62,0,790890.974,17.5,10834289.62,189600068.3
06/12/2019 1:00,10791540.77,0,1868061.282,17.5,10791540.77,188851963.4
06/12/2019 2:00,10760323.7,0,2488163.896,17.5,10760323.7,188305664.8
06/12/2019 3:00,10760329.89,0,3478861.893,17.5,10760329.89,188305773.1
06/12/2019 4:00,10760329.37,0,4078947.975,17.5,10760329.37,188305763.9
06/12/2019 5:00,10760338.1,0,3329990.79,17.5,10760338.1,188305916.8
06/12/2019 6:00,10760343.7,0,1960402.839,17.5,10760343.7,188306014.7
06/12/2019 7:00,10760345.12,1803231.642,1231713.403,17.5,10760345.12,188306039.7
06/12/2019 8:00,10760343.7,11869268.78,665656.294,17.5,10760343.7,188306014.8
06/12/2019 9:00,10760344.16,22288295.66,405419.767,17.5,10760344.16,188306022.8
06/12/2019 10:00,10760351.53,29332399.32,421625.244,17.5,10760351.53,188306151.7
06/12/2019 11:00,10760366.55,32184812.29,320863.078,17.5,10760366.55,188306414.7
06/12/2019 12:00,10760376.07,32875411.59,369322.285,17.5,10760376.07,188306581.2
06/12/2019 13:00,10760377.64,30670810.82,183189.009,17.5,10760377.64,188306608.7
06/12/2019 14:00,10760370.27,25213165.66,72510.857,17.5,10760370.27,188306479.7
06/12/2019 15:00,10760356.97,16894629.22,290192.451,17.5,10760356.97,188306247
06/12/2019 16:00,10760344.05,6315901.523,1782586.919,17.5,10760344.05,188306020.8
06/12/2019 17:00,10760331.09,0,4137437.836,17.5,10760331.09,188305794.1
06/12/2019 18:00,10760317.28,0,4653632.34,17.5,10760317.28,188305552.5
06/12/2019 19:00,10760307.4,0,3135072.608,17.5,10760307.4,188305379.4
06/12/2019 20:00,10760306.59,0,1060893.284,17.5,10760306.59,188305365.3
06/12/2019 21:00,10760321.53,0,196808.13,17.5,10760321.53,188305626.8
06/12/2019 22:00,10760349,0,484455.561,17.5,10760349,188306107.4
06/12/2019 23:00,10760354.13,0,1882942.844,17.5,10760354.13,188306197.3
07/12/2019 0:00,10760335.78,0,4412076.908,17.5,10760335.78,188305876.1
07/12/2019 1:00,10760322.96,0,6069721.455,17.5,10760322.96,188305651.8
07/12/2019 2:00,10760327.89,0,5486759.361,17.5,10760327.89,188305738.1
07/12/2019 3:00,10760333.76,0,4798602.664,17.5,10760333.76,188305840.9
07/12/2019 4:00,10760332.82,0,4995106.213,17.5,10760332.82,188305824.4
07/12/2019 5:00,10760341.21,0,5140561.622,17.5,10760341.21,188305971.2
07/12/2019 6:00,10760346.4,0,4453185.771,17.5,10760346.4,188306062
07/12/2019 7:00,10760347.38,2224799.44,3403021.458,17.5,10760347.38,188306079.1
07/12/2019 8:00,10760345.48,13230136.98,1480399.969,17.5,10760345.48,188306045.9
07/12/2019 9:00,10760345.49,23712577.39,89517.329,17.5,10760345.49,188306046
07/12/2019 10:00,10760352.42,30555745.33,787.915,17.5,10760352.42,188306167.4
07/12/2019 11:00,10760367.02,33705103.6,480.721,17.5,10760367.02,188306422.8
07/12/2019 12:00,10760376.09,34107175.25,891.644,17.5,10760376.09,188306581.5
07/12/2019 13:00,10760377.21,31782199.61,4922.149,17.5,10760377.21,188306601.2
07/12/2019 14:00,10760369.45,26213646.66,16036.865,17.5,10760369.45,188306465.4
07/12/2019 15:00,10760355.82,17768570.77,25781.228,17.5,10760355.82,188306226.9
07/12/2019 16:00,10760342.62,6843773.249,112304.406,17.5,10760342.62,188305995.9
07/12/2019 17:00,10760329.46,0,399259.538,17.5,10760329.46,188305765.5
07/12/2019 18:00,10760315.5,0,711354.455,17.5,10760315.5,188305521.2
07/12/2019 19:00,10760305.49,0,715624.83,17.5,10760305.49,188305346.1
07/12/2019 20:00,10760304.55,0,377671.384,17.5,10760304.55,188305329.6
07/12/2019 21:00,10760319.28,0,68134.401,17.5,10760319.28,188305587.4
07/12/2019 22:00,10760346.46,0,94268.544,17.5,10760346.46,188306063.1
07/12/2019 23:00,10760351.5,0,566368.636,17.5,10760351.5,188306151.3
08/12/2019 0:00,10760333.26,0,2249756.236,17.5,10760333.26,188305832
08/12/2019 1:00,10760320.54,0,4925787.688,17.5,10760320.54,188305609.4
08/12/2019 2:00,10760325.45,0,6879023.277,17.5,10760325.45,188305695.4
08/12/2019 3:00,10760331.33,0,7271239.64,17.5,10760331.33,188305798.2
08/12/2019 4:00,10760330.46,0,6376422.431,17.5,10760330.46,188305783
08/12/2019 5:00,10760338.87,0,5031902.045,17.5,10760338.87,188305930.2
08/12/2019 6:00,10760344.13,0,3873803.18,17.5,10760344.13,188306022.3
08/12/2019 7:00,10760345.22,2268030.712,2890881.902,17.5,10760345.22,188306041.3
08/12/2019 8:00,10760343.47,13387560.92,1175750.112,17.5,10760343.47,188306010.7
08/12/2019 9:00,10760343.62,23845587.65,63173.572,17.5,10760343.62,188306013.3
08/12/2019 10:00,10760350.67,30613219.32,8041.604,17.5,10760350.67,188306136.6
08/12/2019 11:00,10760365.36,33367484.32,11329.081,17.5,10760365.36,188306393.8
08/12/2019 12:00,10760374.56,33926527.57,49506.322,17.5,10760374.56,188306554.9
08/12/2019 13:00,10760375.86,30162817.55,260563.076,17.5,10760375.86,188306577.6
08/12/2019 14:00,10760368.3,20251092.55,435104.899,17.5,10760368.3,188306445.3
08/12/2019 15:00,10760354.88,10525690.23,386182.346,17.5,10760354.88,188306210.5
08/12/2019 16:00,10760341.88,3047523.318,628696.346,17.5,10760341.88,188305982.8
08/12/2019 17:00,10760328.88,0,1041593.258,17.5,10760328.88,188305755.5
08/12/2019 18:00,10760315.08,0,1099216.671,17.5,10760315.08,188305513.9
08/12/2019 19:00,10760305.21,0,569747.287,17.5,10760305.21,188305341.1
08/12/2019 20:00,10760304.38,0,92534.015,17.5,10760304.38,188305326.6
08/12/2019 21:00,10760319.21,0,14325.143,17.5,10760319.21,188305586.1
08/12/2019 22:00,10760346.49,0,97527.728,17.5,10760346.49,188306063.6
08/12/2019 23:00,10760351.63,0,406682.638,17.5,10760351.63,188306153.5
09/12/2019 0:00,10760333.46,0,368601.495,17.5,10760333.46,188305835.6
09/12/2019 1:00,10760320.8,0,142606.649,17.5,10760320.8,188305614
09/12/2019 2:00,10760325.78,0,239728.596,17.5,10760325.78,188305701.2
09/12/2019 3:00,10760331.72,0,1744192.581,17.5,10760331.72,188305805
09/12/2019 4:00,10760330.88,0,5121142.152,17.5,10760330.88,188305790.5
09/12/2019 5:00,10760339.34,0,7545918.346,17.5,10760339.34,188305938.5
09/12/2019 6:00,10760344.63,0,5087766.153,17.5,10760344.63,188306030.9
09/12/2019 7:00,10760345.72,1178044.515,2084514.987,17.5,10760345.72,188306050.1
09/12/2019 8:00,10760343.96,9213533.956,496909.886,17.5,10760343.96,188306019.3
09/12/2019 9:00,10760344.08,17984523.24,64848.459,17.5,10760344.08,188306021.5
09/12/2019 10:00,10760351.11,23846635.46,102819.423,17.5,10760351.11,188306144.4
09/12/2019 11:00,10760365.76,26593364.25,307612.731,17.5,10760365.76,188306400.9
09/12/2019 12:00,10760374.91,28283367.89,203631.212,17.5,10760374.91,188306560.9
09/12/2019 13:00,10760376.13,27717619.03,191265.267,17.5,10760376.13,188306582.2
09/12/2019 14:00,10760368.46,22191318.98,313175.362,17.5,10760368.46,188306448
09/12/2019 15:00,10760354.92,13914646.28,628284.817,17.5,10760354.92,188306211.2
09/12/2019 16:00,10760341.79,4458090.831,1847973.136,17.5,10760341.79,188305981.3
09/12/2019 17:00,10760328.67,0,3476255.987,17.5,10760328.67,188305751.7
09/12/2019 18:00,10760314.73,0,4279913.954,17.5,10760314.73,188305507.8
09/12/2019 19:00,10760304.72,0,3930293.179,17.5,10760304.72,188305332.6
09/12/2019 20:00,10760303.74,0,2783155.803,17.5,10760303.74,188305315.4
09/12/2019 21:00,10760318.37,0,1287880.643,17.5,10760318.37,188305571.5
09/12/2019 22:00,10760345.4,0,114408.003,17.5,10760345.4,188306044.6
09/12/2019 23:00,10760350.35,0,4311.753,17.5,10760350.35,188306131.2
10/12/2019 0:00,10760332.1,0,5663.464,17.5,10760332.1,188305811.7
10/12/2019 1:00,10760319.35,0,22884.809,17.5,10760319.35,188305588.6
10/12/2019 2:00,10760324.19,0,73417.229,17.5,10760324.19,188305673.3
10/12/2019 3:00,10760329.99,0,148466.47,17.5,10760329.99,188305774.8
10/12/2019 4:00,10760329.09,0,240069.211,17.5,10760329.09,188305759.1
10/12/2019 5:00,10760337.46,0,408628.041,17.5,10760337.46,188305905.5
10/12/2019 6:00,10760342.71,0,531612.259,17.5,10760342.71,188305997.4
10/12/2019 7:00,10760343.83,1250039.682,406169.817,17.5,10760343.83,188306017
10/12/2019 8:00,10760342.16,10018420.49,182980.714,17.5,10760342.16,188305987.7
10/12/2019 9:00,10760342.41,19938683.06,77925.546,17.5,10760342.41,188305992.1
10/12/2019 10:00,10760349.58,26822891.35,502118.612,17.5,10760349.58,188306117.7
10/12/2019 11:00,10760364.44,29718500.96,1913677.626,17.5,10760364.44,188306377.6
10/12/2019 12:00,10760373.88,30361279.88,2222988.872,17.5,10760373.88,188306542.9
10/12/2019 13:00,10760375.5,28027437.06,2652250.534,17.5,10760375.5,188306571.2
10/12/2019 14:00,10760368.32,22425096.92,3026613.933,17.5,10760368.32,188306445.6
10/12/2019 15:00,10760355.33,13762254.38,3624474.176,17.5,10760355.33,188306218.2
10/12/2019 16:00,10760342.77,4216005.263,5590736.088,17.5,10760342.77,188305998.5
10/12/2019 17:00,10760330.27,0,9850974.285,17.5,10760330.27,188305779.7
10/12/2019 18:00,10760316.98,0,13279094.04,17.5,10760316.98,188305547.1
10/12/2019 19:00,10760307.65,0,13521643.45,17.5,10760307.65,188305383.9
10/12/2019 20:00,10760307.47,0,12226426.25,17.5,10760307.47,188305380.8
10/12/2019 21:00,10760323.2,0,10870939.69,17.5,10760323.2,188305656
10/12/2019 22:00,10760351.68,0,9729169.484,17.5,10760351.68,188306154.4
10/12/2019 23:00,10760357.82,0,8845660.662,17.5,10760357.82,188306261.8
11/12/2019 0:00,10760340.24,0,7576115.786,17.5,10760340.24,188305954.2
11/12/2019 1:00,10760328.23,0,5958050.007,17.5,10760328.23,188305744.1
11/12/2019 2:00,10760334.28,0,4427509.801,17.5,10760334.28,188305849.8
11/12/2019 3:00,10760341.35,0,3428013.161,17.5,10760341.35,188305973.6
11/12/2019 4:00,10760341.5,0,3636289.943,17.5,10760341.5,188305976.2
11/12/2019 5:00,10760351.26,0,3116282.171,17.5,10760351.26,188306147.1
11/12/2019 6:00,10760357.8,0,1868235.161,17.5,10760357.8,188306261.4
11/12/2019 7:00,10760360,1199916.877,2512998.633,17.5,10760360,188306300
11/12/2019 8:00,10760359.22,6710997.024,1855174.807,17.5,10760359.22,188306286.4
11/12/2019 9:00,10760360.4,11951467,2828261.741,17.5,10760360.4,188306307.1
11/12/2019 10:00,10760368.81,18293966.77,3175179.542,17.5,10760368.81,188306454.2
11/12/2019 11:00,10760385.28,20103385.97,3377200.797,17.5,10760385.28,188306742.4
11/12/2019 12:00,10760395.99,14903060.18,3302997.288,17.5,10760395.99,188306929.7
11/12/2019 13:00,10760398.31,10223917.31,2901144.517,17.5,10760398.31,188306970.5
11/12/2019 14:00,10760391.18,6423368.814,2833433.321,17.5,10760391.18,188306845.6
11/12/2019 15:00,10760377.72,3307985.6,2684012.294,17.5,10760377.72,188306610
11/12/2019 16:00,10760364.57,930415.775,2470477.574,17.5,10760364.57,188306379.9
11/12/2019 17:00,10760351.32,0,2098281.219,17.5,10760351.32,188306148
11/12/2019 18:00,10760337.08,0,3164404.142,17.5,10760337.08,188305898.9
11/12/2019 19:00,10760326.95,0,5814320.869,17.5,10760326.95,188305721.5
11/12/2019 20:00,10760326.42,0,7422730.983,17.5,10760326.42,188305712.4
11/12/2019 21:00,10760342.64,0,8067811.151,17.5,10760342.64,188305996.3
11/12/2019 22:00,10760372.22,0,8148287.16,17.5,10760372.22,188306513.8
11/12/2019 23:00,10760377.98,0,7961729.711,17.5,10760377.98,188306614.7
12/12/2019 0:00,10760358.66,0,7703805.312,17.5,10760358.66,188306276.5
12/12/2019 1:00,10760345.19,0,7999922.07,17.5,10760345.19,188306040.9
12/12/2019 2:00,10760350.67,0,9271379.783,17.5,10760350.67,188306136.7
12/12/2019 3:00,10760357.14,0,10742016.39,17.5,10760357.14,188306250
12/12/2019 4:00,10760356.32,0,11449301.06,17.5,10760356.32,188306235.5
12/12/2019 5:00,10760365.47,0,11178875.47,17.5,10760365.47,188306395.7
12/12/2019 6:00,10760371.2,0,10128701.06,17.5,10760371.2,188306495.9
12/12/2019 7:00,10760372.4,539956.992,8535974.007,17.5,10760372.4,188306517.1
12/12/2019 8:00,10760370.53,5922034.667,4744804.605,17.5,10760370.53,188306484.3
12/12/2019 9:00,10760370.7,14427494.38,3550110.079,17.5,10760370.7,188306487.2
12/12/2019 10:00,10760378.3,21711165.49,3846391.601,17.5,10760378.3,188306620.2
12/12/2019 11:00,10760394.13,25847958.43,3915725.649,17.5,10760394.13,188306897.3
12/12/2019 12:00,10760404.06,26752518.65,3370052.836,17.5,10760404.06,188307071
12/12/2019 13:00,10760405.46,24462375.37,2635661.479,17.5,10760405.46,188307095.6
12/12/2019 14:00,10760397.32,19578056.27,2396786.821,17.5,10760397.32,188306953.2
12/12/2019 15:00,10760382.89,11462683.45,2638133.226,17.5,10760382.89,188306700.5
12/12/2019 16:00,10760368.91,2368449.679,3761866.352,17.5,10760368.91,188306455.9
12/12/2019 17:00,10760354.98,0,6247455.541,17.5,10760354.98,188306212.1
12/12/2019 18:00,10760340.19,0,8499953.492,17.5,10760340.19,188305953.2
12/12/2019 19:00,10760329.65,0,9540859.497,17.5,10760329.65,188305768.9
12/12/2019 20:00,10760328.91,0,9020295.72,17.5,10760328.91,188305755.8
12/12/2019 21:00,10760345.1,0,6918908.265,17.5,10760345.1,188306039.3
12/12/2019 22:00,10760374.8,0,4794835.054,17.5,10760374.8,188306559
12/12/2019 23:00,10760380.6,0,3371853.411,17.5,10760380.6,188306660.4
13/12/2019 0:00,10760361.19,0,2602792.847,17.5,10760361.19,188306320.7
13/12/2019 1:00,10760347.73,0,2268591.92,17.5,10760347.73,188306085.3
13/12/2019 2:00,10760353.39,0,2243731.036,17.5,10760353.39,188306184.4
13/12/2019 3:00,10760360.11,0,2507963.785,17.5,10760360.11,188306301.9
13/12/2019 4:00,10760359.5,0,2692146.599,17.5,10760359.5,188306291.2
13/12/2019 5:00,10760368.99,0,2861859.598,17.5,10760368.99,188306457.3
13/12/2019 6:00,10760375.05,0,2774964.62,17.5,10760375.05,188306563.4
13/12/2019 7:00,10760376.56,790424.06,2559993.889,17.5,10760376.56,188306589.8
13/12/2019 8:00,10760374.96,7373221.215,1215003.262,17.5,10760374.96,188306561.8
13/12/2019 9:00,10760375.42,16797765.76,472684.002,17.5,10760375.42,188306569.8
13/12/2019 10:00,10760383.39,24325254.78,234929.938,17.5,10760383.39,188306709.4
13/12/2019 11:00,10760399.72,29998005.14,197430.55,17.5,10760399.72,188306995.1
13/12/2019 12:00,10760410.04,30987583.1,341136.98,17.5,10760410.04,188307175.7
13/12/2019 13:00,10760411.69,28716273.92,772596.678,17.5,10760411.69,188307204.5
13/12/2019 14:00,10760403.59,22637556.37,772641.367,17.5,10760403.59,188307062.9
13/12/2019 15:00,10760389.05,14486438.07,218390.288,17.5,10760389.05,188306808.3
13/12/2019 16:00,10760374.9,4723906.223,156684.777,17.5,10760374.9,188306560.8
13/12/2019 17:00,10760360.73,0,2982262.47,17.5,10760360.73,188306312.8
13/12/2019 18:00,10760345.63,0,12524621.22,17.5,10760345.63,188306048.6
13/12/2019 19:00,10760334.81,0,21586186.75,17.5,10760334.81,188305859.1
13/12/2019 20:00,10760333.87,0,26189038.63,17.5,10760333.87,188305842.7
13/12/2019 21:00,10760350.07,0,27758909.92,17.5,10760350.07,188306126.2
13/12/2019 22:00,10760379.88,0,26983497.15,17.5,10760379.88,188306647.9
13/12/2019 23:00,10760385.39,0,23784273.16,17.5,10760385.39,188306744.4
14/12/2019 0:00,10760365.36,0,20093675.14,17.5,10760365.36,188306393.7
14/12/2019 1:00,10760351.35,0,17698153.48,17.5,10760351.35,188306148.6
14/12/2019 2:00,10760356.64,0,15268770.18,17.5,10760356.64,188306241.2
14/12/2019 3:00,10760362.95,0,12387452.03,17.5,10760362.95,188306351.7
14/12/2019 4:00,10760361.86,0,10720480.28,17.5,10760361.86,188306332.5
14/12/2019 5:00,10760370.9,0,10350129.44,17.5,10760370.9,188306490.8
14/12/2019 6:00,10760376.47,0,9948975.805,17.5,10760376.47,188306588.3
14/12/2019 7:00,10760377.46,1516471.505,10680451.24,17.5,10760377.46,188306605.6
14/12/2019 8:00,10760375.34,10672985.22,6767087.524,17.5,10760375.34,188306568.4
14/12/2019 9:00,10760375.28,21948010,5675949.686,17.5,10760375.28,188306567.3
14/12/2019 10:00,10760382.74,29074429.97,7923921.293,17.5,10760382.74,188306697.9
14/12/2019 11:00,10760398.52,30992749.7,10349246.84,17.5,10760398.52,188306974.1
14/12/2019 12:00,10760408.3,31478082.82,11106919.53,17.5,10760408.3,188307145.3
14/12/2019 13:00,10760409.46,28734623.3,9980317.415,17.5,10760409.46,188307165.6
14/12/2019 14:00,10760400.98,21453138.25,6975758.855,17.5,10760400.98,188307017.2
14/12/2019 15:00,10760386.15,11398845.23,3851832.897,17.5,10760386.15,188306757.6
14/12/2019 16:00,10760371.79,2198950.167,1736858.034,17.5,10760371.79,188306506.3
14/12/2019 17:00,10760357.47,0,874033.007,17.5,10760357.47,188306255.8
14/12/2019 18:00,10760342.3,0,1132198.931,17.5,10760342.3,188305990.3
14/12/2019 19:00,10760331.42,0,2086189.487,17.5,10760331.42,188305799.9
14/12/2019 20:00,10760330.38,0,3110385.903,17.5,10760330.38,188305781.6
14/12/2019 21:00,10760346.33,0,3227150.654,17.5,10760346.33,188306060.8
14/12/2019 22:00,10760375.79,0,2744906.252,17.5,10760375.79,188306576.2
14/12/2019 23:00,10760381.24,0,2095628.802,17.5,10760381.24,188306671.7
15/12/2019 0:00,10760361.46,0,1630459.405,17.5,10760361.46,188306325.5
15/12/2019 1:00,10760347.66,0,1378934.15,17.5,10760347.66,188306084.1
15/12/2019 2:00,10760353,0,1347105.466,17.5,10760353,188306177.4
15/12/2019 3:00,10760359.38,0,1650680.322,17.5,10760359.38,188306289.1
15/12/2019 4:00,10760358.45,0,2357917.984,17.5,10760358.45,188306272.9
15/12/2019 5:00,10760367.6,0,3537329.003,17.5,10760367.6,188306432.9
15/12/2019 6:00,10760373.33,0,4812086.129,17.5,10760373.33,188306533.2
15/12/2019 7:00,10760374.54,971857.875,6015021.615,17.5,10760374.54,188306554.5
15/12/2019 8:00,10760372.68,8649902.488,3867502.071,17.5,10760372.68,188306522
15/12/2019 9:00,10760372.89,18376043.21,1332479.029,17.5,10760372.89,188306525.6
15/12/2019 10:00,10760380.59,25630258.34,239601.177,17.5,10760380.59,188306660.3
15/12/2019 11:00,10760396.59,29299716.85,11185.957,17.5,10760396.59,188306940.3
15/12/2019 12:00,10760406.65,30122974.96,767.026,17.5,10760406.65,188307116.3
15/12/2019 13:00,10760408.14,27794647.55,754.68,17.5,10760408.14,188307142.4
15/12/2019 14:00,10760400.01,21953044.91,9880.946,17.5,10760400.01,188307000.2
15/12/2019 15:00,10760385.53,13665709.2,76746.347,17.5,10760385.53,188306746.8
15/12/2019 16:00,10760371.5,4236730.602,631866.883,17.5,10760371.5,188306501.2
15/12/2019 17:00,10760357.48,0,2349962.436,17.5,10760357.48,188306255.9
15/12/2019 18:00,10760342.58,0,3621053.924,17.5,10760342.58,188305995.2
15/12/2019 19:00,10760331.95,0,3123700.84,17.5,10760331.95,188305809.1
15/12/2019 20:00,10760331.15,0,1481304.823,17.5,10760331.15,188305795.1
15/12/2019 21:00,10760347.39,0,295901.063,17.5,10760347.39,188306079.4
15/12/2019 22:00,10760377.2,0,61858.559,17.5,10760377.2,188306600.9
15/12/2019 23:00,10760382.92,0,71640.916,17.5,10760382.92,188306701.2
16/12/2019 0:00,10760363.28,0,134184.967,17.5,10760363.28,188306357.4
16/12/2019 1:00,10760349.62,0,196827.894,17.5,10760349.62,188306118.4
16/12/2019 2:00,10760355.18,0,365732.891,17.5,10760355.18,188306215.6
16/12/2019 3:00,10760361.78,0,908586.902,17.5,10760361.78,188306331.1
16/12/2019 4:00,10760361.01,0,2002313.974,17.5,10760361.01,188306317.6
16/12/2019 5:00,10760370.37,0,3866327.843,17.5,10760370.37,188306481.5
16/12/2019 6:00,10760376.28,0,6729649.612,17.5,10760376.28,188306584.9
16/12/2019 7:00,10760377.62,1424891.222,9767963.322,17.5,10760377.62,188306608.3
16/12/2019 8:00,10760375.84,11165126.57,6650867.068,17.5,10760375.84,188306577.1
16/12/2019 9:00,10760376.11,21711971.6,2638422.473,17.5,10760376.11,188306582
16/12/2019 10:00,10760383.92,28855618.23,2304887.334,17.5,10760383.92,188306718.7
16/12/2019 11:00,10760400.09,30654029.84,2012961.678,17.5,10760400.09,188307001.6
16/12/2019 12:00,10760410.23,31471428.93,1900235.884,17.5,10760410.23,188307179
16/12/2019 13:00,10760411.7,29210212.22,1701927.494,17.5,10760411.7,188307204.8
16/12/2019 14:00,10760403.44,25280759.6,1727918.692,17.5,10760403.44,188307060.3
16/12/2019 15:00,10760388.75,16812432.66,2107448.111,17.5,10760388.75,188306803.1
16/12/2019 16:00,10760374.48,5989320.528,2616712.22,17.5,10760374.48,188306553.5
16/12/2019 17:00,10760360.22,0,1881617.914,17.5,10760360.22,188306303.8
16/12/2019 18:00,10760345.04,0,633737.33,17.5,10760345.04,188306038.2
16/12/2019 19:00,10760334.15,0,74859.43,17.5,10760334.15,188305847.6
16/12/2019 20:00,10760333.14,0,628111.687,17.5,10760333.14,188305829.9
16/12/2019 21:00,10760349.23,0,3730504.478,17.5,10760349.23,188306111.6
16/12/2019 22:00,10760378.91,0,7340200.345,17.5,10760378.91,188306630.9
16/12/2019 23:00,10760384.35,0,10128722.92,17.5,10760384.35,188306726.1
17/12/2019 0:00,10760364.32,0,9715720.184,17.5,10760364.32,188306375.6
17/12/2019 1:00,10760350.31,0,6997270.047,17.5,10760350.31,188306130.3
17/12/2019 2:00,10760355.54,0,4120491.023,17.5,10760355.54,188306221.9
17/12/2019 3:00,10760361.79,0,2793758.177,17.5,10760361.79,188306331.3
17/12/2019 4:00,10760360.65,0,2363001.33,17.5,10760360.65,188306311.4
17/12/2019 5:00,10760369.63,0,2261476.614,17.5,10760369.63,188306468.4
17/12/2019 6:00,10760375.13,0,3077316.281,17.5,10760375.13,188306564.7
17/12/2019 7:00,10760376.06,2060437.369,3129983.811,17.5,10760376.06,188306581
17/12/2019 8:00,10760373.88,13426097.93,1615962.124,17.5,10760373.88,188306542.9
17/12/2019 9:00,10760373.75,24048964.65,113373.128,17.5,10760373.75,188306540.7
17/12/2019 10:00,10760381.11,30838598.51,213790.218,17.5,10760381.11,188306669.4
17/12/2019 11:00,10760396.73,34213001.6,274454.61,17.5,10760396.73,188306942.8
17/12/2019 12:00,10760406.36,32867830.95,292872.904,17.5,10760406.36,188307111.3
17/12/2019 13:00,10760407.39,26385364.24,522916.845,17.5,10760407.39,188307129.4
17/12/2019 14:00,10760398.82,21775091.15,763617.051,17.5,10760398.82,188306979.3
17/12/2019 15:00,10760383.92,16656073.45,949159.345,17.5,10760383.92,188306718.5
17/12/2019 16:00,10760369.48,7025187.526,1498319.75,17.5,10760369.48,188306465.8
17/12/2019 17:00,10760355.08,0,1735361.91,17.5,10760355.08,188306213.8
17/12/2019 18:00,10760339.82,0,1288070.025,17.5,10760339.82,188305946.9
17/12/2019 19:00,10760328.83,0,596097.998,17.5,10760328.83,188305754.4
17/12/2019 20:00,10760327.58,0,28715.275,17.5,10760327.58,188305732.6
17/12/2019 21:00,10760343.16,0,17520.173,17.5,10760343.16,188306005.3
17/12/2019 22:00,10760372.08,0,874143.037,17.5,10760372.08,188306511.3
17/12/2019 23:00,10760377.19,0,4436371.169,17.5,10760377.19,188306600.8
18/12/2019 0:00,10760357.33,0,6775882.881,17.5,10760357.33,188306253.3
18/12/2019 1:00,10760343.41,0,2695757.58,17.5,10760343.41,188306009.7
18/12/2019 2:00,10760348.39,0,1348223.273,17.5,10760348.39,188306096.8
18/12/2019 3:00,10760354.38,0,1332374.467,17.5,10760354.38,188306201.7
18/12/2019 4:00,10760353.16,0,365824.452,17.5,10760353.16,188306180.2
18/12/2019 5:00,10760361.85,0,34310.705,17.5,10760361.85,188306332.3
18/12/2019 6:00,10760367.16,0,23356.774,17.5,10760367.16,188306425.3
18/12/2019 7:00,10760368.03,1867408.214,10994.746,17.5,10760368.03,188306440.5
18/12/2019 8:00,10760365.87,12998955.43,8061.734,17.5,10760365.87,188306402.8
18/12/2019 9:00,10760365.75,23647322.33,11364.179,17.5,10760365.75,188306400.7
18/12/2019 10:00,10760372.98,30428831.86,41169.909,17.5,10760372.98,188306527.1
18/12/2019 11:00,10760388.33,33523846.04,120049.735,17.5,10760388.33,188306795.8
18/12/2019 12:00,10760397.85,34005657.12,188521.452,17.5,10760397.85,188306962.3
18/12/2019 13:00,10760398.98,31511849.78,222328.161,17.5,10760398.98,188306982.1
18/12/2019 14:00,10760390.73,25829000.49,225778.587,17.5,10760390.73,188306837.8
18/12/2019 15:00,10760376.3,17152047.61,365914.441,17.5,10760376.3,188306585.3
18/12/2019 16:00,10760362.34,5953290.792,2291228.129,17.5,10760362.34,188306341
18/12/2019 17:00,10760348.44,0,8291790.996,17.5,10760348.44,188306097.6
18/12/2019 18:00,10760333.7,0,13361342.26,17.5,10760333.7,188305839.7
18/12/2019 19:00,10760323.15,0,11223261.9,17.5,10760323.15,188305655.2
18/12/2019 20:00,10760322.2,0,9998534.55,17.5,10760322.2,188305638.5
18/12/2019 21:00,10760337.84,0,12094834.79,17.5,10760337.84,188305912.2
18/12/2019 22:00,10760366.66,0,15952905.59,17.5,10760366.66,188306416.5
18/12/2019 23:00,10760372.07,0,17783152.55,17.5,10760372.07,188306511.2
19/12/2019 0:00,10760352.84,0,16785132.39,17.5,10760352.84,188306174.8
19/12/2019 1:00,10760339.46,0,13099930.09,17.5,10760339.46,188305940.5
19/12/2019 2:00,10760344.74,0,9626698.88,17.5,10760344.74,188306033
19/12/2019 3:00,10760351.05,0,8788686.662,17.5,10760351.05,188306143.4
19/12/2019 4:00,10760350.21,0,8444747.983,17.5,10760350.21,188306128.7
19/12/2019 5:00,10760359.22,0,7639125.905,17.5,10760359.22,188306286.3
19/12/2019 6:00,10760364.87,0,5774051.319,17.5,10760364.87,188306385.3
19/12/2019 7:00,10760366.1,837668.855,5050417.636,17.5,10760366.1,188306406.8
19/12/2019 8:00,10760364.32,7287228.638,2936157.816,17.5,10760364.32,188306375.6
19/12/2019 9:00,10760364.54,15795699.59,965085.995,17.5,10760364.54,188306379.4
19/12/2019 10:00,10760372.07,22496587.64,3418842.514,17.5,10760372.07,188306511.1
19/12/2019 11:00,10760387.69,25515820.04,5179323.378,17.5,10760387.69,188306784.6
19/12/2019 12:00,10760397.49,26523855.57,3934102.989,17.5,10760397.49,188306956.1
19/12/2019 13:00,10760398.88,24837527.2,3231348.83,17.5,10760398.88,188306980.5
19/12/2019 14:00,10760390.86,19543205.14,3640996.958,17.5,10760390.86,188306840
19/12/2019 15:00,10760376.6,11714212.14,4828933.836,17.5,10760376.6,188306590.6
19/12/2019 16:00,10760362.77,3544172.183,7022066.883,17.5,10760362.77,188306348.4
19/12/2019 17:00,10760348.93,0,9664411.182,17.5,10760348.93,188306106.2
19/12/2019 18:00,10760334.21,0,10598350.69,17.5,10760334.21,188305848.7
19/12/2019 19:00,10760323.66,0,10228018.14,17.5,10760323.66,188305664
19/12/2019 20:00,10760322.67,0,9121212.85,17.5,10760322.67,188305646.8
19/12/2019 21:00,10760338.27,0,9263845.093,17.5,10760338.27,188305919.6
19/12/2019 22:00,10760367.02,0,9921568.436,17.5,10760367.02,188306422.8
19/12/2019 23:00,10760372.3,0,10050665.61,17.5,10760372.3,188306515.3
20/12/2019 0:00,10760352.91,0,9612864.493,17.5,10760352.91,188306176
20/12/2019 1:00,10760339.36,0,9485334.444,17.5,10760339.36,188305938.8
20/12/2019 2:00,10760344.46,0,7405222.252,17.5,10760344.46,188306028.1
20/12/2019 3:00,10760350.57,0,4280668.656,17.5,10760350.57,188306134.9
20/12/2019 4:00,10760349.52,0,2091066.129,17.5,10760349.52,188306116.6
20/12/2019 5:00,10760358.28,0,1222740.265,17.5,10760358.28,188306269.9
20/12/2019 6:00,10760363.7,0,1186967.921,17.5,10760363.7,188306364.7
20/12/2019 7:00,10760364.69,885071.058,1033371.159,17.5,10760364.69,188306382.1
20/12/2019 8:00,10760362.69,8312632.291,467795.883,17.5,10760362.69,188306347
20/12/2019 9:00,10760362.69,18137886.77,168115.901,17.5,10760362.69,188306347
20/12/2019 10:00,10760369.96,25513452.94,497189.101,17.5,10760369.96,188306474.4
20/12/2019 11:00,10760385.3,29134759.55,1041495.506,17.5,10760385.3,188306742.7
20/12/2019 12:00,10760394.84,30884699.27,1210355.616,17.5,10760394.84,188306909.6
20/12/2019 13:00,10760396.05,28898245.32,946169.733,17.5,10760396.05,188306930.9
20/12/2019 14:00,10760387.94,20879373.19,378690.266,17.5,10760387.94,188306789
20/12/2019 15:00,10760373.68,12928229.75,52771.478,17.5,10760373.68,188306539.4
20/12/2019 16:00,10760359.88,3945540.47,192583.348,17.5,10760359.88,188306297.8
20/12/2019 17:00,10760346.11,0,1141967.069,17.5,10760346.11,188306056.9
20/12/2019 18:00,10760331.51,0,2071886.012,17.5,10760331.51,188305801.5
20/12/2019 19:00,10760321.07,0,2031950.268,17.5,10760321.07,188305618.7
20/12/2019 20:00,10760320.15,0,2056496.987,17.5,10760320.15,188305602.6
20/12/2019 21:00,10760335.71,0,3350214.946,17.5,10760335.71,188305874.9
20/12/2019 22:00,10760364.37,0,5219898.379,17.5,10760364.37,188306376.5
20/12/2019 23:00,10760369.77,0,6657927.493,17.5,10760369.77,188306470.9
21/12/2019 0:00,10760350.67,0,7627957.167,17.5,10760350.67,188306136.8
21/12/2019 1:00,10760337.38,0,7977781.243,17.5,10760337.38,188305904.2
21/12/2019 2:00,10760342.65,0,8127261.275,17.5,10760342.65,188305996.3
21/12/2019 3:00,10760348.93,0,9062334.041,17.5,10760348.93,188306106.2
21/12/2019 4:00,10760348.11,0,9566125.607,17.5,10760348.11,188306091.9
21/12/2019 5:00,10760357.07,0,9216074.844,17.5,10760357.07,188306248.7
21/12/2019 6:00,10760362.71,0,9018150.489,17.5,10760362.71,188306347.5
21/12/2019 7:00,10760363.96,1566896.52,8842129.311,17.5,10760363.96,188306369.2
21/12/2019 8:00,10760362.21,12062324.41,5608238.72,17.5,10760362.21,188306338.6
21/12/2019 9:00,10760362.45,22673230.01,2010249.043,17.5,10760362.45,188306342.9
21/12/2019 10:00,10760369.97,29687590.69,1494623.869,17.5,10760369.97,188306474.5
21/12/2019 11:00,10760385.56,31617785.85,848288.629,17.5,10760385.56,188306747.2
21/12/2019 12:00,10760395.35,32461596.49,1223104.47,17.5,10760395.35,188306918.6
21/12/2019 13:00,10760396.8,30243055.5,2070873.58,17.5,10760396.8,188306943.9
21/12/2019 14:00,10760388.88,22134452.34,2866741.531,17.5,10760388.88,188306805.4
21/12/2019 15:00,10760374.77,13832163.14,3051025.59,17.5,10760374.77,188306558.5
21/12/2019 16:00,10760361.08,4317424.611,3476345.537,17.5,10760361.08,188306319
21/12/2019 17:00,10760347.4,0,3637225.24,17.5,10760347.4,188306079.5
21/12/2019 18:00,10760332.85,0,3027932.84,17.5,10760332.85,188305824.8
21/12/2019 19:00,10760322.44,0,1947105.846,17.5,10760322.44,188305642.6
21/12/2019 20:00,10760321.57,0,820070.248,17.5,10760321.57,188305627.5
21/12/2019 21:00,10760337.24,0,377954.468,17.5,10760337.24,188305901.7
21/12/2019 22:00,10760366.06,0,568614.487,17.5,10760366.06,188306406
21/12/2019 23:00,10760371.49,0,1479760.895,17.5,10760371.49,188306501
22/12/2019 0:00,10760352.3,0,2808946.769,17.5,10760352.3,188306165.3
22/12/2019 1:00,10760338.94,0,3697266.86,17.5,10760338.94,188305931.4
22/12/2019 2:00,10760344.21,0,3017924.977,17.5,10760344.21,188306023.6
22/12/2019 3:00,10760350.49,0,1540747.834,17.5,10760350.49,188306133.6
22/12/2019 4:00,10760349.63,0,859363.037,17.5,10760349.63,188306118.6
22/12/2019 5:00,10760358.6,0,1254902.295,17.5,10760358.6,188306275.5
22/12/2019 6:00,10760364.23,0,3515222.661,17.5,10760364.23,188306374
22/12/2019 7:00,10760365.45,1352999.522,6654482.471,17.5,10760365.45,188306395.3
22/12/2019 8:00,10760363.66,11089746.58,5165900.386,17.5,10760363.66,188306364.1
22/12/2019 9:00,10760363.89,21528944.82,1312019.6,17.5,10760363.89,188306368
22/12/2019 10:00,10760371.42,28618725.59,49255.988,17.5,10760371.42,188306499.9
22/12/2019 11:00,10760387.07,30963789.28,1476.289,17.5,10760387.07,188306773.7
22/12/2019 12:00,10760396.91,31548963.05,38399.88,17.5,10760396.91,188306945.9
22/12/2019 13:00,10760398.4,29196263.63,49043.079,17.5,10760398.4,188306971.9
22/12/2019 14:00,10760390.5,24015560.99,20193.425,17.5,10760390.5,188306833.7
22/12/2019 15:00,10760376.4,15378781.56,3909.48,17.5,10760376.4,188306587
22/12/2019 16:00,10760362.74,4945367.915,6268.554,17.5,10760362.74,188306347.9
22/12/2019 17:00,10760349.1,0,21209.619,17.5,10760349.1,188306109.2
22/12/2019 18:00,10760334.6,0,23497.64,17.5,10760334.6,188305855.5
22/12/2019 19:00,10760324.28,0,4124.094,17.5,10760324.28,188305674.9
22/12/2019 20:00,10760323.57,0,2563.489,17.5,10760323.57,188305662.5
22/12/2019 21:00,10760339.53,0,219078.853,17.5,10760339.53,188305941.7
22/12/2019 22:00,10760368.76,0,2165406.808,17.5,10760368.76,188306453.3
22/12/2019 23:00,10760374.48,0,6140129.137,17.5,10760374.48,188306553.3
23/12/2019 0:00,10760355.38,0,8906285.121,17.5,10760355.38,188306219.2
23/12/2019 1:00,10760342.15,0,7782126.764,17.5,10760342.15,188305987.5
23/12/2019 2:00,10760347.72,0,4748309.622,17.5,10760347.72,188306085.1
23/12/2019 3:00,10760354.34,0,2523276.526,17.5,10760354.34,188306200.9
23/12/2019 4:00,10760353.75,0,1493526.234,17.5,10760353.75,188306190.6
23/12/2019 5:00,10760363.1,0,1131464.373,17.5,10760363.1,188306354.3
23/12/2019 6:00,10760369.09,0,720658.875,17.5,10760369.09,188306459
23/12/2019 7:00,10760370.61,1642026.24,295781.704,17.5,10760370.61,188306485.6
23/12/2019 8:00,10760369.08,12417192.9,68810.944,17.5,10760369.08,188306458.8
23/12/2019 9:00,10760369.58,22874351.07,100,17.5,10760369.58,188306467.7
23/12/2019 10:00,10760377.51,28361141.06,46760.295,17.5,10760377.51,188306606.4
23/12/2019 11:00,10760393.68,29718831.31,580001.147,17.5,10760393.68,188306889.4
23/12/2019 12:00,10760403.96,28690688.98,559585.14,17.5,10760403.96,188307069.2
23/12/2019 13:00,10760405.72,23046741.22,605475.849,17.5,10760405.72,188307100
23/12/2019 14:00,10760397.9,16148063.32,669059.527,17.5,10760397.9,188306963.3
23/12/2019 15:00,10760383.73,10133401.17,665805.854,17.5,10760383.73,188306715.3
23/12/2019 16:00,10760369.98,3356978.481,682267.032,17.5,10760369.98,188306474.6
23/12/2019 17:00,10760356.21,0,1037529.823,17.5,10760356.21,188306233.7
23/12/2019 18:00,10760341.53,0,1790745.346,17.5,10760341.53,188305976.8
23/12/2019 19:00,10760331.08,0,2950883.729,17.5,10760331.08,188305794
23/12/2019 20:00,10760330.43,0,4409532.654,17.5,10760330.43,188305782.4
23/12/2019 21:00,10760346.76,0,6203479.894,17.5,10760346.76,188306068.4
23/12/2019 22:00,10760376.65,0,7644741.792,17.5,10760376.65,188306591.3
23/12/2019 23:00,10760382.49,0,8549928.274,17.5,10760382.49,188306693.6
24/12/2019 0:00,10760362.98,0,9257574.839,17.5,10760362.98,188306352.1
24/12/2019 1:00,10760349.43,0,9768457.767,17.5,10760349.43,188306115
24/12/2019 2:00,10760355.08,0,9776064.192,17.5,10760355.08,188306213.8
24/12/2019 3:00,10760361.76,0,9297758.974,17.5,10760361.76,188306330.9
24/12/2019 4:00,10760361.08,0,8951588.823,17.5,10760361.08,188306318.9
24/12/2019 5:00,10760370.53,0,8856047.417,17.5,10760370.53,188306484.2
24/12/2019 6:00,10760376.52,0,7540721.072,17.5,10760376.52,188306589.2
24/12/2019 7:00,10760377.94,1541098.921,4877306.143,17.5,10760377.94,188306614
24/12/2019 8:00,10760376.24,11995063.11,1621811.32,17.5,10760376.24,188306584.2
24/12/2019 9:00,10760376.6,22633308.01,315945.132,17.5,10760376.6,188306590.6
24/12/2019 10:00,10760384.51,29750510.6,553602.827,17.5,10760384.51,188306729
24/12/2019 11:00,10760400.8,32824617.82,1206018.569,17.5,10760400.8,188307014
24/12/2019 12:00,10760411.06,33259205.08,487219.89,17.5,10760411.06,188307193.6
24/12/2019 13:00,10760412.65,30724827.7,105901.207,17.5,10760412.65,188307221.3
24/12/2019 14:00,10760404.49,25528834.66,37449.31,17.5,10760404.49,188307078.5
24/12/2019 15:00,10760389.88,16588310.92,37258.696,17.5,10760389.88,188306822.9
24/12/2019 16:00,10760375.7,5511858.011,140464.324,17.5,10760375.7,188306574.7
24/12/2019 17:00,10760361.52,0,1037211.279,17.5,10760361.52,188306326.5
24/12/2019 18:00,10760346.42,0,2431505.355,17.5,10760346.42,188306062.4
24/12/2019 19:00,10760335.63,0,3296218.547,17.5,10760335.63,188305873.5
24/12/2019 20:00,10760334.76,0,3035845.052,17.5,10760334.76,188305858.3
24/12/2019 21:00,10760351.1,0,2521244.504,17.5,10760351.1,188306144.3
24/12/2019 22:00,10760381.12,0,2640000.826,17.5,10760381.12,188306669.6
24/12/2019 23:00,10760386.78,0,4594835.65,17.5,10760386.78,188306768.7
25/12/2019 0:00,10760366.81,0,8246795.132,17.5,10760366.81,188306419.2
25/12/2019 1:00,10760352.88,0,10167917.43,17.5,10760352.88,188306175.4
25/12/2019 2:00,10760358.33,0,10325088.91,17.5,10760358.33,188306270.8
25/12/2019 3:00,10760364.82,0,9892308.733,17.5,10760364.82,188306384.3
25/12/2019 4:00,10760363.86,0,8919934.749,17.5,10760363.86,188306367.5
25/12/2019 5:00,10760373.09,0,7469378.203,17.5,10760373.09,188306529.1
25/12/2019 6:00,10760378.82,0,5177156.003,17.5,10760378.82,188306629.4
25/12/2019 7:00,10760379.94,1730306.114,2618614.314,17.5,10760379.94,188306648.9
25/12/2019 8:00,10760377.9,12748067.63,597460.067,17.5,10760377.9,188306613.2
25/12/2019 9:00,10760377.92,23433880.55,15135.099,17.5,10760377.92,188306613.7
25/12/2019 10:00,10760385.5,30433736.37,20308.826,17.5,10760385.5,188306746.3
25/12/2019 11:00,10760401.44,34394548.68,7199.07,17.5,10760401.44,188307025.2
25/12/2019 12:00,10760411.31,35036534.62,14729.146,17.5,10760411.31,188307197.9
25/12/2019 13:00,10760412.46,32639760.61,18769.396,17.5,10760412.46,188307218.1
25/12/2019 14:00,10760403.87,25538837.46,15944.945,17.5,10760403.87,188307067.7
25/12/2019 15:00,10760388.84,16771577.6,82003.206,17.5,10760388.84,188306804.7
25/12/2019 16:00,10760374.26,5737484.871,1037479.665,17.5,10760374.26,188306549.5
25/12/2019 17:00,10760359.69,0,3451119.297,17.5,10760359.69,188306294.5
25/12/2019 18:00,10760344.23,0,4598668.162,17.5,10760344.23,188306024.1
25/12/2019 19:00,10760333.07,0,2831283.739,17.5,10760333.07,188305828.8
25/12/2019 20:00,10760331.77,0,452808.63,17.5,10760331.77,188305806
25/12/2019 21:00,10760347.5,0,63176.626,17.5,10760347.5,188306081.2
25/12/2019 22:00,10760376.7,0,724601.986,17.5,10760376.7,188306592.2
25/12/2019 23:00,10760381.79,0,3193189.303,17.5,10760381.79,188306681.3
26/12/2019 0:00,10760361.6,0,5867725.952,17.5,10760361.6,188306327.9
26/12/2019 1:00,10760347.42,0,7009870.662,17.5,10760347.42,188306079.8
26/12/2019 2:00,10760352.35,0,5912222.51,17.5,10760352.35,188306166.1
26/12/2019 3:00,10760358.31,0,4033802.496,17.5,10760358.31,188306270.4
26/12/2019 4:00,10760356.97,0,2392608.566,17.5,10760356.97,188306247
26/12/2019 5:00,10760365.65,0,1043025.009,17.5,10760365.65,188306398.9
26/12/2019 6:00,10760370.93,0,340253.983,17.5,10760370.93,188306491.2
26/12/2019 7:00,10760371.71,2127145.848,109472.652,17.5,10760371.71,188306505
26/12/2019 8:00,10760369.46,14137395.76,41953.538,17.5,10760369.46,188306465.6
26/12/2019 9:00,10760369.28,24821679.14,9401.736,17.5,10760369.28,188306462.4
26/12/2019 10:00,10760376.53,31736342.8,86503.309,17.5,10760376.53,188306589.2
26/12/2019 11:00,10760391.99,33876266.51,617503.087,17.5,10760391.99,188306859.9
26/12/2019 12:00,10760401.59,34403446.26,1029169.075,17.5,10760401.59,188307027.8
26/12/2019 13:00,10760402.75,31950059.46,1166289.172,17.5,10760402.75,188307048.2
26/12/2019 14:00,10760394.47,27505147.04,734897.159,17.5,10760394.47,188306903.2
26/12/2019 15:00,10760379.98,18786270.15,425152.919,17.5,10760379.98,188306649.7
26/12/2019 16:00,10760365.99,7099927.106,425708.23,17.5,10760365.99,188306404.8
26/12/2019 17:00,10760352.07,0,586120.469,17.5,10760352.07,188306161.2
26/12/2019 18:00,10760337.34,0,669699.678,17.5,10760337.34,188305903.4
26/12/2019 19:00,10760326.86,0,533006.358,17.5,10760326.86,188305720.1
26/12/2019 20:00,10760326.11,0,371961.445,17.5,10760326.11,188305706.9
26/12/2019 21:00,10760342.18,0,414165.747,17.5,10760342.18,188305988.2
26/12/2019 22:00,10760371.67,0,566582.254,17.5,10760371.67,188306504.2
26/12/2019 23:00,10760377.49,0,730923.585,17.5,10760377.49,188306606
27/12/2019 0:00,10760358.32,0,774235.701,17.5,10760358.32,188306270.6
27/12/2019 1:00,10760345.08,0,566935.426,17.5,10760345.08,188306038.8
27/12/2019 2:00,10760350.82,0,358586.153,17.5,10760350.82,188306139.4
27/12/2019 3:00,10760357.64,0,334603.817,17.5,10760357.64,188306258.7
27/12/2019 4:00,10760357.21,0,672843.604,17.5,10760357.21,188306251.1
27/12/2019 5:00,10760366.83,0,1620208.495,17.5,10760366.83,188306419.5
27/12/2019 6:00,10760373.07,0,3036010.585,17.5,10760373.07,188306528.7
27/12/2019 7:00,10760374.81,2097695.926,4763009.057,17.5,10760374.81,188306559.1
27/12/2019 8:00,10760373.47,13947384.33,4362102.097,17.5,10760373.47,188306535.7
27/12/2019 9:00,10760374.19,24594331.29,2146580.241,17.5,10760374.19,188306548.3
27/12/2019 10:00,10760382.43,31471765.96,2663909.344,17.5,10760382.43,188306692.6
27/12/2019 11:00,10760399.04,35819544.4,3448155.514,17.5,10760399.04,188306983.2
27/12/2019 12:00,10760409.68,36224500.35,3848853.797,17.5,10760409.68,188307169.4
27/12/2019 13:00,10760411.69,33644171.25,4311368.559,17.5,10760411.69,188307204.5
27/12/2019 14:00,10760403.96,25159050.39,4372532.633,17.5,10760403.96,188307069.3
27/12/2019 15:00,10760389.77,16140985.46,4516927.343,17.5,10760389.77,188306820.9
27/12/2019 16:00,10760375.96,5255322.55,6954969.752,17.5,10760375.96,188306579.3
27/12/2019 17:00,10760362.11,0,12004890.54,17.5,10760362.11,188306337
27/12/2019 18:00,10760347.31,0,15992922.42,17.5,10760347.31,188306078
27/12/2019 19:00,10760336.79,0,15802434.79,17.5,10760336.79,188305893.8
27/12/2019 20:00,10760336.2,0,12318396.67,17.5,10760336.2,188305883.5
27/12/2019 21:00,10760352.9,0,8341004.254,17.5,10760352.9,188306175.7
27/12/2019 22:00,10760383.37,0,5286662.653,17.5,10760383.37,188306709
27/12/2019 23:00,10760389.37,0,3278004.578,17.5,10760389.37,188306814
28/12/2019 0:00,10760369.55,0,2072259.161,17.5,10760369.55,188306467.1
28/12/2019 1:00,10760355.79,0,1764374.645,17.5,10760355.79,188306226.2
28/12/2019 2:00,10760361.56,0,1823146.456,17.5,10760361.56,188306327.2
28/12/2019 3:00,10760368.38,0,1759766.886,17.5,10760368.38,188306446.7
28/12/2019 4:00,10760367.69,0,1510300.662,17.5,10760367.69,188306434.6
28/12/2019 5:00,10760377.32,0,1205707.097,17.5,10760377.32,188306603.1
28/12/2019 6:00,10760383.43,0,946584.328,17.5,10760383.43,188306709.9
28/12/2019 7:00,10760384.87,1468488.86,932782.715,17.5,10760384.87,188306735.3
28/12/2019 8:00,10760383.14,11773827.08,444404.647,17.5,10760383.14,188306705
28/12/2019 9:00,10760383.51,22560881.84,95287.864,17.5,10760383.51,188306711.4
28/12/2019 10:00,10760391.57,29846039.27,302470.665,17.5,10760391.57,188306852.4
28/12/2019 11:00,10760408.16,32956723.77,620216.017,17.5,10760408.16,188307142.8
28/12/2019 12:00,10760418.62,33454469.69,848175.236,17.5,10760418.62,188307325.9
28/12/2019 13:00,10760420.26,30843244.07,1219298.251,17.5,10760420.26,188307354.5
28/12/2019 14:00,10760411.98,24371675.22,1205634.899,17.5,10760411.98,188307209.6
28/12/2019 15:00,10760397.14,15381734.58,1067618.494,17.5,10760397.14,188306949.9
28/12/2019 16:00,10760382.74,4804449.73,1762678.177,17.5,10760382.74,188306697.9
28/12/2019 17:00,10760368.35,0,3080907.759,17.5,10760368.35,188306446.1
28/12/2019 18:00,10760353.04,0,3958293.379,17.5,10760353.04,188306178.1
28/12/2019 19:00,10760342.11,0,3596425.958,17.5,10760342.11,188305987
28/12/2019 20:00,10760341.32,0,2822281.131,17.5,10760341.32,188305973
28/12/2019 21:00,10760358.08,0,2499658.852,17.5,10760358.08,188306266.3
28/12/2019 22:00,10760388.82,0,2238960.892,17.5,10760388.82,188306804.3
28/12/2019 23:00,10760394.74,0,1811437.302,17.5,10760394.74,188306907.9
29/12/2019 0:00,10760374.5,0,1281628.489,17.5,10760374.5,188306553.8
29/12/2019 1:00,10760360.44,0,1077878.49,17.5,10760360.44,188306307.6
29/12/2019 2:00,10760366.18,0,1509950.187,17.5,10760366.18,188306408.1
29/12/2019 3:00,10760372.99,0,2354425.742,17.5,10760372.99,188306527.3
29/12/2019 4:00,10760372.2,0,2966993.916,17.5,10760372.2,188306513.6
29/12/2019 5:00,10760381.87,0,2897236.008,17.5,10760381.87,188306682.6
29/12/2019 6:00,10760387.97,0,2090457.322,17.5,10760387.97,188306789.4
29/12/2019 7:00,10760389.36,1233572.841,1087774.943,17.5,10760389.36,188306813.7
29/12/2019 8:00,10760387.53,10478277.35,221385.59,17.5,10760387.53,188306781.8
29/12/2019 9:00,10760387.83,20866473.01,4454.499,17.5,10760387.83,188306787.1
29/12/2019 10:00,10760395.91,28086703.05,419.333,17.5,10760395.91,188306928.4
29/12/2019 11:00,10760412.6,32831133.88,266.218,17.5,10760412.6,188307220.5
29/12/2019 12:00,10760423.09,33431752.51,6647.851,17.5,10760423.09,188307404
29/12/2019 13:00,10760424.64,30884981.57,39211.835,17.5,10760424.64,188307431.1
29/12/2019 14:00,10760416.16,22373767.61,97305.575,17.5,10760416.16,188307282.8
29/12/2019 15:00,10760401.06,13790732.13,110768.596,17.5,10760401.06,188307018.5
29/12/2019 16:00,10760386.39,4146432.588,97792.846,17.5,10760386.39,188306761.8
29/12/2019 17:00,10760371.73,0,66864.667,17.5,10760371.73,188306505.2
29/12/2019 18:00,10760356.13,0,60318.085,17.5,10760356.13,188306232.3
29/12/2019 19:00,10760344.96,0,48447.545,17.5,10760344.96,188306036.8
29/12/2019 20:00,10760343.99,0,37708.676,17.5,10760343.99,188306019.8
29/12/2019 21:00,10760360.7,0,68650.846,17.5,10760360.7,188306312.2
29/12/2019 22:00,10760391.45,0,149198.596,17.5,10760391.45,188306850.4
29/12/2019 23:00,10760397.19,0,146077.122,17.5,10760397.19,188306950.9
30/12/2019 0:00,10760376.62,0,42777.314,17.5,10760376.62,188306590.9
30/12/2019 1:00,10760362.28,0,4224.446,17.5,10760362.28,188306339.8
30/12/2019 2:00,10760367.84,0,4583.155,17.5,10760367.84,188306437.1
30/12/2019 3:00,10760374.47,0,16533.681,17.5,10760374.47,188306553.3
30/12/2019 4:00,10760373.48,0,18461.704,17.5,10760373.48,188306535.9
30/12/2019 5:00,10760382.97,0,8581.211,17.5,10760382.97,188306702
30/12/2019 6:00,10760388.9,0,2101.37,17.5,10760388.9,188306805.7
30/12/2019 7:00,10760390.11,1377290.794,311.608,17.5,10760390.11,188306826.9
30/12/2019 8:00,10760388.11,11239208.02,328.298,17.5,10760388.11,188306791.9
30/12/2019 9:00,10760388.26,21736425.85,6781.127,17.5,10760388.26,188306794.6
30/12/2019 10:00,10760396.21,28801797.84,147357.699,17.5,10760396.21,188306933.6
30/12/2019 11:00,10760412.79,34330623.78,196258.522,17.5,10760412.79,188307223.8
30/12/2019 12:00,10760423.18,34832894.34,276031.84,17.5,10760423.18,188307405.6
30/12/2019 13:00,10760424.66,32189589.47,590763.831,17.5,10760424.66,188307431.5
30/12/2019 14:00,10760416.14,25727471.91,1332486.467,17.5,10760416.14,188307282.4
30/12/2019 15:00,10760401.02,16630929.51,2777976.793,17.5,10760401.02,188307017.9
30/12/2019 16:00,10760386.38,5458445.084,6377874.429,17.5,10760386.38,188306761.6
30/12/2019 17:00,10760371.77,0,12267951.49,17.5,10760371.77,188306505.9
30/12/2019 18:00,10760356.25,0,17311395.84,17.5,10760356.25,188306234.4
30/12/2019 19:00,10760345.19,0,18147604.15,17.5,10760345.19,188306040.8
30/12/2019 20:00,10760344.36,0,13834253.1,17.5,10760344.36,188306026.3
30/12/2019 21:00,10760361.27,0,8359948.847,17.5,10760361.27,188306322.2
30/12/2019 22:00,10760392.3,0,4634912.882,17.5,10760392.3,188306865.3
30/12/2019 23:00,10760398.34,0,2402120.495,17.5,10760398.34,188306970.9
31/12/2019 0:00,10760378,0,1135113.021,17.5,10760378,188306615.1
31/12/2019 1:00,10760363.92,0,479110.191,17.5,10760363.92,188306368.6
31/12/2019 2:00,10760369.87,0,296624.165,17.5,10760369.87,188306472.6
31/12/2019 3:00,10760376.94,0,305682.563,17.5,10760376.94,188306596.4
31/12/2019 4:00,10760376.37,0,289000.728,17.5,10760376.37,188306586.5
31/12/2019 5:00,10760386.42,0,300235.557,17.5,10760386.42,188306762.3
31/12/2019 6:00,10760392.91,0,479181.883,17.5,10760392.91,188306876
31/12/2019 7:00,10760394.7,984788.811,796997.362,17.5,10760394.7,188306907.2
31/12/2019 8:00,10760393.27,8944622.58,423686.219,17.5,10760393.27,188306882.2
31/12/2019 9:00,10760394.05,18641673.74,39054.73,17.5,10760394.05,188306895.8
31/12/2019 10:00,10760402.79,25749770.21,22696.003,17.5,10760402.79,188307048.8
31/12/2019 11:00,10760420.39,28116128.84,56978.004,17.5,10760420.39,188307356.8
31/12/2019 12:00,10760431.77,28694650.38,222718.412,17.5,10760431.77,188307556
31/12/2019 13:00,10760434.13,26048337.76,1055496.165,17.5,10760434.13,188307597.2
31/12/2019 14:00,10760426.28,18455672.21,2753655.766,17.5,10760426.28,188307459.9
31/12/2019 15:00,10760411.67,10584432.66,4694136.995,17.5,10760411.67,188307204.2
31/12/2019 16:00,10760397.51,2910810.781,6812078.113,17.5,10760397.51,188306956.4
31/12/2019 17:00,10760383.36,0,7791402.835,17.5,10760383.36,188306708.7
31/12/2019 18:00,10760368.23,0,6457233.807,17.5,10760368.23,188306444
31/12/2019 19:00,10760357.67,0,3404973.956,17.5,10760357.67,188306259.2
31/12/2019 20:00,10760357.71,0,746672.883,17.5,10760357.71,188306260
31/12/2019 21:00,10760376.25,0,130205.104,17.5,10760376.25,188306584.4
31/12/2019 22:00,10760409.66,0,161602.284,17.5,10760409.66,188307169.1
31/12/2019 23:00,10760417.11,0,729018.61,17.5,10760417.11,188307299.4
01/01/2020 0:00,10760396.94,0,2446827.766,17.5,10760396.94,188306946.5
01/01/2020 1:00,10760383.26,0,4387993.86,17.5,10760383.26,188306707.1
01/01/2020 2:00,10760390.68,0,5916328.34,17.5,10760390.68,188306836.9
01/01/2020 3:00,10760399.36,0,7146666.433,17.5,10760399.36,188306988.7
01/01/2020 4:00,10760400,0,7566795.417,17.5,10760400,188306999.9
,,,,,,
,,,,,,
,,,,,,
,,,,,,
,,,,,,
,,,,,,
,,,,,,
,,,,,,
,,,,,,
,,,,,,
,,,,,,
,,,,,,
,,,,,,
,,,,,,
,,,,,,
,,,,,,
,,,,,,
,,,,,,
,,,,,,
,,,,,,
,,,,,,
,,,,,,
,,,,,,
,,,,,,
,,,,,,
,,,,,,
,,,,,,
,,,,,,
,,,,,,
,,,,,,
,,,,,,
,,,,,,
,,,,,,
,,,,,,
,,,,,,
,,,,,,
,,,,,,
,,,,,,
,,,,,,
,,,,,,
,,,,,,
,,,,,,
,,,,,,
,,,,,,
,,,,,,
,,,,,,
,,,,,,
,,,,,,
,,,,,,
,,,,,,
,,,,,,
,,,,,,
,,,,,,
,,,,,,
,,,,,,
,,,,,,
,,,,,,
,,,,,,
,,,,,,
,,,,,,
,,,,,,
,,,,,,
,,,,,,
,,,,,,
,,,,,,
,,,,,,
,,,,,,
,,,,,,
,,,,,,
,,,,,,
,,,,,,
,,,,,,
,,,,,,
,,,,,,
,,,,,,
,,,,,,
,,,,,,
,,,,,,
,,,,,,
,,,,,,
,,,,,,
,,,,,,
,,,,,,
,,,,,,
,,,,,,
,,,,,,
,,,,,,
,,,,,,
,,,,,,
,,,,,,
,,,,,,
,,,,,,
,,,,,,
,,,,,,
,,,,,,
,,,,,,
,,,,,,
,,,,,,
,,,,,,
,,,,,,
,,,,,,
,,,,,,
,,,,,,
,,,,,,
,,,,,,
,,,,,,
,,,,,,
,,,,,,
,,,,,,
,,,,,,
,,,,,,
,,,,,,
,,,,,,
,,,,,,
,,,,,,
,,,,,,
,,,,,,
,,,,,,
,,,,,,
,,,,,,
,,,,,,
,,,,,,
,,,,,,
,,,,,,
,,,,,,
,,,,,,
,,,,,,
,,,,,,
,,,,,,
,,,,,,
,,,,,,
,,,,,,
,,,,,,
,,,,,,
,,,,,,
,,,,,,
,,,,,,
,,,,,,
,,,,,,
,,,,,,
,,,,,,
,,,,,,
,,,,,,
,,,,,,
,,,,,,
,,,,,,
,,,,,,
,,,,,,
,,,,,,
,,,,,,
,,,,,,
,,,,,,
,,,,,,
,,,,,,
,,,,,,
,,,,,,
,,,,,,
,,,,,,
,,,,,,
,,,,,,
,,,,,,
,,,,,,
,,,,,,
,,,,,,
,,,,,,
,,,,,,
,,,,,,
,,,,,,
,,,,,,
,,,,,,
,,,,,,
,,,,,,
,,,,,,
,,,,,,
,,,,,,
,,,,,,
,,,,,,
,,,,,,
,,,,,,
,,,,,,
,,,,,,
,,,,,,
,,,,,,
,,,,,,
,,,,,,
,,,,,,
,,,,,,
,,,,,,
,,,,,,
,,,,,,
,,,,,,
,,,,,,
,,,,,,
,,,,,,
,,,,,,
,,,,,,
,,,,,,
,,,,,,
,,,,,,
,,,,,,
,,,,,,
,,,,,,
,,,,,,
,,,,,,
,,,,,,
,,,,,,
,,,,,,
,,,,,,
,,,,,,
,,,,,,
,,,,,,
,,,,,,
,,,,,,
,,,,,,
,,,,,,
,,,,,,
,,,,,,
,,,,,,
,,,,,,
,,,,,,
,,,,,,
,,,,,,
,,,,,,
,,,,,,
,,,,,,
,,,,,,
,,,,,,
,,,,,,
,,,,,,
,,,,,,
,,,,,,
,,,,,,
,,,,,,
,,,,,,
,,,,,,
,,,,,,
,,,,,,
,,,,,,
,,,,,,
,,,,,,
,,,,,,
,,,,,,
,,,,,,
,,,,,,
,,,,,,
,,,,,,
,,,,,,
,,,,,,
,,,,,,
,,,,,,
,,,,,,
,,,,,,
,,,,,,
,,,,,,
,,,,,,
,,,,,,
,,,,,,
,,,,,,
,,,,,,
,,,,,,
,,,,,,
,,,,,,
,,,,,,
,,,,,,
,,,,,,
,,,,,,
,,,,,,
,,,,,,
,,,,,,
,,,,,,
,,,,,,
,,,,,,
,,,,,,
,,,,,,
,,,,,,
,,,,,,
,,,,,,
,,,,,,
,,,,,,
,,,,,,
,,,,,,
,,,,,,
,,,,,,
,,,,,,
,,,,,,
,,,,,,
,,,,,,
,,,,,,
,,,,,,
,,,,,,
,,,,,,
,,,,,,
,,,,,,
,,,,,,
,,,,,,
,,,,,,
,,,,,,
,,,,,,
,,,,,,
,,,,,,
,,,,,,
,,,,,,
,,,,,,
,,,,,,
,,,,,,
,,,,,,
,,,,,,
,,,,,,
,,,,,,
,,,,,,
,,,,,,
,,,,,,
,,,,,,
,,,,,,
,,,,,,
,,,,,,
,,,,,,
,,,,,,
,,,,,,
,,,,,,
,,,,,,
,,,,,,
,,,,,,
,,,,,,
,,,,,,
,,,,,,
,,,,,,
,,,,,,
,,,,,,
,,,,,,
,,,,,,
,,,,,,
,,,,,,
,,,,,,
,,,,,,
,,,,,,
,,,,,,
,,,,,,
,,,,,,
,,,,,,
,,,,,,
,,,,,,
,,,,,,
,,,,,,
,,,,,,
,,,,,,
,,,,,,
,,,,,,
,,,,,,
,,,,,,
,,,,,,
,,,,,,
,,,,,,
,,,,,,
,,,,,,
,,,,,,
,,,,,,
,,,,,,
,,,,,,
,,,,,,
,,,,,,
,,,,,,
,,,,,,
,,,,,,
,,,,,,
,,,,,,
,,,,,,
,,,,,,
,,,,,,
,,,,,,
,,,,,,
,,,,,,
,,,,,,
,,,,,,
,,,,,,
,,,,,,
,,,,,,
,,,,,,
,,,,,,
,,,,,,
,,,,,,
,,,,,,
,,,,,,
,,,,,,
,,,,,,
,,,,,,
,,,,,,
,,,,,,
,,,,,,
,,,,,,
,,,,,,
,,,,,,
,,,,,,
,,,,,,
,,,,,,
,,,,,,
,,,,,,
,,,,,,
,,,,,,
,,,,,,
,,,,,,
,,,,,,
,,,,,,
,,,,,,
,,,,,,
,,,,,,
,,,,,,
,,,,,,
,,,,,,
,,,,,,
,,,,,,
,,,,,,
,,,,,,
,,,,,,
,,,,,,
,,,,,,
,,,,,,
,,,,,,
,,,,,,
,,,,,,
,,,,,,
,,,,,,
,,,,,,
,,,,,,
,,,,,,
,,,,,,
,,,,,,
,,,,,,
,,,,,,
,,,,,,
,,,,,,
,,,,,,
,,,,,,
,,,,,,
,,,,,,
,,,,,,
,,,,,,
,,,,,,
,,,,,,
,,,,,,
,,,,,,
,,,,,,
,,,,,,
,,,,,,
,,,,,,
,,,,,,
,,,,,,
,,,,,,
,,,,,,
,,,,,,
,,,,,,
,,,,,,
,,,,,,
,,,,,,
,,,,,,
,,,,,,
,,,,,,
,,,,,,
,,,,,,
,,,,,,
,,,,,,
,,,,,,
,,,,,,
,,,,,,
,,,,,,
,,,,,,
,,,,,,
,,,,,,
,,,,,,
,,,,,,
,,,,,,
,,,,,,
,,,,,,
,,,,,,
,,,,,,
,,,,,,
,,,,,,
,,,,,,
,,,,,,
,,,,,,
,,,,,,
,,,,,,
,,,,,,
,,,,,,
,,,,,,
,,,,,,
,,,,,,
,,,,,,
,,,,,,
,,,,,,
,,,,,,
,,,,,,
,,,,,,
,,,,,,
,,,,,,
,,,,,,
,,,,,,
,,,,,,
,,,,,,
,,,,,,
,,,,,,
,,,,,,
,,,,,,
,,,,,,
,,,,,,
,,,,,,
,,,,,,
,,,,,,
,,,,,,
,,,,,,
,,,,,,
,,,,,,
,,,,,,
,,,,,,
,,,,,,
,,,,,,
,,,,,,
,,,,,,
,,,,,,
,,,,,,
,,,,,,
,,,,,,
,,,,,,
,,,,,,
,,,,,,
,,,,,,
,,,,,,
,,,,,,
,,,,,,
,,,,,,
,,,,,,
,,,,,,
,,,,,,
,,,,,,
,,,,,,
,,,,,,
,,,,,,
,,,,,,
,,,,,,
,,,,,,
,,,,,,
,,,,,,
,,,,,,
,,,,,,
,,,,,,
,,,,,,
,,,,,,
,,,,,,
,,,,,,
,,,,,,
,,,,,,
,,,,,,
,,,,,,
,,,,,,
,,,,,,
,,,,,,
,,,,,,
,,,,,,
,,,,,,
,,,,,,
,,,,,,
,,,,,,
,,,,,,
,,,,,,
,,,,,,
,,,,,,
,,,,,,
,,,,,,
,,,,,,
,,,,,,
,,,,,,
,,,,,,
,,,,,,
,,,,,,
,,,,,,
,,,,,,
,,,,,,
,,,,,,
,,,,,,
,,,,,,
,,,,,,
,,,,,,
,,,,,,
,,,,,,
,,,,,,
,,,,,,
,,,,,,
,,,,,,
,,,,,,
,,,,,,
,,,,,,
,,,,,,
,,,,,,
,,,,,,
,,,,,,
,,,,,,
,,,,,,
,,,,,,
,,,,,,
,,,,,,
,,,,,,
,,,,,,
,,,,,,
,,,,,,
,,,,,,
,,,,,,
,,,,,,
,,,,,,
,,,,,,
,,,,,,
,,,,,,
,,,,,,
,,,,,,
,,,,,,
,,,,,,
,,,,,,
,,,,,,
,,,,,,
,,,,,,
,,,,,,
,,,,,,
,,,,,,
,,,,,,
,,,,,,
,,,,,,
,,,,,,
,,,,,,
,,,,,,
,,,,,,
,,,,,,
,,,,,,
,,,,,,
,,,,,,
,,,,,,
,,,,,,
,,,,,,
,,,,,,
,,,,,,
,,,,,,
,,,,,,
,,,,,,
,,,,,,
,,,,,,
,,,,,,
,,,,,,
,,,,,,
,,,,,,
,,,,,,
,,,,,,
,,,,,,
,,,,,,
,,,,,,
,,,,,,
,,,,,,
,,,,,,
,,,,,,
,,,,,,
,,,,,,
,,,,,,
,,,,,,
,,,,,,
,,,,,,
,,,,,,
,,,,,,
,,,,,,
,,,,,,
,,,,,,
,,,,,,
,,,,,,
,,,,,,
,,,,,,
,,,,,,
,,,,,,
,,,,,,
,,,,,,
,,,,,,
,,,,,,
,,,,,,
,,,,,,
,,,,,,
,,,,,,
,,,,,,
,,,,,,
,,,,,,
,,,,,,
,,,,,,
,,,,,,
,,,,,,
,,,,,,
,,,,,,
,,,,,,
,,,,,,
,,,,,,
,,,,,,
,,,,,,
,,,,,,
,,,,,,
,,,,,,
,,,,,,
,,,,,,
,,,,,,
,,,,,,
,,,,,,
,,,,,,
,,,,,,
,,,,,,
,,,,,,
,,,,,,
,,,,,,
,,,,,,
,,,,,,
,,,,,,
,,,,,,
,,,,,,
,,,,,,
,,,,,,
,,,,,,
,,,,,,
,,,,,,
,,,,,,
,,,,,,
,,,,,,
,,,,,,
,,,,,,
,,,,,,
,,,,,,
,,,,,,
,,,,,,
,,,,,,
,,,,,,
,,,,,,
,,,,,,
,,,,,,
,,,,,,
,,,,,,
,,,,,,
,,,,,,
,,,,,,
,,,,,,
,,,,,,
,,,,,,
,,,,,,
,,,,,,
,,,,,,
,,,,,,
,,,,,,
,,,,,,
,,,,,,
,,,,,,
,,,,,,
,,,,,,
,,,,,,
,,,,,,
,,,,,,
,,,,,,
,,,,,,
,,,,,,
,,,,,,
,,,,,,
,,,,,,
,,,,,,
,,,,,,
,,,,,,
,,,,,,
,,,,,,
,,,,,,
,,,,,,
,,,,,,
,,,,,,
,,,,,,
,,,,,,
,,,,,,
,,,,,,
,,,,,,
,,,,,,
,,,,,,
,,,,,,
,,,,,,
,,,,,,
,,,,,,
,,,,,,
,,,,,,
,,,,,,
,,,,,,
,,,,,,
,,,,,,
,,,,,,
,,,,,,
,,,,,,
,,,,,,
,,,,,,
,,,,,,
,,,,,,
,,,,,,
,,,,,,
,,,,,,
,,,,,,
,,,,,,
,,,,,,
,,,,,,
,,,,,,
,,,,,,
,,,,,,
,,,,,,
,,,,,,
,,,,,,
,,,,,,
,,,,,,
,,,,,,
,,,,,,
,,,,,,
,,,,,,
,,,,,,
,,,,,,
,,,,,,
,,,,,,
,,,,,,
,,,,,,
,,,,,,
,,,,,,
,,,,,,
,,,,,,
,,,,,,
,,,,,,
,,,,,,
,,,,,,
,,,,,,
,,,,,,
,,,,,,
,,,,,,
,,,,,,
,,,,,,
,,,,,,
,,,,,,
,,,,,,
,,,,,,
,,,,,,
,,,,,,
,,,,,,
,,,,,,
,,,,,,
,,,,,,
,,,,,,
,,,,,,
,,,,,,
,,,,,,
,,,,,,
,,,,,,
,,,,,,
,,,,,,
,,,,,,
,,,,,,
,,,,,,
,,,,,,
,,,,,,
,,,,,,
,,,,,,
,,,,,,
,,,,,,
,,,,,,
,,,,,,
,,,,,,
,,,,,,
,,,,,,
,,,,,,
,,,,,,
,,,,,,
,,,,,,
,,,,,,
,,,,,,
,,,,,,
,,,,,,
,,,,,,
,,,,,,
,,,,,,
,,,,,,
,,,,,,
,,,,,,
,,,,,,
,,,,,,
,,,,,,
,,,,,,
,,,,,,
,,,,,,
,,,,,,
,,,,,,
,,,,,,
,,,,,,
,,,,,,
,,,,,,
,,,,,,
,,,,,,
,,,,,,
,,,,,,
,,,,,,
,,,,,,
,,,,,,
,,,,,,
,,,,,,
,,,,,,
,,,,,,
,,,,,,
,,,,,,
,,,,,,
,,,,,,
,,,,,,
,,,,,,
,,,,,,
,,,,,,
,,,,,,
,,,,,,
,,,,,,
,,,,,,
,,,,,,
,,,,,,
,,,,,,
,,,,,,
,,,,,,
,,,,,,
,,,,,,
,,,,,,
,,,,,,
,,,,,,
,,,,,,
,,,,,,
,,,,,,
,,,,,,
,,,,,,
,,,,,,
,,,,,,
,,,,,,
,,,,,,
,,,,,,
,,,,,,
,,,,,,
,,,,,,
,,,,,,
,,,,,,
,,,,,,
,,,,,,
,,,,,,
,,,,,,
,,,,,,
,,,,,,
,,,,,,
,,,,,,
,,,,,,
,,,,,,
,,,,,,
,,,,,,
,,,,,,
,,,,,,
,,,,,,
,,,,,,
,,,,,,
,,,,,,
,,,,,,
,,,,,,
,,,,,,
,,,,,,
,,,,,,
,,,,,,
,,,,,,
,,,,,,
,,,,,,
,,,,,,
,,,,,,
,,,,,,
,,,,,,
,,,,,,
,,,,,,
,,,,,,
,,,,,,
,,,,,,
,,,,,,
,,,,,,
,,,,,,
,,,,,,
,,,,,,
,,,,,,
,,,,,,
,,,,,,
,,,,,,
,,,,,,
,,,,,,
,,,,,,
,,,,,,
,,,,,,
,,,,,,
,,,,,,
,,,,,,
,,,,,,
,,,,,,
,,,,,,
,,,,,,
,,,,,,
,,,,,,
,,,,,,
,,,,,,
,,,,,,
,,,,,,
,,,,,,
,,,,,,
,,,,,,
,,,,,,
,,,,,,
,,,,,,
,,,,,,
,,,,,,
,,,,,,
,,,,,,
,,,,,,
,,,,,,
,,,,,,
,,,,,,
,,,,,,
,,,,,,
,,,,,,
,,,,,,
,,,,,,
,,,,,,
,,,,,,
,,,,,,
,,,,,,
,,,,,,
,,,,,,
,,,,,,
,,,,,,
,,,,,,
,,,,,,
,,,,,,
,,,,,,
,,,,,,
,,,,,,
,,,,,,
,,,,,,
,,,,,,
,,,,,,
,,,,,,
,,,,,,
,,,,,,
,,,,,,
,,,,,,
,,,,,,
,,,,,,
,,,,,,
,,,,,,
,,,,,,
,,,,,,
,,,,,,
,,,,,,
,,,,,,
,,,,,,
,,,,,,
,,,,,,
,,,,,,
,,,,,,
,,,,,,
,,,,,,
,,,,,,
,,,,,,
,,,,,,
,,,,,,
,,,,,,
,,,,,,
,,,,,,
,,,,,,
,,,,,,
,,,,,,
,,,,,,
,,,,,,
,,,,,,
,,,,,,
,,,,,,
,,,,,,
,,,,,,
,,,,,,
,,,,,,
,,,,,,
,,,,,,
,,,,,,
,,,,,,
,,,,,,
,,,,,,
,,,,,,
,,,,,,
,,,,,,
,,,,,,
,,,,,,
,,,,,,
,,,,,,
,,,,,,
,,,,,,
,,,,,,
,,,,,,
,,,,,,
,,,,,,
,,,,,,
,,,,,,
,,,,,,
,,,,,,
,,,,,,
,,,,,,
,,,,,,
,,,,,,
,,,,,,
,,,,,,
,,,,,,
,,,,,,
,,,,,,
,,,,,,
,,,,,,
,,,,,,
,,,,,,
,,,,,,
,,,,,,
,,,,,,
,,,,,,
,,,,,,
,,,,,,
,,,,,,
,,,,,,
,,,,,,
,,,,,,
,,,,,,
,,,,,,
,,,,,,
,,,,,,
,,,,,,
,,,,,,
,,,,,,
,,,,,,
,,,,,,
,,,,,,
,,,,,,
,,,,,,
,,,,,,
,,,,,,
,,,,,,
,,,,,,
,,,,,,
,,,,,,
,,,,,,
,,,,,,
,,,,,,
,,,,,,
,,,,,,
,,,,,,
,,,,,,
,,,,,,
,,,,,,
,,,,,,
,,,,,,
,,,,,,
,,,,,,
,,,,,,
,,,,,,
,,,,,,
,,,,,,
,,,,,,
,,,,,,
,,,,,,
,,,,,,
,,,,,,
,,,,,,
,,,,,,
,,,,,,
,,,,,,
,,,,,,
,,,,,,
,,,,,,
,,,,,,
,,,,,,
,,,,,,
,,,,,,
,,,,,,
,,,,,,
,,,,,,
,,,,,,
,,,,,,
,,,,,,
,,,,,,
,,,,,,
,,,,,,
,,,,,,
,,,,,,
,,,,,,
,,,,,,
,,,,,,
,,,,,,
,,,,,,
,,,,,,
,,,,,,
,,,,,,
,,,,,,
,,,,,,
,,,,,,
,,,,,,
,,,,,,
,,,,,,
,,,,,,
,,,,,,
,,,,,,
,,,,,,
,,,,,,
,,,,,,
,,,,,,
,,,,,,
,,,,,,
,,,,,,
,,,,,,
,,,,,,
,,,,,,
,,,,,,
,,,,,,
,,,,,,
,,,,,,
,,,,,,
,,,,,,
,,,,,,
,,,,,,
,,,,,,
,,,,,,
,,,,,,
,,,,,,
,,,,,,
,,,,,,
,,,,,,
,,,,,,
,,,,,,
,,,,,,
,,,,,,
,,,,,,
,,,,,,
,,,,,,
,,,,,,
,,,,,,
,,,,,,
,,,,,,
,,,,,,
,,,,,,
,,,,,,
,,,,,,
,,,,,,
,,,,,,
,,,,,,
,,,,,,
,,,,,,
,,,,,,
,,,,,,
,,,,,,
,,,,,,
,,,,,,
,,,,,,
,,,,,,
,,,,,,
,,,,,,
,,,,,,
,,,,,,
,,,,,,
,,,,,,
,,,,,,
,,,,,,
,,,,,,
,,,,,,
,,,,,,
,,,,,,
,,,,,,
,,,,,,
,,,,,,
,,,,,,
,,,,,,
,,,,,,
,,,,,,
,,,,,,
,,,,,,
,,,,,,
,,,,,,
,,,,,,
,,,,,,
,,,,,,
,,,,,,
,,,,,,
,,,,,,
,,,,,,
,,,,,,
,,,,,,
,,,,,,
,,,,,,
,,,,,,
,,,,,,
,,,,,,
,,,,,,
,,,,,,
,,,,,,
,,,,,,
,,,,,,
,,,,,,
,,,,,,
,,,,,,
,,,,,,
,,,,,,
,,,,,,
,,,,,,
,,,,,,
,,,,,,
,,,,,,
,,,,,,
,,,,,,
,,,,,,
,,,,,,
,,,,,,
,,,,,,
,,,,,,
,,,,,,
,,,,,,
,,,,,,
,,,,,,
,,,,,,
,,,,,,
,,,,,,
,,,,,,
,,,,,,
,,,,,,
,,,,,,
,,,,,,
,,,,,,
,,,,,,
,,,,,,
,,,,,,
,,,,,,
,,,,,,
,,,,,,
,,,,,,
,,,,,,
,,,,,,
,,,,,,
,,,,,,
,,,,,,
,,,,,,
,,,,,,
,,,,,,
,,,,,,
,,,,,,
,,,,,,
,,,,,,
,,,,,,
,,,,,,
,,,,,,
,,,,,,
,,,,,,
,,,,,,
,,,,,,
,,,,,,
,,,,,,
,,,,,,
,,,,,,
,,,,,,
,,,,,,
,,,,,,
,,,,,,
,,,,,,
,,,,,,
,,,,,,
,,,,,,
,,,,,,
,,,,,,
,,,,,,
,,,,,,
,,,,,,
,,,,,,
,,,,,,
,,,,,,
,,,,,,
,,,,,,
,,,,,,
,,,,,,
,,,,,,
,,,,,,
,,,,,,
,,,,,,
,,,,,,
,,,,,,
,,,,,,
,,,,,,
,,,,,,
,,,,,,
,,,,,,
,,,,,,
,,,,,,
,,,,,,
,,,,,,
,,,,,,
,,,,,,
,,,,,,
,,,,,,
,,,,,,
,,,,,,
,,,,,,
,,,,,,
,,,,,,
,,,,,,
,,,,,,
,,,,,,
,,,,,,
,,,,,,
,,,,,,
,,,,,,
,,,,,,
,,,,,,
,,,,,,
,,,,,,
,,,,,,
,,,,,,
,,,,,,
,,,,,,
,,,,,,
,,,,,,
,,,,,,
,,,,,,
,,,,,,
,,,,,,
,,,,,,
,,,,,,
,,,,,,
,,,,,,
,,,,,,
,,,,,,
,,,,,,
,,,,,,
,,,,,,
,,,,,,
,,,,,,
,,,,,,
,,,,,,
,,,,,,
,,,,,,
,,,,,,
,,,,,,
,,,,,,
,,,,,,
,,,,,,
,,,,,,
,,,,,,
,,,,,,
,,,,,,
,,,,,,
,,,,,,
,,,,,,
,,,,,,
,,,,,,
,,,,,,
,,,,,,
,,,,,,
,,,,,,
,,,,,,
,,,,,,
,,,,,,
,,,,,,
,,,,,,
,,,,,,
,,,,,,
,,,,,,
,,,,,,
,,,,,,
,,,,,,
,,,,,,
,,,,,,
,,,,,,
,,,,,,
,,,,,,
,,,,,,
,,,,,,
,,,,,,
,,,,,,
,,,,,,
,,,,,,
,,,,,,
,,,,,,
,,,,,,
,,,,,,
,,,,,,
,,,,,,
,,,,,,
,,,,,,
,,,,,,
,,,,,,
,,,,,,
,,,,,,
,,,,,,
,,,,,,
,,,,,,
,,,,,,
,,,,,,
,,,,,,
,,,,,,
,,,,,,
,,,,,,
,,,,,,
,,,,,,
,,,,,,
,,,,,,
,,,,,,
,,,,,,
,,,,,,
,,,,,,
,,,,,,
,,,,,,
,,,,,,
,,,,,,
,,,,,,
,,,,,,
,,,,,,
,,,,,,
,,,,,,
,,,,,,
,,,,,,
,,,,,,
,,,,,,
,,,,,,
,,,,,,
,,,,,,
,,,,,,
,,,,,,
,,,,,,
,,,,,,
,,,,,,
,,,,,,
,,,,,,
,,,,,,
,,,,,,
,,,,,,
,,,,,,
,,,,,,
,,,,,,
,,,,,,
,,,,,,
,,,,,,
,,,,,,
,,,,,,
,,,,,,
,,,,,,
,,,,,,
,,,,,,
,,,,,,
,,,,,,
,,,,,,
,,,,,,
,,,,,,
,,,,,,
,,,,,,
,,,,,,
,,,,,,
,,,,,,
,,,,,,
,,,,,,
,,,,,,
,,,,,,
,,,,,,
,,,,,,
,,,,,,
,,,,,,
,,,,,,
,,,,,,
,,,,,,
,,,,,,
,,,,,,
,,,,,,
,,,,,,
,,,,,,
,,,,,,
,,,,,,
,,,,,,
,,,,,,
,,,,,,
,,,,,,
,,,,,,
,,,,,,
,,,,,,
,,,,,,
,,,,,,
,,,,,,
,,,,,,
,,,,,,
,,,,,,
,,,,,,
,,,,,,
,,,,,,
,,,,,,
,,,,,,
,,,,,,
,,,,,,
,,,,,,
,,,,,,
,,,,,,
,,,,,,
,,,,,,
,,,,,,
,,,,,,
,,,,,,
,,,,,,
,,,,,,
,,,,,,
,,,,,,
,,,,,,
,,,,,,
,,,,,,
,,,,,,
,,,,,,
,,,,,,
,,,,,,
,,,,,,
,,,,,,
,,,,,,
,,,,,,
,,,,,,
,,,,,,
,,,,,,
,,,,,,
,,,,,,
,,,,,,
,,,,,,
,,,,,,
,,,,,,
,,,,,,
,,,,,,
,,,,,,
,,,,,,
,,,,,,
,,,,,,
,,,,,,
,,,,,,
,,,,,,
,,,,,,
,,,,,,
,,,,,,
,,,,,,
,,,,,,
,,,,,,
,,,,,,
,,,,,,
,,,,,,
,,,,,,
,,,,,,
,,,,,,
,,,,,,
,,,,,,
,,,,,,
,,,,,,
,,,,,,
,,,,,,
,,,,,,
,,,,,,
,,,,,,
,,,,,,
,,,,,,
,,,,,,
,,,,,,
,,,,,,
,,,,,,
,,,,,,
,,,,,,
,,,,,,
,,,,,,
,,,,,,
,,,,,,
,,,,,,
,,,,,,
,,,,,,
,,,,,,
,,,,,,
,,,,,,
,,,,,,
,,,,,,
,,,,,,
,,,,,,
,,,,,,
,,,,,,
,,,,,,
,,,,,,
,,,,,,
,,,,,,
,,,,,,
,,,,,,
,,,,,,
,,,,,,
,,,,,,
,,,,,,
,,,,,,
,,,,,,
,,,,,,
,,,,,,
,,,,,,
,,,,,,
,,,,,,
,,,,,,
,,,,,,
,,,,,,
,,,,,,
,,,,,,
,,,,,,
,,,,,,
,,,,,,
,,,,,,
,,,,,,
,,,,,,
,,,,,,
,,,,,,
,,,,,,
,,,,,,
,,,,,,
,,,,,,
,,,,,,
,,,,,,
,,,,,,
,,,,,,
,,,,,,
,,,,,,
,,,,,,
,,,,,,
,,,,,,
,,,,,,
,,,,,,
,,,,,,
,,,,,,
,,,,,,
,,,,,,
,,,,,,
,,,,,,
,,,,,,
,,,,,,
,,,,,,
,,,,,,
,,,,,,
,,,,,,
,,,,,,
,,,,,,
,,,,,,
,,,,,,
,,,,,,
,,,,,,
,,,,,,
,,,,,,
,,,,,,
,,,,,,
,,,,,,
,,,,,,
,,,,,,
,,,,,,
,,,,,,
,,,,,,
,,,,,,
,,,,,,
,,,,,,
,,,,,,
,,,,,,
,,,,,,
,,,,,,
,,,,,,
,,,,,,
,,,,,,
,,,,,,
,,,,,,
,,,,,,
,,,,,,
,,,,,,
,,,,,,
,,,,,,
,,,,,,
,,,,,,
,,,,,,
,,,,,,
,,,,,,
,,,,,,
,,,,,,
,,,,,,
,,,,,,
,,,,,,
,,,,,,
,,,,,,
,,,,,,
,,,,,,
,,,,,,
,,,,,,
,,,,,,
,,,,,,
,,,,,,
,,,,,,
,,,,,,
,,,,,,
,,,,,,
,,,,,,
,,,,,,
,,,,,,
,,,,,,
,,,,,,
,,,,,,
,,,,,,
,,,,,,
,,,,,,
,,,,,,
,,,,,,
,,,,,,
,,,,,,
,,,,,,
,,,,,,
,,,,,,
,,,,,,
,,,,,,
,,,,,,
,,,,,,
,,,,,,
,,,,,,
,,,,,,
,,,,,,
,,,,,,
,,,,,,
,,,,,,
,,,,,,
,,,,,,
,,,,,,
,,,,,,
,,,,,,
,,,,,,
,,,,,,
,,,,,,
,,,,,,
,,,,,,
,,,,,,
,,,,,,
,,,,,,
,,,,,,
,,,,,,
,,,,,,
,,,,,,
,,,,,,
,,,,,,
,,,,,,
,,,,,,
,,,,,,
,,,,,,
,,,,,,
,,,,,,
,,,,,,
,,,,,,
,,,,,,
,,,,,,
,,,,,,
,,,,,,
,,,,,,
,,,,,,
,,,,,,
,,,,,,
,,,,,,
,,,,,,
,,,,,,
,,,,,,
,,,,,,
,,,,,,
,,,,,,
,,,,,,
,,,,,,
,,,,,,
,,,,,,
,,,,,,
,,,,,,
,,,,,,
,,,,,,
,,,,,,
,,,,,,
,,,,,,
,,,,,,
,,,,,,
,,,,,,
,,,,,,
,,,,,,
,,,,,,
,,,,,,
,,,,,,
,,,,,,
,,,,,,
,,,,,,
,,,,,,
,,,,,,
,,,,,,
,,,,,,
,,,,,,
,,,,,,
,,,,,,
,,,,,,
,,,,,,
,,,,,,
,,,,,,
,,,,,,
,,,,,,
,,,,,,
,,,,,,
,,,,,,
,,,,,,
,,,,,,
,,,,,,
,,,,,,
,,,,,,
,,,,,,
,,,,,,
,,,,,,
,,,,,,
,,,,,,
,,,,,,
,,,,,,
,,,,,,
,,,,,,
,,,,,,
,,,,,,
,,,,,,
,,,,,,
,,,,,,
,,,,,,
,,,,,,
,,,,,,
,,,,,,
,,,,,,
,,,,,,
,,,,,,
,,,,,,
,,,,,,
,,,,,,
,,,,,,
,,,,,,
,,,,,,
,,,,,,
,,,,,,
,,,,,,
,,,,,,
,,,,,,
,,,,,,
,,,,,,
,,,,,,
,,,,,,
,,,,,,
,,,,,,
,,,,,,
,,,,,,
,,,,,,
,,,,,,
,,,,,,
,,,,,,
,,,,,,
,,,,,,
,,,,,,
,,,,,,
,,,,,,
,,,,,,
,,,,,,
,,,,,,
,,,,,,
,,,,,,
,,,,,,
,,,,,,
,,,,,,
,,,,,,
,,,,,,
,,,,,,
,,,,,,
,,,,,,
,,,,,,
,,,,,,
,,,,,,
,,,,,,
,,,,,,
,,,,,,
,,,,,,
,,,,,,
,,,,,,
,,,,,,
,,,,,,
,,,,,,
,,,,,,
,,,,,,
,,,,,,
,,,,,,
,,,,,,
,,,,,,
,,,,,,
,,,,,,
,,,,,,
,,,,,,
,,,,,,
,,,,,,
,,,,,,
,,,,,,
,,,,,,
,,,,,,
,,,,,,
,,,,,,
,,,,,,
,,,,,,
,,,,,,
,,,,,,
,,,,,,
,,,,,,
,,,,,,
,,,,,,
,,,,,,
,,,,,,
,,,,,,
,,,,,,
,,,,,,
,,,,,,
,,,,,,
,,,,,,
,,,,,,
,,,,,,
,,,,,,
,,,,,,
,,,,,,
,,,,,,
,,,,,,
,,,,,,
,,,,,,
,,,,,,
,,,,,,
,,,,,,
,,,,,,
,,,,,,
,,,,,,
,,,,,,
,,,,,,
,,,,,,
,,,,,,
,,,,,,
,,,,,,
,,,,,,
,,,,,,
,,,,,,
,,,,,,
,,,,,,
,,,,,,
,,,,,,
,,,,,,
,,,,,,
,,,,,,
,,,,,,
,,,,,,
,,,,,,
,,,,,,
,,,,,,
,,,,,,
,,,,,,
,,,,,,
,,,,,,
,,,,,,
,,,,,,
,,,,,,
,,,,,,
,,,,,,
,,,,,,
,,,,,,
,,,,,,
,,,,,,
,,,,,,
,,,,,,
,,,,,,
,,,,,,
,,,,,,
,,,,,,
,,,,,,
,,,,,,
,,,,,,
,,,,,,
,,,,,,
,,,,,,
,,,,,,
,,,,,,
,,,,,,
,,,,,,
,,,,,,
,,,,,,
,,,,,,
,,,,,,
,,,,,,
,,,,,,
,,,,,,
,,,,,,
,,,,,,
,,,,,,
,,,,,,
,,,,,,
,,,,,,
,,,,,,
,,,,,,
,,,,,,
,,,,,,
,,,,,,
,,,,,,
,,,,,,
,,,,,,
,,,,,,
,,,,,,
,,,,,,
,,,,,,
,,,,,,
,,,,,,
,,,,,,
,,,,,,
,,,,,,
,,,,,,
,,,,,,
,,,,,,
,,,,,,
,,,,,,
,,,,,,
,,,,,,
,,,,,,
,,,,,,
,,,,,,
,,,,,,
,,,,,,
,,,,,,
,,,,,,
,,,,,,
,,,,,,
,,,,,,
,,,,,,
,,,,,,
,,,,,,
,,,,,,
,,,,,,
,,,,,,
,,,,,,
,,,,,,
,,,,,,
,,,,,,
,,,,,,
,,,,,,
,,,,,,
,,,,,,
,,,,,,
,,,,,,
,,,,,,
,,,,,,
,,,,,,
,,,,,,
,,,,,,
,,,,,,
,,,,,,
,,,,,,
,,,,,,
,,,,,,
,,,,,,
,,,,,,
,,,,,,
,,,,,,
,,,,,,
,,,,,,
,,,,,,
,,,,,,
,,,,,,
,,,,,,
,,,,,,
,,,,,,
,,,,,,
,,,,,,
,,,,,,
,,,,,,
,,,,,,
,,,,,,
,,,,,,
,,,,,,
,,,,,,
,,,,,,
,,,,,,
,,,,,,
,,,,,,
,,,,,,
,,,,,,
,,,,,,
,,,,,,
,,,,,,
,,,,,,
,,,,,,
,,,,,,
,,,,,,
,,,,,,
,,,,,,
,,,,,,
,,,,,,
,,,,,,
,,,,,,
,,,,,,
,,,,,,
,,,,,,
,,,,,,
,,,,,,
,,,,,,
,,,,,,
,,,,,,
,,,,,,
,,,,,,
,,,,,,
,,,,,,
,,,,,,
,,,,,,
,,,,,,
,,,,,,
,,,,,,
,,,,,,
,,,,,,
,,,,,,
,,,,,,
,,,,,,
,,,,,,
,,,,,,
,,,,,,
,,,,,,
,,,,,,
,,,,,,
,,,,,,
,,,,,,
,,,,,,
,,,,,,
,,,,,,
,,,,,,
,,,,,,
,,,,,,
,,,,,,
,,,,,,
,,,,,,
,,,,,,
,,,,,,
,,,,,,
,,,,,,
,,,,,,
,,,,,,
,,,,,,
,,,,,,
,,,,,,
,,,,,,
,,,,,,
,,,,,,
,,,,,,
,,,,,,
,,,,,,
,,,,,,
,,,,,,
,,,,,,
,,,,,,
,,,,,,
,,,,,,
,,,,,,
,,,,,,
,,,,,,
,,,,,,
,,,,,,
,,,,,,
,,,,,,
,,,,,,
,,,,,,
,,,,,,
,,,,,,
,,,,,,
,,,,,,
,,,,,,
,,,,,,
,,,,,,
,,,,,,
,,,,,,
,,,,,,
,,,,,,
,,,,,,
,,,,,,
,,,,,,
,,,,,,
,,,,,,
,,,,,,
,,,,,,
,,,,,,
,,,,,,
,,,,,,
,,,,,,
,,,,,,
,,,,,,
,,,,,,
,,,,,,
,,,,,,
,,,,,,
,,,,,,
,,,,,,
,,,,,,
,,,,,,
,,,,,,
,,,,,,
,,,,,,
,,,,,,
,,,,,,
,,,,,,
,,,,,,
,,,,,,
,,,,,,
,,,,,,
,,,,,,
,,,,,,
,,,,,,
,,,,,,
,,,,,,
,,,,,,
,,,,,,
,,,,,,
,,,,,,
,,,,,,
,,,,,,
,,,,,,
,,,,,,
,,,,,,
,,,,,,
,,,,,,
,,,,,,
,,,,,,
,,,,,,
,,,,,,
,,,,,,
,,,,,,
,,,,,,
,,,,,,
,,,,,,
,,,,,,
,,,,,,
,,,,,,
,,,,,,
,,,,,,
,,,,,,
,,,,,,
,,,,,,
,,,,,,
,,,,,,
,,,,,,
,,,,,,
,,,,,,
,,,,,,
,,,,,,
,,,,,,
,,,,,,
,,,,,,
,,,,,,
,,,,,,
,,,,,,
,,,,,,
,,,,,,
,,,,,,
,,,,,,
,,,,,,
,,,,,,
,,,,,,
,,,,,,
,,,,,,
,,,,,,
,,,,,,
,,,,,,
,,,,,,
,,,,,,
,,,,,,
,,,,,,
,,,,,,
,,,,,,
,,,,,,
,,,,,,
,,,,,,
,,,,,,
,,,,,,
,,,,,,
,,,,,,
,,,,,,
,,,,,,
,,,,,,
,,,,,,
,,,,,,
,,,,,,
,,,,,,
,,,,,,
,,,,,,
,,,,,,
,,,,,,
,,,,,,
,,,,,,
,,,,,,
,,,,,,
,,,,,,
,,,,,,
,,,,,,
,,,,,,
,,,,,,
,,,,,,
,,,,,,
,,,,,,
,,,,,,
,,,,,,
,,,,,,
,,,,,,
,,,,,,
,,,,,,
,,,,,,
,,,,,,
,,,,,,
,,,,,,
,,,,,,
,,,,,,
,,,,,,
,,,,,,
,,,,,,
,,,,,,
,,,,,,
,,,,,,
,,,,,,
,,,,,,
,,,,,,
,,,,,,
,,,,,,
,,,,,,
,,,,,,
,,,,,,
,,,,,,
,,,,,,
,,,,,,
,,,,,,
,,,,,,
,,,,,,
,,,,,,
,,,,,,
,,,,,,
,,,,,,
,,,,,,
,,,,,,
,,,,,,
,,,,,,
,,,,,,
,,,,,,
,,,,,,
,,,,,,
,,,,,,
,,,,,,
,,,,,,
,,,,,,
,,,,,,
,,,,,,
,,,,,,
,,,,,,
,,,,,,
,,,,,,
,,,,,,
,,,,,,
,,,,,,
,,,,,,
,,,,,,
,,,,,,
,,,,,,
,,,,,,
,,,,,,
,,,,,,
,,,,,,
,,,,,,
,,,,,,
,,,,,,
,,,,,,
,,,,,,
,,,,,,
,,,,,,
,,,,,,
,,,,,,
,,,,,,
,,,,,,
,,,,,,
,,,,,,
,,,,,,
,,,,,,
,,,,,,
,,,,,,
,,,,,,
,,,,,,
,,,,,,
,,,,,,
,,,,,,
,,,,,,
,,,,,,
,,,,,,
,,,,,,
,,,,,,
,,,,,,
,,,,,,
,,,,,,
,,,,,,
,,,,,,
,,,,,,
,,,,,,
,,,,,,
,,,,,,
,,,,,,
,,,,,,
,,,,,,
,,,,,,
,,,,,,
,,,,,,
,,,,,,
,,,,,,
,,,,,,
,,,,,,
,,,,,,
,,,,,,
,,,,,,
,,,,,,
,,,,,,
,,,,,,
,,,,,,
,,,,,,
,,,,,,
,,,,,,
,,,,,,
,,,,,,
,,,,,,
,,,,,,
,,,,,,
,,,,,,
,,,,,,
,,,,,,
,,,,,,
,,,,,,
,,,,,,
,,,,,,
,,,,,,
,,,,,,
,,,,,,
,,,,,,
,,,,,,
,,,,,,
,,,,,,
,,,,,,
,,,,,,
,,,,,,
,,,,,,
,,,,,,
,,,,,,
,,,,,,
,,,,,,
,,,,,,
,,,,,,
,,,,,,
,,,,,,
,,,,,,
,,,,,,
,,,,,,
,,,,,,
,,,,,,
,,,,,,
,,,,,,
,,,,,,
,,,,,,
,,,,,,
,,,,,,
,,,,,,
,,,,,,
,,,,,,
,,,,,,
,,,,,,
,,,,,,
,,,,,,
,,,,,,
,,,,,,
,,,,,,
,,,,,,
,,,,,,
,,,,,,
,,,,,,
,,,,,,
,,,,,,
,,,,,,
,,,,,,
,,,,,,
,,,,,,
,,,,,,
,,,,,,
,,,,,,
,,,,,,
,,,,,,
,,,,,,
,,,,,,
,,,,,,
,,,,,,
,,,,,,
,,,,,,
,,,,,,
,,,,,,
,,,,,,
,,,,,,
,,,,,,
,,,,,,
,,,,,,
,,,,,,
,,,,,,
,,,,,,
,,,,,,
,,,,,,
,,,,,,
,,,,,,
,,,,,,
,,,,,,
,,,,,,
,,,,,,
,,,,,,
,,,,,,
,,,,,,
,,,,,,
,,,,,,
,,,,,,
,,,,,,
,,,,,,
,,,,,,
,,,,,,
,,,,,,
,,,,,,
,,,,,,
,,,,,,
,,,,,,
,,,,,,
,,,,,,
,,,,,,
,,,,,,
,,,,,,
,,,,,,
,,,,,,
,,,,,,
,,,,,,
,,,,,,
,,,,,,
,,,,,,
,,,,,,
,,,,,,
,,,,,,
,,,,,,
,,,,,,
,,,,,,
,,,,,,
,,,,,,
,,,,,,
,,,,,,
,,,,,,
,,,,,,
,,,,,,
,,,,,,
,,,,,,
,,,,,,
,,,,,,
,,,,,,
,,,,,,
,,,,,,
,,,,,,
,,,,,,
,,,,,,
,,,,,,
,,,,,,
,,,,,,
,,,,,,
,,,,,,
,,,,,,
,,,,,,
,,,,,,
,,,,,,
,,,,,,
,,,,,,
,,,,,,
,,,,,,
,,,,,,
,,,,,,
,,,,,,
,,,,,,
,,,,,,
,,,,,,
,,,,,,
,,,,,,
,,,,,,
,,,,,,
,,,,,,
,,,,,,
,,,,,,
,,,,,,
,,,,,,
,,,,,,
,,,,,,
,,,,,,
,,,,,,
,,,,,,
,,,,,,
,,,,,,
,,,,,,
,,,,,,
,,,,,,
,,,,,,
,,,,,,
,,,,,,
,,,,,,
,,,,,,
,,,,,,
,,,,,,
,,,,,,
,,,,,,
,,,,,,
,,,,,,
,,,,,,
,,,,,,
,,,,,,
,,,,,,
,,,,,,
,,,,,,
,,,,,,
,,,,,,
,,,,,,
,,,,,,
,,,,,,
,,,,,,
,,,,,,
,,,,,,
,,,,,,
,,,,,,
,,,,,,
,,,,,,
,,,,,,
,,,,,,
,,,,,,
,,,,,,
,,,,,,
,,,,,,
,,,,,,
,,,,,,
,,,,,,
,,,,,,
,,,,,,
,,,,,,
,,,,,,
,,,,,,
,,,,,,
,,,,,,
,,,,,,
,,,,,,
,,,,,,
,,,,,,
,,,,,,
,,,,,,
,,,,,,
,,,,,,
,,,,,,
,,,,,,
,,,,,,
,,,,,,
,,,,,,
,,,,,,
,,,,,,
,,,,,,
,,,,,,
,,,,,,
,,,,,,
,,,,,,
,,,,,,
,,,,,,
,,,,,,
,,,,,,
,,,,,,
,,,,,,
,,,,,,
,,,,,,
,,,,,,
,,,,,,
,,,,,,
,,,,,,
,,,,,,
,,,,,,
,,,,,,
,,,,,,
,,,,,,
,,,,,,
,,,,,,
,,,,,,
,,,,,,
,,,,,,
,,,,,,
,,,,,,
,,,,,,
,,,,,,
,,,,,,
,,,,,,
,,,,,,
,,,,,,
,,,,,,
,,,,,,
,,,,,,
,,,,,,
,,,,,,
,,,,,,
,,,,,,
,,,,,,
,,,,,,
,,,,,,
,,,,,,
,,,,,,
,,,,,,
,,,,,,
,,,,,,
,,,,,,
,,,,,,
,,,,,,
,,,,,,
,,,,,,
,,,,,,
,,,,,,
,,,,,,
,,,,,,
,,,,,,
,,,,,,
,,,,,,
,,,,,,
,,,,,,
,,,,,,
,,,,,,
,,,,,,
,,,,,,
,,,,,,
,,,,,,
,,,,,,
,,,,,,
,,,,,,
,,,,,,
,,,,,,
,,,,,,
,,,,,,
,,,,,,
,,,,,,
,,,,,,
,,,,,,
,,,,,,
,,,,,,
,,,,,,
,,,,,,
,,,,,,
,,,,,,
,,,,,,
,,,,,,
,,,,,,
,,,,,,
,,,,,,
,,,,,,
,,,,,,
,,,,,,
,,,,,,
,,,,,,
,,,,,,
,,,,,,
,,,,,,
,,,,,,
,,,,,,
,,,,,,
,,,,,,
,,,,,,
,,,,,,
,,,,,,
,,,,,,
,,,,,,
,,,,,,
,,,,,,
,,,,,,
,,,,,,
,,,,,,
,,,,,,
,,,,,,
,,,,,,
,,,,,,
,,,,,,
,,,,,,
,,,,,,
,,,,,,
,,,,,,
,,,,,,
,,,,,,
,,,,,,
,,,,,,
,,,,,,
,,,,,,
,,,,,,
,,,,,,
,,,,,,
,,,,,,
,,,,,,
,,,,,,
,,,,,,
,,,,,,
,,,,,,
,,,,,,
,,,,,,
,,,,,,
,,,,,,
,,,,,,
,,,,,,
,,,,,,
,,,,,,
,,,,,,
,,,,,,
,,,,,,
,,,,,,
,,,,,,
,,,,,,
,,,,,,
,,,,,,
,,,,,,
,,,,,,
,,,,,,
,,,,,,
,,,,,,
,,,,,,
,,,,,,
,,,,,,
,,,,,,
,,,,,,
,,,,,,
,,,,,,
,,,,,,
,,,,,,
,,,,,,
,,,,,,
,,,,,,
,,,,,,
,,,,,,
,,,,,,
,,,,,,
,,,,,,
,,,,,,
,,,,,,
,,,,,,
,,,,,,
,,,,,,
,,,,,,
,,,,,,
,,,,,,
,,,,,,
,,,,,,
,,,,,,
,,,,,,
,,,,,,
,,,,,,
,,,,,,
,,,,,,
,,,,,,
,,,,,,
,,,,,,
,,,,,,
,,,,,,
,,,,,,
,,,,,,
,,,,,,
,,,,,,
,,,,,,
,,,,,,
,,,,,,
,,,,,,
,,,,,,
,,,,,,
,,,,,,
,,,,,,
,,,,,,
,,,,,,
,,,,,,
,,,,,,
,,,,,,
,,,,,,
,,,,,,
,,,,,,
,,,,,,
,,,,,,
,,,,,,
,,,,,,
,,,,,,
,,,,,,
,,,,,,
,,,,,,
,,,,,,
,,,,,,
,,,,,,
,,,,,,
,,,,,,
,,,,,,
,,,,,,
,,,,,,
,,,,,,
,,,,,,
,,,,,,
,,,,,,
,,,,,,
,,,,,,
,,,,,,
,,,,,,
,,,,,,
,,,,,,
,,,,,,
,,,,,,
,,,,,,
,,,,,,
,,,,,,
,,,,,,
,,,,,,
,,,,,,
,,,,,,
,,,,,,
,,,,,,
,,,,,,
,,,,,,
,,,,,,
,,,,,,
,,,,,,
,,,,,,
,,,,,,
,,,,,,
,,,,,,
,,,,,,
,,,,,,
,,,,,,
,,,,,,
,,,,,,
,,,,,,
,,,,,,
,,,,,,
,,,,,,
,,,,,,
,,,,,,
,,,,,,
,,,,,,
,,,,,,
,,,,,,
,,,,,,
,,,,,,
,,,,,,
,,,,,,
,,,,,,
,,,,,,
,,,,,,
,,,,,,
,,,,,,
,,,,,,
,,,,,,
,,,,,,
,,,,,,
,,,,,,
,,,,,,
,,,,,,
,,,,,,
,,,,,,
,,,,,,
,,,,,,
,,,,,,
,,,,,,
,,,,,,
,,,,,,
,,,,,,
,,,,,,
,,,,,,
,,,,,,
,,,,,,
,,,,,,
,,,,,,
,,,,,,
,,,,,,
,,,,,,
,,,,,,
,,,,,,
,,,,,,
,,,,,,
,,,,,,
,,,,,,
,,,,,,
,,,,,,
,,,,,,
,,,,,,
,,,,,,
,,,,,,
,,,,,,
,,,,,,
,,,,,,
,,,,,,
,,,,,,
,,,,,,
,,,,,,
,,,,,,
,,,,,,
,,,,,,
,,,,,,
,,,,,,
,,,,,,
,,,,,,
,,,,,,
,,,,,,
,,,,,,
,,,,,,
,,,,,,
,,,,,,
,,,,,,
,,,,,,
,,,,,,
,,,,,,
,,,,,,
,,,,,,
,,,,,,
,,,,,,
,,,,,,
,,,,,,
,,,,,,
,,,,,,
,,,,,,
,,,,,,
,,,,,,
,,,,,,
,,,,,,
,,,,,,
,,,,,,
,,,,,,
,,,,,,
,,,,,,
,,,,,,
,,,,,,
,,,,,,
,,,,,,
,,,,,,
,,,,,,
,,,,,,
,,,,,,
,,,,,,
,,,,,,
,,,,,,
,,,,,,
,,,,,,
,,,,,,
,,,,,,
,,,,,,
,,,,,,
,,,,,,
,,,,,,
,,,,,,
,,,,,,
,,,,,,
,,,,,,
,,,,,,
,,,,,,
,,,,,,
,,,,,,
,,,,,,
,,,,,,
,,,,,,
,,,,,,
,,,,,,
,,,,,,
,,,,,,
,,,,,,
,,,,,,
,,,,,,
,,,,,,
,,,,,,
,,,,,,
,,,,,,
,,,,,,
,,,,,,
,,,,,,
,,,,,,
,,,,,,
,,,,,,
,,,,,,
,,,,,,
,,,,,,
,,,,,,
,,,,,,
,,,,,,
,,,,,,
,,,,,,
,,,,,,
,,,,,,
,,,,,,
,,,,,,
,,,,,,
,,,,,,
,,,,,,
,,,,,,
,,,,,,
,,,,,,
,,,,,,
,,,,,,
,,,,,,
,,,,,,
,,,,,,
,,,,,,
,,,,,,
,,,,,,
,,,,,,
,,,,,,
,,,,,,
,,,,,,
,,,,,,
,,,,,,
,,,,,,
,,,,,,
,,,,,,
,,,,,,
,,,,,,
,,,,,,
,,,,,,
,,,,,,
,,,,,,
,,,,,,
,,,,,,
,,,,,,
,,,,,,
,,,,,,
,,,,,,
,,,,,,
,,,,,,
,,,,,,
,,,,,,
,,,,,,
,,,,,,
,,,,,,
,,,,,,
,,,,,,
,,,,,,
,,,,,,
,,,,,,
,,,,,,
,,,,,,
,,,,,,
,,,,,,
,,,,,,
,,,,,,
,,,,,,
,,,,,,
,,,,,,
,,,,,,
,,,,,,
,,,,,,
,,,,,,
,,,,,,
,,,,,,
,,,,,,
,,,,,,
,,,,,,
,,,,,,
,,,,,,
,,,,,,
,,,,,,
,,,,,,
,,,,,,
,,,,,,
,,,,,,
,,,,,,
,,,,,,
,,,,,,
,,,,,,
,,,,,,
,,,,,,
,,,,,,
,,,,,,
,,,,,,
,,,,,,
,,,,,,
,,,,,,
,,,,,,
,,,,,,
,,,,,,
,,,,,,
,,,,,,
,,,,,,
,,,,,,
,,,,,,
,,,,,,
,,,,,,
,,,,,,
,,,,,,
,,,,,,
,,,,,,
,,,,,,
,,,,,,
,,,,,,
,,,,,,
,,,,,,
,,,,,,
,,,,,,
,,,,,,
,,,,,,
,,,,,,
,,,,,,
,,,,,,
,,,,,,
,,,,,,
,,,,,,
,,,,,,
,,,,,,
,,,,,,
,,,,,,
,,,,,,
,,,,,,
,,,,,,
,,,,,,
,,,,,,
,,,,,,
,,,,,,
,,,,,,
,,,,,,
,,,,,,
,,,,,,
,,,,,,
,,,,,,
,,,,,,
,,,,,,
,,,,,,
,,,,,,
,,,,,,
,,,,,,
,,,,,,
,,,,,,
,,,,,,
,,,,,,
,,,,,,
,,,,,,
,,,,,,
,,,,,,
,,,,,,
,,,,,,
,,,,,,
,,,,,,
,,,,,,
,,,,,,
,,,,,,
,,,,,,
,,,,,,
,,,,,,
,,,,,,
,,,,,,
,,,,,,
,,,,,,
,,,,,,
,,,,,,
,,,,,,
,,,,,,
,,,,,,
,,,,,,
,,,,,,
,,,,,,
,,,,,,
,,,,,,
,,,,,,
,,,,,,
,,,,,,
,,,,,,
,,,,,,
,,,,,,
,,,,,,
,,,,,,
,,,,,,
,,,,,,
,,,,,,
,,,,,,
,,,,,,
,,,,,,
,,,,,,
,,,,,,
,,,,,,
,,,,,,
,,,,,,
,,,,,,
,,,,,,
,,,,,,
,,,,,,
,,,,,,
,,,,,,
,,,,,,
,,,,,,
,,,,,,
,,,,,,
,,,,,,
,,,,,,
,,,,,,
,,,,,,
,,,,,,
,,,,,,
,,,,,,
,,,,,,
,,,,,,
,,,,,,
,,,,,,
,,,,,,
,,,,,,
,,,,,,
,,,,,,
,,,,,,
,,,,,,
,,,,,,
,,,,,,
,,,,,,
,,,,,,
,,,,,,
,,,,,,
,,,,,,
,,,,,,
,,,,,,
,,,,,,
,,,,,,
,,,,,,
,,,,,,
,,,,,,
,,,,,,
,,,,,,
,,,,,,
,,,,,,
,,,,,,
,,,,,,
,,,,,,
,,,,,,
,,,,,,
,,,,,,
,,,,,,
,,,,,,
,,,,,,
,,,,,,
,,,,,,
,,,,,,
,,,,,,
,,,,,,
,,,,,,
,,,,,,
,,,,,,
,,,,,,
,,,,,,
,,,,,,
,,,,,,
,,,,,,
,,,,,,
,,,,,,
,,,,,,
,,,,,,
,,,,,,
,,,,,,
,,,,,,
,,,,,,
,,,,,,
,,,,,,
,,,,,,
,,,,,,
,,,,,,
,,,,,,
,,,,,,
,,,,,,
,,,,,,
,,,,,,
,,,,,,
,,,,,,
,,,,,,
,,,,,,
,,,,,,
,,,,,,
,,,,,,
,,,,,,
,,,,,,
,,,,,,
,,,,,,
,,,,,,
,,,,,,
,,,,,,
,,,,,,
,,,,,,
,,,,,,
,,,,,,
,,,,,,
,,,,,,
,,,,,,
,,,,,,
,,,,,,
,,,,,,
,,,,,,
,,,,,,
,,,,,,
,,,,,,
,,,,,,
,,,,,,
,,,,,,
,,,,,,
,,,,,,
,,,,,,
,,,,,,
,,,,,,
,,,,,,
,,,,,,
,,,,,,
,,,,,,
,,,,,,
,,,,,,
,,,,,,
,,,,,,
,,,,,,
,,,,,,
,,,,,,
,,,,,,
,,,,,,
,,,,,,
,,,,,,
,,,,,,
,,,,,,
,,,,,,
,,,,,,
,,,,,,
,,,,,,
,,,,,,
,,,,,,
,,,,,,
,,,,,,
,,,,,,
,,,,,,
,,,,,,
,,,,,,
,,,,,,
,,,,,,
,,,,,,
,,,,,,
,,,,,,
,,,,,,
,,,,,,
,,,,,,
,,,,,,
,,,,,,
,,,,,,
,,,,,,
,,,,,,
,,,,,,
,,,,,,
,,,,,,
,,,,,,
,,,,,,
,,,,,,
,,,,,,
,,,,,,
,,,,,,
,,,,,,
,,,,,,
,,,,,,
,,,,,,
,,,,,,
,,,,,,
,,,,,,
,,,,,,
,,,,,,
,,,,,,
,,,,,,
,,,,,,
,,,,,,
,,,,,,
,,,,,,
,,,,,,
,,,,,,
,,,,,,
,,,,,,
,,,,,,
,,,,,,
,,,,,,
,,,,,,
,,,,,,
,,,,,,
,,,,,,
,,,,,,
,,,,,,
,,,,,,
,,,,,,
,,,,,,
,,,,,,
,,,,,,
,,,,,,
,,,,,,
,,,,,,
,,,,,,
,,,,,,
,,,,,,
,,,,,,
,,,,,,
,,,,,,
,,,,,,
,,,,,,
,,,,,,
,,,,,,
,,,,,,
,,,,,,
,,,,,,
,,,,,,
,,,,,,
,,,,,,
,,,,,,
,,,,,,
,,,,,,
,,,,,,
,,,,,,
,,,,,,
,,,,,,
,,,,,,
,,,,,,
,,,,,,
,,,,,,
,,,,,,
,,,,,,
,,,,,,
,,,,,,
,,,,,,
,,,,,,
,,,,,,
,,,,,,
,,,,,,
,,,,,,
,,,,,,
,,,,,,
,,,,,,
,,,,,,
,,,,,,
,,,,,,
,,,,,,
,,,,,,
,,,,,,
,,,,,,
,,,,,,
,,,,,,
,,,,,,
,,,,,,
,,,,,,
,,,,,,
,,,,,,
,,,,,,
,,,,,,
,,,,,,
,,,,,,
,,,,,,
,,,,,,
,,,,,,
,,,,,,
,,,,,,
,,,,,,
,,,,,,
,,,,,,
,,,,,,
,,,,,,
,,,,,,
,,,,,,
,,,,,,
,,,,,,
,,,,,,
,,,,,,
,,,,,,
,,,,,,
,,,,,,
,,,,,,
,,,,,,
,,,,,,
,,,,,,
,,,,,,
,,,,,,
,,,,,,
,,,,,,
,,,,,,
,,,,,,
,,,,,,
,,,,,,
,,,,,,
,,,,,,
,,,,,,
,,,,,,
,,,,,,
,,,,,,
,,,,,,
,,,,,,
,,,,,,
,,,,,,
,,,,,,
,,,,,,
,,,,,,
,,,,,,
,,,,,,
,,,,,,
,,,,,,
,,,,,,
,,,,,,
,,,,,,
,,,,,,
,,,,,,
,,,,,,
,,,,,,
,,,,,,
,,,,,,
,,,,,,
,,,,,,
,,,,,,
,,,,,,
,,,,,,
,,,,,,
,,,,,,
,,,,,,
,,,,,,
,,,,,,
,,,,,,
,,,,,,
,,,,,,
,,,,,,
,,,,,,
,,,,,,
,,,,,,
,,,,,,
,,,,,,
,,,,,,
,,,,,,
,,,,,,
,,,,,,
,,,,,,
,,,,,,
,,,,,,
,,,,,,
,,,,,,
,,,,,,
,,,,,,
,,,,,,
,,,,,,
,,,,,,
,,,,,,
,,,,,,
,,,,,,
,,,,,,
,,,,,,
,,,,,,
,,,,,,
,,,,,,
,,,,,,
,,,,,,
,,,,,,
,,,,,,
,,,,,,
,,,,,,
,,,,,,
,,,,,,
,,,,,,
,,,,,,
,,,,,,
,,,,,,
,,,,,,
,,,,,,
,,,,,,
,,,,,,
,,,,,,
,,,,,,
,,,,,,
,,,,,,
,,,,,,
,,,,,,
,,,,,,
,,,,,,
,,,,,,
,,,,,,
,,,,,,
,,,,,,
,,,,,,
,,,,,,
,,,,,,
,,,,,,
,,,,,,
,,,,,,
,,,,,,
,,,,,,
,,,,,,
,,,,,,
,,,,,,
,,,,,,
,,,,,,
,,,,,,
,,,,,,
,,,,,,
,,,,,,
,,,,,,
,,,,,,
,,,,,,
,,,,,,
,,,,,,
,,,,,,
,,,,,,
,,,,,,
,,,,,,
,,,,,,
,,,,,,
,,,,,,
,,,,,,
,,,,,,
,,,,,,
,,,,,,
,,,,,,
,,,,,,
,,,,,,
,,,,,,
,,,,,,
,,,,,,
,,,,,,
,,,,,,
,,,,,,
,,,,,,
,,,,,,
,,,,,,
,,,,,,
,,,,,,
,,,,,,
,,,,,,
,,,,,,
,,,,,,
,,,,,,
,,,,,,
,,,,,,
,,,,,,
,,,,,,
,,,,,,
,,,,,,
,,,,,,
,,,,,,
,,,,,,
,,,,,,
,,,,,,
,,,,,,
,,,,,,
,,,,,,
,,,,,,
,,,,,,
,,,,,,
,,,,,,
,,,,,,
,,,,,,
,,,,,,
,,,,,,
,,,,,,
,,,,,,
,,,,,,
,,,,,,
,,,,,,
,,,,,,
,,,,,,
,,,,,,
,,,,,,
,,,,,,
,,,,,,
,,,,,,
,,,,,,
,,,,,,
,,,,,,
,,,,,,
,,,,,,
,,,,,,
,,,,,,
,,,,,,
,,,,,,
,,,,,,
,,,,,,
,,,,,,
,,,,,,
,,,,,,
,,,,,,
,,,,,,
,,,,,,
,,,,,,
,,,,,,
,,,,,,
,,,,,,
,,,,,,
,,,,,,
,,,,,,
,,,,,,
,,,,,,
,,,,,,
,,,,,,
,,,,,,
,,,,,,
,,,,,,
,,,,,,
,,,,,,
,,,,,,
,,,,,,
,,,,,,
,,,,,,
,,,,,,
,,,,,,
,,,,,,
,,,,,,
,,,,,,
,,,,,,
,,,,,,
,,,,,,
,,,,,,
,,,,,,
,,,,,,
,,,,,,
,,,,,,
,,,,,,
,,,,,,
,,,,,,
,,,,,,
,,,,,,
,,,,,,
,,,,,,
,,,,,,
,,,,,,
,,,,,,
,,,,,,
,,,,,,
,,,,,,
,,,,,,
,,,,,,
,,,,,,
,,,,,,
,,,,,,
,,,,,,
,,,,,,
,,,,,,
,,,,,,
,,,,,,
,,,,,,
,,,,,,
,,,,,,
,,,,,,
,,,,,,
,,,,,,
,,,,,,
,,,,,,
,,,,,,
,,,,,,
,,,,,,
,,,,,,
,,,,,,
,,,,,,
,,,,,,
,,,,,,
,,,,,,
,,,,,,
,,,,,,
,,,,,,
,,,,,,
,,,,,,
,,,,,,
,,,,,,
,,,,,,
,,,,,,
,,,,,,
,,,,,,
,,,,,,
,,,,,,
,,,,,,
,,,,,,
,,,,,,
,,,,,,
,,,,,,
,,,,,,
,,,,,,
,,,,,,
,,,,,,
,,,,,,
,,,,,,
,,,,,,
,,,,,,
,,,,,,
,,,,,,
,,,,,,
,,,,,,
,,,,,,
,,,,,,
,,,,,,
,,,,,,
,,,,,,
,,,,,,
,,,,,,
,,,,,,
,,,,,,
,,,,,,
,,,,,,
,,,,,,
,,,,,,
,,,,,,
,,,,,,
,,,,,,
,,,,,,
,,,,,,
,,,,,,
,,,,,,
,,,,,,
,,,,,,
,,,,,,
,,,,,,
,,,,,,
,,,,,,
,,,,,,
,,,,,,
,,,,,,
,,,,,,
,,,,,,
,,,,,,
,,,,,,
,,,,,,
,,,,,,
,,,,,,
,,,,,,
,,,,,,
,,,,,,
,,,,,,
,,,,,,
,,,,,,
,,,,,,
,,,,,,
,,,,,,
,,,,,,
,,,,,,
,,,,,,
,,,,,,
,,,,,,
,,,,,,
,,,,,,
,,,,,,
,,,,,,
,,,,,,
,,,,,,
,,,,,,
,,,,,,
,,,,,,
,,,,,,
,,,,,,
,,,,,,
,,,,,,
,,,,,,
,,,,,,
,,,,,,
,,,,,,
,,,,,,
,,,,,,
,,,,,,
,,,,,,
,,,,,,
,,,,,,
,,,,,,
,,,,,,
,,,,,,
,,,,,,
,,,,,,
,,,,,,
,,,,,,
,,,,,,
,,,,,,
,,,,,,
,,,,,,
,,,,,,
,,,,,,
,,,,,,
,,,,,,
,,,,,,
,,,,,,
,,,,,,
,,,,,,
,,,,,,
,,,,,,
,,,,,,
,,,,,,
,,,,,,
,,,,,,
,,,,,,
,,,,,,
,,,,,,
,,,,,,
,,,,,,
,,,,,,
,,,,,,
,,,,,,
,,,,,,
,,,,,,
,,,,,,
,,,,,,
,,,,,,
,,,,,,
,,,,,,
,,,,,,
,,,,,,
,,,,,,
,,,,,,
,,,,,,
,,,,,,
,,,,,,
,,,,,,
,,,,,,
,,,,,,
,,,,,,
,,,,,,
,,,,,,
,,,,,,
,,,,,,
,,,,,,
,,,,,,
,,,,,,
,,,,,,
,,,,,,
,,,,,,
,,,,,,
,,,,,,
,,,,,,
,,,,,,
,,,,,,
,,,,,,
,,,,,,
,,,,,,
,,,,,,
,,,,,,
,,,,,,
,,,,,,
,,,,,,
,,,,,,
,,,,,,
,,,,,,
,,,,,,
,,,,,,
,,,,,,
,,,,,,
,,,,,,
,,,,,,
,,,,,,
,,,,,,
,,,,,,
,,,,,,
,,,,,,
,,,,,,
,,,,,,
,,,,,,
,,,,,,
,,,,,,
,,,,,,
,,,,,,
,,,,,,
,,,,,,
,,,,,,
,,,,,,
,,,,,,
,,,,,,
,,,,,,
,,,,,,
,,,,,,
,,,,,,
,,,,,,
,,,,,,
,,,,,,
,,,,,,
,,,,,,
,,,,,,
,,,,,,
,,,,,,
,,,,,,
,,,,,,
,,,,,,
,,,,,,
,,,,,,
,,,,,,
,,,,,,
,,,,,,
,,,,,,
,,,,,,
,,,,,,
,,,,,,
,,,,,,
,,,,,,
,,,,,,
,,,,,,
,,,,,,
,,,,,,
,,,,,,
,,,,,,
,,,,,,
,,,,,,
,,,,,,
,,,,,,
,,,,,,
,,,,,,
,,,,,,
,,,,,,
,,,,,,
,,,,,,
,,,,,,
,,,,,,
,,,,,,
,,,,,,
,,,,,,
,,,,,,
,,,,,,
,,,,,,
,,,,,,
,,,,,,
,,,,,,
,,,,,,
,,,,,,
,,,,,,
,,,,,,
,,,,,,
,,,,,,
,,,,,,
,,,,,,
,,,,,,
,,,,,,
,,,,,,
,,,,,,
,,,,,,
,,,,,,
,,,,,,
,,,,,,
,,,,,,
,,,,,,
,,,,,,
,,,,,,
,,,,,,
,,,,,,
,,,,,,
,,,,,,
,,,,,,
,,,,,,
,,,,,,
,,,,,,
,,,,,,
,,,,,,
,,,,,,
,,,,,,
,,,,,,
,,,,,,
,,,,,,
,,,,,,
,,,,,,
,,,,,,
,,,,,,
,,,,,,
,,,,,,
,,,,,,
,,,,,,
,,,,,,
,,,,,,
,,,,,,
,,,,,,
,,,,,,
,,,,,,
,,,,,,
,,,,,,
,,,,,,
,,,,,,
,,,,,,
,,,,,,
,,,,,,
,,,,,,
,,,,,,
,,,,,,
,,,,,,
,,,,,,
,,,,,,
,,,,,,
,,,,,,
,,,,,,
,,,,,,
,,,,,,
,,,,,,
,,,,,,
,,,,,,
,,,,,,
,,,,,,
,,,,,,
,,,,,,
,,,,,,
,,,,,,
,,,,,,
,,,,,,
,,,,,,
,,,,,,
,,,,,,
,,,,,,
,,,,,,
,,,,,,
,,,,,,
,,,,,,
,,,,,,
,,,,,,
,,,,,,
,,,,,,
,,,,,,
,,,,,,
,,,,,,
,,,,,,
,,,,,,
,,,,,,
,,,,,,
,,,,,,
,,,,,,
,,,,,,
,,,,,,
,,,,,,
,,,,,,
,,,,,,
,,,,,,
,,,,,,
,,,,,,
,,,,,,
,,,,,,
,,,,,,
,,,,,,
,,,,,,
,,,,,,
,,,,,,
,,,,,,
,,,,,,
,,,,,,
,,,,,,
,,,,,,
,,,,,,
,,,,,,
,,,,,,
,,,,,,
,,,,,,
,,,,,,
,,,,,,
,,,,,,
,,,,,,
,,,,,,
,,,,,,
,,,,,,
,,,,,,
,,,,,,
,,,,,,
,,,,,,
,,,,,,
,,,,,,
,,,,,,
,,,,,,
,,,,,,
,,,,,,
,,,,,,
,,,,,,
,,,,,,
,,,,,,
,,,,,,
,,,,,,
,,,,,,
,,,,,,
,,,,,,
,,,,,,
,,,,,,
,,,,,,
,,,,,,
,,,,,,
,,,,,,
,,,,,,
,,,,,,
,,,,,,
,,,,,,
,,,,,,
,,,,,,
,,,,,,
,,,,,,
,,,,,,
,,,,,,
,,,,,,
,,,,,,
,,,,,,
,,,,,,
,,,,,,
,,,,,,
,,,,,,
,,,,,,
,,,,,,
,,,,,,
,,,,,,
,,,,,,
,,,,,,
,,,,,,
,,,,,,
,,,,,,
,,,,,,
,,,,,,
,,,,,,
,,,,,,
,,,,,,
,,,,,,
,,,,,,
,,,,,,
,,,,,,
,,,,,,
,,,,,,
,,,,,,
,,,,,,
,,,,,,
,,,,,,
,,,,,,
,,,,,,
,,,,,,
,,,,,,
,,,,,,
,,,,,,
,,,,,,
,,,,,,
,,,,,,
,,,,,,
,,,,,,
,,,,,,
,,,,,,
,,,,,,
,,,,,,
,,,,,,
,,,,,,
,,,,,,
,,,,,,
,,,,,,
,,,,,,
,,,,,,
,,,,,,
,,,,,,
,,,,,,
,,,,,,
,,,,,,
,,,,,,
,,,,,,
,,,,,,
,,,,,,
,,,,,,
,,,,,,
,,,,,,
,,,,,,
,,,,,,
,,,,,,
,,,,,,
,,,,,,
,,,,,,
,,,,,,
,,,,,,
,,,,,,
,,,,,,
,,,,,,
,,,,,,
,,,,,,
,,,,,,
,,,,,,
,,,,,,
,,,,,,
,,,,,,
,,,,,,
,,,,,,
,,,,,,
,,,,,,
,,,,,,
,,,,,,
,,,,,,
,,,,,,
,,,,,,
,,,,,,
,,,,,,
,,,,,,
,,,,,,
,,,,,,
,,,,,,
,,,,,,
,,,,,,
,,,,,,
,,,,,,
,,,,,,
,,,,,,
,,,,,,
,,,,,,
,,,,,,
,,,,,,
,,,,,,
,,,,,,
,,,,,,
,,,,,,
,,,,,,
,,,,,,
,,,,,,
,,,,,,
,,,,,,
,,,,,,
,,,,,,
,,,,,,
,,,,,,
,,,,,,
,,,,,,
,,,,,,
,,,,,,
,,,,,,
,,,,,,
,,,,,,
,,,,,,
,,,,,,
,,,,,,
,,,,,,
,,,,,,
,,,,,,
,,,,,,
,,,,,,
,,,,,,
,,,,,,
,,,,,,
,,,,,,
,,,,,,
,,,,,,
,,,,,,
,,,,,,
,,,,,,
,,,,,,
,,,,,,
,,,,,,
,,,,,,
,,,,,,
,,,,,,
,,,,,,
,,,,,,
,,,,,,
,,,,,,
,,,,,,
,,,,,,
,,,,,,
,,,,,,
,,,,,,
,,,,,,
,,,,,,
,,,,,,
,,,,,,
,,,,,,
,,,,,,
,,,,,,
,,,,,,
,,,,,,
,,,,,,
,,,,,,
,,,,,,
,,,,,,
,,,,,,
,,,,,,
,,,,,,
,,,,,,
,,,,,,
,,,,,,
,,,,,,
,,,,,,
,,,,,,
,,,,,,
,,,,,,
,,,,,,
,,,,,,
,,,,,,
,,,,,,
,,,,,,
,,,,,,
,,,,,,
,,,,,,
,,,,,,
,,,,,,
,,,,,,
,,,,,,
,,,,,,
,,,,,,
,,,,,,
,,,,,,
,,,,,,
,,,,,,
,,,,,,
,,,,,,
,,,,,,
,,,,,,
,,,,,,
,,,,,,
,,,,,,
,,,,,,
,,,,,,
,,,,,,
,,,,,,
,,,,,,
,,,,,,
,,,,,,
,,,,,,
,,,,,,
,,,,,,
,,,,,,
,,,,,,
,,,,,,
,,,,,,
,,,,,,
,,,,,,
,,,,,,
,,,,,,
,,,,,,
,,,,,,
,,,,,,
,,,,,,
,,,,,,
,,,,,,
,,,,,,
,,,,,,
,,,,,,
,,,,,,
,,,,,,
,,,,,,
,,,,,,
,,,,,,
,,,,,,
,,,,,,
,,,,,,
,,,,,,
,,,,,,
,,,,,,
,,,,,,
,,,,,,
,,,,,,
,,,,,,
,,,,,,
,,,,,,
,,,,,,
,,,,,,
,,,,,,
,,,,,,
,,,,,,
,,,,,,
,,,,,,
,,,,,,
,,,,,,
,,,,,,
,,,,,,
,,,,,,
,,,,,,
,,,,,,
,,,,,,
,,,,,,
,,,,,,
,,,,,,
,,,,,,
,,,,,,
,,,,,,
,,,,,,
,,,,,,
,,,,,,
,,,,,,
,,,,,,
,,,,,,
,,,,,,
,,,,,,
,,,,,,
,,,,,,
,,,,,,
,,,,,,
,,,,,,
,,,,,,
,,,,,,
,,,,,,
,,,,,,
,,,,,,
,,,,,,
,,,,,,
,,,,,,
,,,,,,
,,,,,,
,,,,,,
,,,,,,
,,,,,,
,,,,,,
,,,,,,
,,,,,,
,,,,,,
,,,,,,
,,,,,,
,,,,,,
,,,,,,
,,,,,,
,,,,,,
,,,,,,
,,,,,,
,,,,,,
,,,,,,
,,,,,,
,,,,,,
,,,,,,
,,,,,,
,,,,,,
,,,,,,
,,,,,,
,,,,,,
,,,,,,
,,,,,,
,,,,,,
,,,,,,
,,,,,,
,,,,,,
,,,,,,
,,,,,,
,,,,,,
,,,,,,
,,,,,,
,,,,,,
,,,,,,
,,,,,,
,,,,,,
,,,,,,
,,,,,,
,,,,,,
,,,,,,
,,,,,,
,,,,,,
,,,,,,
,,,,,,
,,,,,,
,,,,,,
,,,,,,
,,,,,,
,,,,,,
,,,,,,
,,,,,,
,,,,,,
,,,,,,
,,,,,,
,,,,,,
,,,,,,
,,,,,,
,,,,,,
,,,,,,
,,,,,,
,,,,,,
,,,,,,
,,,,,,
,,,,,,
,,,,,,
,,,,,,
,,,,,,
,,,,,,
,,,,,,
,,,,,,
,,,,,,
,,,,,,
,,,,,,
,,,,,,
,,,,,,
,,,,,,
,,,,,,
,,,,,,
,,,,,,
,,,,,,
,,,,,,
,,,,,,
,,,,,,
,,,,,,
,,,,,,
,,,,,,
,,,,,,
,,,,,,
,,,,,,
,,,,,,
,,,,,,
,,,,,,
,,,,,,
,,,,,,
,,,,,,
,,,,,,
,,,,,,
,,,,,,
,,,,,,
,,,,,,
,,,,,,
,,,,,,
,,,,,,
,,,,,,
,,,,,,
,,,,,,
,,,,,,
,,,,,,
,,,,,,
,,,,,,
,,,,,,
,,,,,,
,,,,,,
,,,,,,
,,,,,,
,,,,,,
,,,,,,
,,,,,,
,,,,,,
,,,,,,
,,,,,,
,,,,,,
,,,,,,
,,,,,,
,,,,,,
,,,,,,
,,,,,,
,,,,,,
,,,,,,
,,,,,,
,,,,,,
,,,,,,
,,,,,,
,,,,,,
,,,,,,
,,,,,,
,,,,,,
,,,,,,
,,,,,,
,,,,,,
,,,,,,
,,,,,,
,,,,,,
,,,,,,
,,,,,,
,,,,,,
,,,,,,
,,,,,,
,,,,,,
,,,,,,
,,,,,,
,,,,,,
,,,,,,
,,,,,,
,,,,,,
,,,,,,
,,,,,,
,,,,,,
,,,,,,
,,,,,,
,,,,,,
,,,,,,
,,,,,,
,,,,,,
,,,,,,
,,,,,,
,,,,,,
,,,,,,
,,,,,,
,,,,,,
,,,,,,
,,,,,,
,,,,,,
,,,,,,
,,,,,,
,,,,,,
,,,,,,
,,,,,,
,,,,,,
,,,,,,
,,,,,,
,,,,,,
,,,,,,
,,,,,,
,,,,,,
,,,,,,
,,,,,,
,,,,,,
,,,,,,
,,,,,,
,,,,,,
,,,,,,
,,,,,,
,,,,,,
,,,,,,
,,,,,,
,,,,,,
,,,,,,
,,,,,,
,,,,,,
,,,,,,
,,,,,,
,,,,,,
,,,,,,
,,,,,,
,,,,,,
,,,,,,
,,,,,,
,,,,,,
,,,,,,
,,,,,,
,,,,,,
,,,,,,
,,,,,,
,,,,,,
,,,,,,
,,,,,,
,,,,,,
,,,,,,
,,,,,,
,,,,,,
,,,,,,
,,,,,,
,,,,,,
,,,,,,
,,,,,,
,,,,,,
,,,,,,
,,,,,,
,,,,,,
,,,,,,
,,,,,,
,,,,,,
,,,,,,
,,,,,,
,,,,,,
,,,,,,
,,,,,,
,,,,,,
,,,,,,
,,,,,,
,,,,,,
,,,,,,
,,,,,,
,,,,,,
,,,,,,
,,,,,,
,,,,,,
,,,,,,
,,,,,,
,,,,,,
,,,,,,
,,,,,,
,,,,,,
,,,,,,
,,,,,,
,,,,,,
,,,,,,
,,,,,,
,,,,,,
,,,,,,
,,,,,,
,,,,,,
,,,,,,
,,,,,,
,,,,,,
,,,,,,
,,,,,,
,,,,,,
,,,,,,
,,,,,,
,,,,,,
,,,,,,
,,,,,,
,,,,,,
,,,,,,
,,,,,,
,,,,,,
,,,,,,
,,,,,,
,,,,,,
,,,,,,
,,,,,,
,,,,,,
,,,,,,
,,,,,,
,,,,,,
,,,,,,
,,,,,,
,,,,,,
,,,,,,
,,,,,,
,,,,,,
,,,,,,
,,,,,,
,,,,,,
,,,,,,
,,,,,,
,,,,,,
,,,,,,
,,,,,,
,,,,,,
,,,,,,
,,,,,,
,,,,,,
,,,,,,
,,,,,,
,,,,,,
,,,,,,
,,,,,,
,,,,,,
,,,,,,
,,,,,,
,,,,,,
,,,,,,
,,,,,,
,,,,,,
,,,,,,
,,,,,,
,,,,,,
,,,,,,
,,,,,,
,,,,,,
,,,,,,
,,,,,,
,,,,,,
,,,,,,
,,,,,,
,,,,,,
,,,,,,
,,,,,,
,,,,,,
,,,,,,
,,,,,,
,,,,,,
,,,,,,
,,,,,,
,,,,,,
,,,,,,
,,,,,,
,,,,,,
,,,,,,
,,,,,,
,,,,,,
,,,,,,
,,,,,,
,,,,,,
,,,,,,
,,,,,,
,,,,,,
,,,,,,
,,,,,,
,,,,,,
,,,,,,
,,,,,,
,,,,,,
,,,,,,
,,,,,,
,,,,,,
,,,,,,
,,,,,,
,,,,,,
,,,,,,
,,,,,,
,,,,,,
,,,,,,
,,,,,,
,,,,,,
,,,,,,
,,,,,,
,,,,,,
,,,,,,
,,,,,,
,,,,,,
,,,,,,
,,,,,,
,,,,,,
,,,,,,
,,,,,,
,,,,,,
,,,,,,
,,,,,,
,,,,,,
,,,,,,
,,,,,,
,,,,,,
,,,,,,
,,,,,,
,,,,,,
,,,,,,
,,,,,,
,,,,,,
,,,,,,
,,,,,,
,,,,,,
,,,,,,
,,,,,,
,,,,,,
,,,,,,
,,,,,,
,,,,,,
,,,,,,
,,,,,,
,,,,,,
,,,,,,
,,,,,,
,,,,,,
,,,,,,
,,,,,,
,,,,,,
,,,,,,
,,,,,,
,,,,,,
,,,,,,
,,,,,,
,,,,,,
,,,,,,
,,,,,,
,,,,,,
,,,,,,
,,,,,,
,,,,,,
,,,,,,
,,,,,,
,,,,,,
,,,,,,
,,,,,,
,,,,,,
,,,,,,
,,,,,,
,,,,,,
,,,,,,
,,,,,,
,,,,,,
,,,,,,
,,,,,,
,,,,,,
,,,,,,
,,,,,,
,,,,,,
,,,,,,
,,,,,,
,,,,,,
,,,,,,
,,,,,,
,,,,,,
,,,,,,
,,,,,,
,,,,,,
,,,,,,
,,,,,,
,,,,,,
,,,,,,
,,,,,,
,,,,,,
,,,,,,
,,,,,,
,,,,,,
,,,,,,
,,,,,,
,,,,,,
,,,,,,
,,,,,,
,,,,,,
,,,,,,
,,,,,,
,,,,,,
,,,,,,
,,,,,,
,,,,,,
,,,,,,
,,,,,,
,,,,,,
,,,,,,
,,,,,,
,,,,,,
,,,,,,
,,,,,,
,,,,,,
,,,,,,
,,,,,,
,,,,,,
,,,,,,
,,,,,,
,,,,,,
,,,,,,
,,,,,,
,,,,,,
,,,,,,
,,,,,,
,,,,,,
,,,,,,
,,,,,,
,,,,,,
,,,,,,
,,,,,,
,,,,,,
,,,,,,
,,,,,,
,,,,,,
,,,,,,
,,,,,,
,,,,,,
,,,,,,
,,,,,,
,,,,,,
,,,,,,
,,,,,,
,,,,,,
,,,,,,
,,,,,,
,,,,,,
,,,,,,
,,,,,,
,,,,,,
,,,,,,
,,,,,,
,,,,,,
,,,,,,
,,,,,,
,,,,,,
,,,,,,
,,,,,,
,,,,,,
,,,,,,
,,,,,,
,,,,,,
,,,,,,
,,,,,,
,,,,,,
,,,,,,
,,,,,,
,,,,,,
,,,,,,
,,,,,,
,,,,,,
,,,,,,
,,,,,,
,,,,,,
,,,,,,
,,,,,,
,,,,,,
,,,,,,
,,,,,,
,,,,,,
,,,,,,
,,,,,,
,,,,,,
,,,,,,
,,,,,,
,,,,,,
,,,,,,
,,,,,,
,,,,,,
,,,,,,
,,,,,,
,,,,,,
,,,,,,
,,,,,,
,,,,,,
,,,,,,
,,,,,,
,,,,,,
,,,,,,
,,,,,,
,,,,,,
,,,,,,
,,,,,,
,,,,,,
,,,,,,
,,,,,,
,,,,,,
,,,,,,
,,,,,,
,,,,,,
,,,,,,
,,,,,,
,,,,,,
,,,,,,
,,,,,,
,,,,,,
,,,,,,
,,,,,,
,,,,,,
,,,,,,
,,,,,,
,,,,,,
,,,,,,
,,,,,,
,,,,,,
,,,,,,
,,,,,,
,,,,,,
,,,,,,
,,,,,,
,,,,,,
,,,,,,
,,,,,,
,,,,,,
,,,,,,
,,,,,,
,,,,,,
,,,,,,
,,,,,,
,,,,,,
,,,,,,
,,,,,,
,,,,,,
,,,,,,
,,,,,,
,,,,,,
,,,,,,
,,,,,,
,,,,,,
,,,,,,
,,,,,,
,,,,,,
,,,,,,
,,,,,,
,,,,,,
,,,,,,
,,,,,,
,,,,,,
,,,,,,
,,,,,,
,,,,,,
,,,,,,
,,,,,,
,,,,,,
,,,,,,
,,,,,,
,,,,,,
,,,,,,
,,,,,,
,,,,,,
,,,,,,
,,,,,,
,,,,,,
,,,,,,
,,,,,,
,,,,,,
,,,,,,
,,,,,,
,,,,,,
,,,,,,
,,,,,,
,,,,,,
,,,,,,
,,,,,,
,,,,,,
,,,,,,
,,,,,,
,,,,,,
,,,,,,
,,,,,,
,,,,,,
,,,,,,
,,,,,,
,,,,,,
,,,,,,
,,,,,,
,,,,,,
,,,,,,
,,,,,,
,,,,,,
,,,,,,
,,,,,,
,,,,,,
,,,,,,
,,,,,,
,,,,,,
,,,,,,
,,,,,,
,,,,,,
,,,,,,
,,,,,,
,,,,,,
,,,,,,
,,,,,,
,,,,,,
,,,,,,
,,,,,,
,,,,,,
,,,,,,
,,,,,,
,,,,,,
,,,,,,
,,,,,,
,,,,,,
,,,,,,
,,,,,,
,,,,,,
,,,,,,
,,,,,,
,,,,,,
,,,,,,
,,,,,,
,,,,,,
,,,,,,
,,,,,,
,,,,,,
,,,,,,
,,,,,,
,,,,,,
,,,,,,
,,,,,,
,,,,,,
,,,,,,
,,,,,,
,,,,,,
,,,,,,
,,,,,,
,,,,,,
,,,,,,
,,,,,,
,,,,,,
,,,,,,
,,,,,,
,,,,,,
,,,,,,
,,,,,,
,,,,,,
,,,,,,
,,,,,,
,,,,,,
,,,,,,
,,,,,,
,,,,,,
,,,,,,
,,,,,,
,,,,,,
,,,,,,
,,,,,,
,,,,,,
,,,,,,
,,,,,,
,,,,,,
,,,,,,
,,,,,,
,,,,,,
,,,,,,
,,,,,,
,,,,,,
,,,,,,
,,,,,,
,,,,,,
,,,,,,
,,,,,,
,,,,,,
,,,,,,
,,,,,,
,,,,,,
,,,,,,
,,,,,,
,,,,,,
,,,,,,
,,,,,,
,,,,,,
,,,,,,
,,,,,,
,,,,,,
,,,,,,
,,,,,,
,,,,,,
,,,,,,
,,,,,,
,,,,,,
,,,,,,
,,,,,,
,,,,,,
,,,,,,
,,,,,,
,,,,,,
,,,,,,
,,,,,,
,,,,,,
,,,,,,
,,,,,,
,,,,,,
,,,,,,
,,,,,,
,,,,,,
,,,,,,
,,,,,,
,,,,,,
,,,,,,
,,,,,,
,,,,,,
,,,,,,
,,,,,,
,,,,,,
,,,,,,
,,,,,,
,,,,,,
,,,,,,
,,,,,,
,,,,,,
,,,,,,
,,,,,,
,,,,,,
,,,,,,
,,,,,,
,,,,,,
,,,,,,
,,,,,,
,,,,,,
,,,,,,
,,,,,,
,,,,,,
,,,,,,
,,,,,,
,,,,,,
,,,,,,
,,,,,,
,,,,,,
,,,,,,
,,,,,,
,,,,,,
,,,,,,
,,,,,,
,,,,,,
,,,,,,
,,,,,,
,,,,,,
,,,,,,
,,,,,,
,,,,,,
,,,,,,
,,,,,,
,,,,,,
,,,,,,
,,,,,,
,,,,,,
,,,,,,
,,,,,,
,,,,,,
,,,,,,
,,,,,,
,,,,,,
,,,,,,
,,,,,,
,,,,,,
,,,,,,
,,,,,,
,,,,,,
,,,,,,
,,,,,,
,,,,,,
,,,,,,
,,,,,,
,,,,,,
,,,,,,
,,,,,,
,,,,,,
,,,,,,
,,,,,,
,,,,,,
,,,,,,
,,,,,,
,,,,,,
,,,,,,
,,,,,,
,,,,,,
,,,,,,
,,,,,,
,,,,,,
,,,,,,
,,,,,,
,,,,,,
,,,,,,
,,,,,,
,,,,,,
,,,,,,
,,,,,,
,,,,,,
,,,,,,
,,,,,,
,,,,,,
,,,,,,
,,,,,,
,,,,,,
,,,,,,
,,,,,,
,,,,,,
,,,,,,
,,,,,,
,,,,,,
,,,,,,
,,,,,,
,,,,,,
,,,,,,
,,,,,,
,,,,,,
,,,,,,
,,,,,,
,,,,,,
,,,,,,
,,,,,,
,,,,,,
,,,,,,
,,,,,,
,,,,,,
,,,,,,
,,,,,,
,,,,,,
,,,,,,
,,,,,,
,,,,,,
,,,,,,
,,,,,,
,,,,,,
,,,,,,
,,,,,,
,,,,,,
,,,,,,
,,,,,,
,,,,,,
,,,,,,
,,,,,,
,,,,,,
,,,,,,
,,,,,,
,,,,,,
,,,,,,
,,,,,,
,,,,,,
,,,,,,
,,,,,,
,,,,,,
,,,,,,
,,,,,,
,,,,,,
,,,,,,
,,,,,,
,,,,,,
,,,,,,
,,,,,,
,,,,,,
,,,,,,
,,,,,,
,,,,,,
,,,,,,
,,,,,,
,,,,,,
,,,,,,
,,,,,,
,,,,,,
,,,,,,
,,,,,,
,,,,,,
,,,,,,
,,,,,,
,,,,,,
,,,,,,
,,,,,,
,,,,,,
,,,,,,
,,,,,,
,,,,,,
,,,,,,
,,,,,,
,,,,,,
,,,,,,
,,,,,,
,,,,,,
,,,,,,
,,,,,,
,,,,,,
,,,,,,
,,,,,,
,,,,,,
,,,,,,
,,,,,,
,,,,,,
,,,,,,
,,,,,,
,,,,,,
,,,,,,
,,,,,,
,,,,,,
,,,,,,
,,,,,,
,,,,,,
,,,,,,
,,,,,,
,,,,,,
,,,,,,
,,,,,,
,,,,,,
,,,,,,
,,,,,,
,,,,,,
,,,,,,
,,,,,,
,,,,,,
,,,,,,
,,,,,,
,,,,,,
,,,,,,
,,,,,,
,,,,,,
,,,,,,
,,,,,,
,,,,,,
,,,,,,
,,,,,,
,,,,,,
,,,,,,
,,,,,,
,,,,,,
,,,,,,
,,,,,,
,,,,,,
,,,,,,
,,,,,,
,,,,,,
,,,,,,
,,,,,,
,,,,,,
,,,,,,
,,,,,,
,,,,,,
,,,,,,
,,,,,,
,,,,,,
,,,,,,
,,,,,,
,,,,,,
,,,,,,
,,,,,,
,,,,,,
,,,,,,
,,,,,,
,,,,,,
,,,,,,
,,,,,,
,,,,,,
,,,,,,
,,,,,,
,,,,,,
,,,,,,
,,,,,,
,,,,,,
,,,,,,
,,,,,,
,,,,,,
,,,,,,
,,,,,,
,,,,,,
,,,,,,
,,,,,,
,,,,,,
,,,,,,
,,,,,,
,,,,,,
,,,,,,
,,,,,,
,,,,,,
,,,,,,
,,,,,,
,,,,,,
,,,,,,
,,,,,,
,,,,,,
,,,,,,
,,,,,,
,,,,,,
,,,,,,
,,,,,,
,,,,,,
,,,,,,
,,,,,,
,,,,,,
,,,,,,
,,,,,,
,,,,,,
,,,,,,
,,,,,,
,,,,,,
,,,,,,
,,,,,,
,,,,,,
,,,,,,
,,,,,,
,,,,,,
,,,,,,
,,,,,,
,,,,,,
,,,,,,
,,,,,,
,,,,,,
,,,,,,
,,,,,,
,,,,,,
,,,,,,
,,,,,,
,,,,,,
,,,,,,
,,,,,,
,,,,,,
,,,,,,
,,,,,,
,,,,,,
,,,,,,
,,,,,,
,,,,,,
,,,,,,
,,,,,,
,,,,,,
,,,,,,
,,,,,,
,,,,,,
,,,,,,
,,,,,,
,,,,,,
,,,,,,
,,,,,,
,,,,,,
,,,,,,
,,,,,,
,,,,,,
,,,,,,
,,,,,,
,,,,,,
,,,,,,
,,,,,,
,,,,,,
,,,,,,
,,,,,,
,,,,,,
,,,,,,
,,,,,,
,,,,,,
,,,,,,
,,,,,,
,,,,,,
,,,,,,
,,,,,,
,,,,,,
,,,,,,
,,,,,,
,,,,,,
,,,,,,
,,,,,,
,,,,,,
,,,,,,
,,,,,,
,,,,,,
,,,,,,
,,,,,,
,,,,,,
,,,,,,
,,,,,,
,,,,,,
,,,,,,
,,,,,,
,,,,,,
,,,,,,
,,,,,,
,,,,,,
,,,,,,
,,,,,,
,,,,,,
,,,,,,
,,,,,,
,,,,,,
,,,,,,
,,,,,,
,,,,,,
,,,,,,
,,,,,,
,,,,,,
,,,,,,
,,,,,,
,,,,,,
,,,,,,
,,,,,,
,,,,,,
,,,,,,
,,,,,,
,,,,,,
,,,,,,
,,,,,,
,,,,,,
,,,,,,
,,,,,,
,,,,,,
,,,,,,
,,,,,,
,,,,,,
,,,,,,
,,,,,,
,,,,,,
,,,,,,
,,,,,,
,,,,,,
,,,,,,
,,,,,,
,,,,,,
,,,,,,
,,,,,,
,,,,,,
,,,,,,
,,,,,,
,,,,,,
,,,,,,
,,,,,,
,,,,,,
,,,,,,
,,,,,,
,,,,,,
,,,,,,
,,,,,,
,,,,,,
,,,,,,
,,,,,,
,,,,,,
,,,,,,
,,,,,,
,,,,,,
,,,,,,
,,,,,,
,,,,,,
,,,,,,
,,,,,,
,,,,,,
,,,,,,
,,,,,,
,,,,,,
,,,,,,
,,,,,,
,,,,,,
,,,,,,
,,,,,,
,,,,,,
,,,,,,
,,,,,,
,,,,,,
,,,,,,
,,,,,,
,,,,,,
,,,,,,
,,,,,,
,,,,,,
,,,,,,
,,,,,,
,,,,,,
,,,,,,
,,,,,,
,,,,,,
,,,,,,
,,,,,,
,,,,,,
,,,,,,
,,,,,,
,,,,,,
,,,,,,
,,,,,,
,,,,,,
,,,,,,
,,,,,,
,,,,,,
,,,,,,
,,,,,,
,,,,,,
,,,,,,
,,,,,,
,,,,,,
,,,,,,
,,,,,,
,,,,,,
,,,,,,
,,,,,,
,,,,,,
,,,,,,
,,,,,,
,,,,,,
,,,,,,
,,,,,,
,,,,,,
,,,,,,
,,,,,,
,,,,,,
,,,,,,
,,,,,,
,,,,,,
,,,,,,
,,,,,,
,,,,,,
,,,,,,
,,,,,,
,,,,,,
,,,,,,
,,,,,,
,,,,,,
,,,,,,
,,,,,,
,,,,,,
,,,,,,
,,,,,,
,,,,,,
,,,,,,
,,,,,,
,,,,,,
,,,,,,
,,,,,,
,,,,,,
,,,,,,
,,,,,,
,,,,,,
,,,,,,
,,,,,,
,,,,,,
,,,,,,
,,,,,,
,,,,,,
,,,,,,
,,,,,,
,,,,,,
,,,,,,
,,,,,,
,,,,,,
,,,,,,
,,,,,,
,,,,,,
,,,,,,
,,,,,,
,,,,,,
,,,,,,
,,,,,,
,,,,,,
,,,,,,
,,,,,,
,,,,,,
,,,,,,
,,,,,,
,,,,,,
,,,,,,
,,,,,,
,,,,,,
,,,,,,
,,,,,,
,,,,,,
,,,,,,
,,,,,,
,,,,,,
,,,,,,
,,,,,,
,,,,,,
,,,,,,
,,,,,,
,,,,,,
,,,,,,
,,,,,,
,,,,,,
,,,,,,
,,,,,,
,,,,,,
,,,,,,
,,,,,,
,,,,,,
,,,,,,
,,,,,,
,,,,,,
,,,,,,
,,,,,,
,,,,,,
,,,,,,
,,,,,,
,,,,,,
,,,,,,
,,,,,,
,,,,,,
,,,,,,
,,,,,,
,,,,,,
,,,,,,
,,,,,,
,,,,,,
,,,,,,
,,,,,,
,,,,,,
,,,,,,
,,,,,,
,,,,,,
,,,,,,
,,,,,,
,,,,,,
,,,,,,
,,,,,,
,,,,,,
,,,,,,
,,,,,,
,,,,,,
,,,,,,
,,,,,,
,,,,,,
,,,,,,
,,,,,,
,,,,,,
,,,,,,
,,,,,,
,,,,,,
,,,,,,
,,,,,,
,,,,,,
,,,,,,
,,,,,,
,,,,,,
,,,,,,
,,,,,,
,,,,,,
,,,,,,
,,,,,,
,,,,,,
,,,,,,
,,,,,,
,,,,,,
,,,,,,
,,,,,,
,,,,,,
,,,,,,
,,,,,,
,,,,,,
,,,,,,
,,,,,,
,,,,,,
,,,,,,
,,,,,,
,,,,,,
,,,,,,
,,,,,,
,,,,,,
,,,,,,
,,,,,,
,,,,,,
,,,,,,
,,,,,,
,,,,,,
,,,,,,
,,,,,,
,,,,,,
,,,,,,
,,,,,,
,,,,,,
,,,,,,
,,,,,,
,,,,,,
,,,,,,
,,,,,,
,,,,,,
,,,,,,
,,,,,,
,,,,,,
,,,,,,
,,,,,,
,,,,,,
,,,,,,
,,,,,,
,,,,,,
,,,,,,
,,,,,,
,,,,,,
,,,,,,
,,,,,,
,,,,,,
,,,,,,
,,,,,,
,,,,,,
,,,,,,
,,,,,,
,,,,,,
,,,,,,
,,,,,,
,,,,,,
,,,,,,
,,,,,,
,,,,,,
,,,,,,
,,,,,,
,,,,,,
,,,,,,
,,,,,,
,,,,,,
,,,,,,
,,,,,,
,,,,,,
,,,,,,
,,,,,,
,,,,,,
,,,,,,
,,,,,,
,,,,,,
,,,,,,
,,,,,,
,,,,,,
,,,,,,
,,,,,,
,,,,,,
,,,,,,
,,,,,,
,,,,,,
,,,,,,
,,,,,,
,,,,,,
,,,,,,
,,,,,,
,,,,,,
,,,,,,
,,,,,,
,,,,,,
,,,,,,
,,,,,,
,,,,,,
,,,,,,
,,,,,,
,,,,,,
,,,,,,
,,,,,,
,,,,,,
,,,,,,
,,,,,,
,,,,,,
,,,,,,
,,,,,,
,,,,,,
,,,,,,
,,,,,,
,,,,,,
,,,,,,
,,,,,,
,,,,,,
,,,,,,
,,,,,,
,,,,,,
,,,,,,
,,,,,,
,,,,,,
,,,,,,
,,,,,,
,,,,,,
,,,,,,
,,,,,,
,,,,,,
,,,,,,
,,,,,,
,,,,,,
,,,,,,
,,,,,,
,,,,,,
,,,,,,
,,,,,,
,,,,,,
,,,,,,
,,,,,,
,,,,,,
,,,,,,
,,,,,,
,,,,,,
,,,,,,
,,,,,,
,,,,,,
,,,,,,
,,,,,,
,,,,,,
,,,,,,
,,,,,,
,,,,,,
,,,,,,
,,,,,,
,,,,,,
,,,,,,
,,,,,,
,,,,,,
,,,,,,
,,,,,,
,,,,,,
,,,,,,
,,,,,,
,,,,,,
,,,,,,
,,,,,,
,,,,,,
,,,,,,
,,,,,,
,,,,,,
,,,,,,
,,,,,,
,,,,,,
,,,,,,
,,,,,,
,,,,,,
,,,,,,
,,,,,,
,,,,,,
,,,,,,
,,,,,,
,,,,,,
,,,,,,
,,,,,,
,,,,,,
,,,,,,
,,,,,,
,,,,,,
,,,,,,
,,,,,,
,,,,,,
,,,,,,
,,,,,,
,,,,,,
,,,,,,
,,,,,,
,,,,,,
,,,,,,
,,,,,,
,,,,,,
,,,,,,
,,,,,,
,,,,,,
,,,,,,
,,,,,,
,,,,,,
,,,,,,
,,,,,,
,,,,,,
,,,,,,
,,,,,,
,,,,,,
,,,,,,
,,,,,,
,,,,,,
,,,,,,
,,,,,,
,,,,,,
,,,,,,
,,,,,,
,,,,,,
,,,,,,
,,,,,,
,,,,,,
,,,,,,
,,,,,,
,,,,,,
,,,,,,
,,,,,,
,,,,,,
,,,,,,
,,,,,,
,,,,,,
,,,,,,
,,,,,,
,,,,,,
,,,,,,
,,,,,,
,,,,,,
,,,,,,
,,,,,,
,,,,,,
,,,,,,
,,,,,,
,,,,,,
,,,,,,
,,,,,,
,,,,,,
,,,,,,
,,,,,,
,,,,,,
,,,,,,
,,,,,,
,,,,,,
,,,,,,
,,,,,,
,,,,,,
,,,,,,
,,,,,,
,,,,,,
,,,,,,
,,,,,,
,,,,,,
,,,,,,
,,,,,,
,,,,,,
,,,,,,
,,,,,,
,,,,,,
,,,,,,
,,,,,,
,,,,,,
,,,,,,
,,,,,,
,,,,,,
,,,,,,
,,,,,,
,,,,,,
,,,,,,
,,,,,,
,,,,,,
,,,,,,
,,,,,,
,,,,,,
,,,,,,
,,,,,,
,,,,,,
,,,,,,
,,,,,,
,,,,,,
,,,,,,
,,,,,,
,,,,,,
,,,,,,
,,,,,,
,,,,,,
,,,,,,
,,,,,,
,,,,,,
,,,,,,
,,,,,,
,,,,,,
,,,,,,
,,,,,,
,,,,,,
,,,,,,
,,,,,,
,,,,,,
,,,,,,
,,,,,,
,,,,,,
,,,,,,
,,,,,,
,,,,,,
,,,,,,
,,,,,,
,,,,,,
,,,,,,
,,,,,,
,,,,,,
,,,,,,
,,,,,,
,,,,,,
,,,,,,
,,,,,,
,,,,,,
,,,,,,
,,,,,,
,,,,,,
,,,,,,
,,,,,,
,,,,,,
,,,,,,
,,,,,,
,,,,,,
,,,,,,
,,,,,,
,,,,,,
,,,,,,
,,,,,,
,,,,,,
,,,,,,
,,,,,,
,,,,,,
,,,,,,
,,,,,,
,,,,,,
,,,,,,
,,,,,,
,,,,,,
,,,,,,
,,,,,,
,,,,,,
,,,,,,
,,,,,,
,,,,,,
,,,,,,
,,,,,,
,,,,,,
,,,,,,
,,,,,,
,,,,,,
,,,,,,
,,,,,,
,,,,,,
,,,,,,
,,,,,,
,,,,,,
,,,,,,
,,,,,,
,,,,,,
,,,,,,
,,,,,,
,,,,,,
,,,,,,
,,,,,,
,,,,,,
,,,,,,
,,,,,,
,,,,,,
,,,,,,
,,,,,,
,,,,,,
,,,,,,
,,,,,,
,,,,,,
,,,,,,
,,,,,,
,,,,,,
,,,,,,
,,,,,,
,,,,,,
,,,,,,
,,,,,,
,,,,,,
,,,,,,
,,,,,,
,,,,,,
,,,,,,
,,,,,,
,,,,,,
,,,,,,
,,,,,,
,,,,,,
,,,,,,
,,,,,,
,,,,,,
,,,,,,
,,,,,,
,,,,,,
,,,,,,
,,,,,,
,,,,,,
,,,,,,
,,,,,,
,,,,,,
,,,,,,
,,,,,,
,,,,,,
,,,,,,
,,,,,,
,,,,,,
,,,,,,
,,,,,,
,,,,,,
,,,,,,
,,,,,,
,,,,,,
,,,,,,
,,,,,,
,,,,,,
,,,,,,
,,,,,,
,,,,,,
,,,,,,
,,,,,,
,,,,,,
,,,,,,
,,,,,,
,,,,,,
,,,,,,
,,,,,,
,,,,,,
,,,,,,
,,,,,,
,,,,,,
,,,,,,
,,,,,,
,,,,,,
,,,,,,
,,,,,,
,,,,,,
,,,,,,
,,,,,,
,,,,,,
,,,,,,
,,,,,,
,,,,,,
,,,,,,
,,,,,,
,,,,,,
,,,,,,
,,,,,,
,,,,,,
,,,,,,
,,,,,,
,,,,,,
,,,,,,
,,,,,,
,,,,,,
,,,,,,
,,,,,,
,,,,,,
,,,,,,
,,,,,,
,,,,,,
,,,,,,
,,,,,,
,,,,,,
,,,,,,
,,,,,,
,,,,,,
,,,,,,
,,,,,,
,,,,,,
,,,,,,
,,,,,,
,,,,,,
,,,,,,
,,,,,,
,,,,,,
,,,,,,
,,,,,,
,,,,,,
,,,,,,
,,,,,,
,,,,,,
,,,,,,
,,,,,,
,,,,,,
,,,,,,
,,,,,,
,,,,,,
,,,,,,
,,,,,,
,,,,,,
,,,,,,
,,,,,,
,,,,,,
,,,,,,
,,,,,,
,,,,,,
,,,,,,
,,,,,,
,,,,,,
,,,,,,
,,,,,,
,,,,,,
,,,,,,
,,,,,,
,,,,,,
,,,,,,
,,,,,,
,,,,,,
,,,,,,
,,,,,,
,,,,,,
,,,,,,
,,,,,,
,,,,,,
,,,,,,
,,,,,,
,,,,,,
,,,,,,
,,,,,,
,,,,,,
,,,,,,
,,,,,,
,,,,,,
,,,,,,
,,,,,,
,,,,,,
,,,,,,
,,,,,,
,,,,,,
,,,,,,
,,,,,,
,,,,,,
,,,,,,
,,,,,,
,,,,,,
,,,,,,
,,,,,,
,,,,,,
,,,,,,
,,,,,,
,,,,,,
,,,,,,
,,,,,,
,,,,,,
,,,,,,
,,,,,,
,,,,,,
,,,,,,
,,,,,,
,,,,,,
,,,,,,
,,,,,,
,,,,,,
,,,,,,
,,,,,,
,,,,,,
,,,,,,
,,,,,,
,,,,,,
,,,,,,
,,,,,,
,,,,,,
,,,,,,
,,,,,,
,,,,,,
,,,,,,
,,,,,,
,,,,,,
,,,,,,
,,,,,,
,,,,,,
,,,,,,
,,,,,,
,,,,,,
,,,,,,
,,,,,,
,,,,,,
,,,,,,
,,,,,,
,,,,,,
,,,,,,
,,,,,,
,,,,,,
,,,,,,
,,,,,,
,,,,,,
,,,,,,
,,,,,,
,,,,,,
,,,,,,
,,,,,,
,,,,,,
,,,,,,
,,,,,,
,,,,,,
,,,,,,
,,,,,,
,,,,,,
,,,,,,
,,,,,,
,,,,,,
,,,,,,
,,,,,,
,,,,,,
,,,,,,
,,,,,,
,,,,,,
,,,,,,
,,,,,,
,,,,,,
,,,,,,
,,,,,,
,,,,,,
,,,,,,
,,,,,,
,,,,,,
,,,,,,
,,,,,,
,,,,,,
,,,,,,
,,,,,,
,,,,,,
,,,,,,
,,,,,,
,,,,,,
,,,,,,
,,,,,,
,,,,,,
,,,,,,
,,,,,,
,,,,,,
,,,,,,
,,,,,,
,,,,,,
,,,,,,
,,,,,,
,,,,,,
,,,,,,
,,,,,,
,,,,,,
,,,,,,
,,,,,,
,,,,,,
,,,,,,
,,,,,,
,,,,,,
,,,,,,
,,,,,,
,,,,,,
,,,,,,
,,,,,,
,,,,,,
,,,,,,
,,,,,,
,,,,,,
,,,,,,
,,,,,,
,,,,,,
,,,,,,
,,,,,,
,,,,,,
,,,,,,
,,,,,,
,,,,,,
,,,,,,
,,,,,,
,,,,,,
,,,,,,
,,,,,,
,,,,,,
,,,,,,
,,,,,,
,,,,,,
,,,,,,
,,,,,,
,,,,,,
,,,,,,
,,,,,,
,,,,,,
,,,,,,
,,,,,,
,,,,,,
,,,,,,
,,,,,,
,,,,,,
,,,,,,
,,,,,,
,,,,,,
,,,,,,
,,,,,,
,,,,,,
,,,,,,
,,,,,,
,,,,,,
,,,,,,
,,,,,,
,,,,,,
,,,,,,
,,,,,,
,,,,,,
,,,,,,
,,,,,,
,,,,,,
,,,,,,
,,,,,,
,,,,,,
,,,,,,
,,,,,,
,,,,,,
,,,,,,
,,,,,,
,,,,,,
,,,,,,
,,,,,,
,,,,,,
,,,,,,
,,,,,,
,,,,,,
,,,,,,
,,,,,,
,,,,,,
,,,,,,
,,,,,,
,,,,,,
,,,,,,
,,,,,,
,,,,,,
,,,,,,
,,,,,,
,,,,,,
,,,,,,
,,,,,,
,,,,,,
,,,,,,
,,,,,,
,,,,,,
,,,,,,
,,,,,,
,,,,,,
,,,,,,
,,,,,,
,,,,,,
,,,,,,
,,,,,,
,,,,,,
,,,,,,
,,,,,,
,,,,,,
,,,,,,
,,,,,,
,,,,,,
,,,,,,
,,,,,,
,,,,,,
,,,,,,
,,,,,,
,,,,,,
,,,,,,
,,,,,,
,,,,,,
,,,,,,
,,,,,,
,,,,,,
,,,,,,
,,,,,,
,,,,,,
,,,,,,
,,,,,,
,,,,,,
,,,,,,
,,,,,,
,,,,,,
,,,,,,
,,,,,,
,,,,,,
,,,,,,
,,,,,,
,,,,,,
,,,,,,
,,,,,,
,,,,,,
,,,,,,
,,,,,,
,,,,,,
,,,,,,
,,,,,,
,,,,,,
,,,,,,
,,,,,,
,,,,,,
,,,,,,
,,,,,,
,,,,,,
,,,,,,
,,,,,,
,,,,,,
,,,,,,
,,,,,,
,,,,,,
,,,,,,
,,,,,,
,,,,,,
,,,,,,
,,,,,,
,,,,,,
,,,,,,
,,,,,,
,,,,,,
,,,,,,
,,,,,,
,,,,,,
,,,,,,
,,,,,,
,,,,,,
,,,,,,
,,,,,,
,,,,,,
,,,,,,
,,,,,,
,,,,,,
,,,,,,
,,,,,,
,,,,,,
,,,,,,
,,,,,,
,,,,,,
,,,,,,
,,,,,,
,,,,,,
,,,,,,
,,,,,,
,,,,,,
,,,,,,
,,,,,,
,,,,,,
,,,,,,
,,,,,,
,,,,,,
,,,,,,
,,,,,,
,,,,,,
,,,,,,
,,,,,,
,,,,,,
,,,,,,
,,,,,,
,,,,,,
,,,,,,
,,,,,,
,,,,,,
,,,,,,
,,,,,,
,,,,,,
,,,,,,
,,,,,,
,,,,,,
,,,,,,
,,,,,,
,,,,,,
,,,,,,
,,,,,,
,,,,,,
,,,,,,
,,,,,,
,,,,,,
,,,,,,
,,,,,,
,,,,,,
,,,,,,
,,,,,,
,,,,,,
,,,,,,
,,,,,,
,,,,,,
,,,,,,
,,,,,,
,,,,,,
,,,,,,
,,,,,,
,,,,,,
,,,,,,
,,,,,,
,,,,,,
,,,,,,
,,,,,,
,,,,,,
,,,,,,
,,,,,,
,,,,,,
,,,,,,
,,,,,,
,,,,,,
,,,,,,
,,,,,,
,,,,,,
,,,,,,
,,,,,,
,,,,,,
,,,,,,
,,,,,,
,,,,,,
,,,,,,
,,,,,,
,,,,,,
,,,,,,
,,,,,,
,,,,,,
,,,,,,
,,,,,,
,,,,,,
,,,,,,
,,,,,,
,,,,,,
,,,,,,
,,,,,,
,,,,,,
,,,,,,
,,,,,,
,,,,,,
,,,,,,
,,,,,,
,,,,,,
,,,,,,
,,,,,,
,,,,,,
,,,,,,
,,,,,,
,,,,,,
,,,,,,
,,,,,,
,,,,,,
,,,,,,
,,,,,,
,,,,,,
,,,,,,
,,,,,,
,,,,,,
,,,,,,
,,,,,,
,,,,,,
,,,,,,
,,,,,,
,,,,,,
,,,,,,
,,,,,,
,,,,,,
,,,,,,
,,,,,,
,,,,,,
,,,,,,
,,,,,,
,,,,,,
,,,,,,
,,,,,,
,,,,,,
,,,,,,
,,,,,,
,,,,,,
,,,,,,
,,,,,,
,,,,,,
,,,,,,
,,,,,,
,,,,,,
,,,,,,
,,,,,,
,,,,,,
,,,,,,
,,,,,,
,,,,,,
,,,,,,
,,,,,,
,,,,,,
,,,,,,
,,,,,,
,,,,,,
,,,,,,
,,,,,,
,,,,,,
,,,,,,
,,,,,,
,,,,,,
,,,,,,
,,,,,,
,,,,,,
,,,,,,
,,,,,,
,,,,,,
,,,,,,
,,,,,,
,,,,,,
,,,,,,
,,,,,,
,,,,,,
,,,,,,
,,,,,,
,,,,,,
,,,,,,
,,,,,,
,,,,,,
,,,,,,
,,,,,,
,,,,,,
,,,,,,
,,,,,,
,,,,,,
,,,,,,
,,,,,,
,,,,,,
,,,,,,
,,,,,,
,,,,,,
,,,,,,
,,,,,,
,,,,,,
,,,,,,
,,,,,,
,,,,,,
,,,,,,
,,,,,,
,,,,,,
,,,,,,
,,,,,,
,,,,,,
,,,,,,
,,,,,,
,,,,,,
,,,,,,
,,,,,,
,,,,,,
,,,,,,
,,,,,,
,,,,,,
,,,,,,
,,,,,,
,,,,,,
,,,,,,
,,,,,,
,,,,,,
,,,,,,
,,,,,,
,,,,,,
,,,,,,
,,,,,,
,,,,,,
,,,,,,
,,,,,,
,,,,,,
,,,,,,
,,,,,,
,,,,,,
,,,,,,
,,,,,,
,,,,,,
,,,,,,
,,,,,,
,,,,,,
,,,,,,
,,,,,,
,,,,,,
,,,,,,
,,,,,,
,,,,,,
,,,,,,
,,,,,,
,,,,,,
,,,,,,
,,,,,,
,,,,,,
,,,,,,
,,,,,,
,,,,,,
,,,,,,
,,,,,,
,,,,,,
,,,,,,
,,,,,,
,,,,,,
,,,,,,
,,,,,,
,,,,,,
,,,,,,
,,,,,,
,,,,,,
,,,,,,
,,,,,,
,,,,,,
,,,,,,
,,,,,,
,,,,,,
,,,,,,
,,,,,,
,,,,,,
,,,,,,
,,,,,,
,,,,,,
,,,,,,
,,,,,,
,,,,,,
,,,,,,
,,,,,,
,,,,,,
,,,,,,
,,,,,,
,,,,,,
,,,,,,
,,,,,,
,,,,,,
,,,,,,
,,,,,,
,,,,,,
,,,,,,
,,,,,,
,,,,,,
,,,,,,
,,,,,,
,,,,,,
,,,,,,
,,,,,,
,,,,,,
,,,,,,
,,,,,,
,,,,,,
,,,,,,
,,,,,,
,,,,,,
,,,,,,
,,,,,,
,,,,,,
,,,,,,
,,,,,,
,,,,,,
,,,,,,
,,,,,,
,,,,,,
,,,,,,
,,,,,,
,,,,,,
,,,,,,
,,,,,,
,,,,,,
,,,,,,
,,,,,,
,,,,,,
,,,,,,
,,,,,,
,,,,,,
,,,,,,
,,,,,,
,,,,,,
,,,,,,
,,,,,,
,,,,,,
,,,,,,
,,,,,,
,,,,,,
,,,,,,
,,,,,,
,,,,,,
,,,,,,
,,,,,,
,,,,,,
,,,,,,
,,,,,,
,,,,,,
,,,,,,
,,,,,,
,,,,,,
,,,,,,
,,,,,,
,,,,,,
,,,,,,
,,,,,,
,,,,,,
,,,,,,
,,,,,,
,,,,,,
,,,,,,
,,,,,,
,,,,,,
,,,,,,
,,,,,,
,,,,,,
,,,,,,
,,,,,,
,,,,,,
,,,,,,
,,,,,,
,,,,,,
,,,,,,
,,,,,,
,,,,,,
,,,,,,
,,,,,,
,,,,,,
,,,,,,
,,,,,,
,,,,,,
,,,,,,
,,,,,,
,,,,,,
,,,,,,
,,,,,,
,,,,,,
,,,,,,
,,,,,,
,,,,,,
,,,,,,
,,,,,,
,,,,,,
,,,,,,
,,,,,,
,,,,,,
,,,,,,
,,,,,,
,,,,,,
,,,,,,
,,,,,,
,,,,,,
,,,,,,
,,,,,,
,,,,,,
,,,,,,
,,,,,,
,,,,,,
,,,,,,
,,,,,,
,,,,,,
,,,,,,
,,,,,,
,,,,,,
,,,,,,
,,,,,,
,,,,,,
,,,,,,
,,,,,,
,,,,,,
,,,,,,
,,,,,,
,,,,,,
,,,,,,
,,,,,,
,,,,,,
,,,,,,
,,,,,,
,,,,,,
,,,,,,
,,,,,,
,,,,,,
,,,,,,
,,,,,,
,,,,,,
,,,,,,
,,,,,,
,,,,,,
,,,,,,
,,,,,,
,,,,,,
,,,,,,
,,,,,,
,,,,,,
,,,,,,
,,,,,,
,,,,,,
,,,,,,
,,,,,,
,,,,,,
,,,,,,
,,,,,,
,,,,,,
,,,,,,
,,,,,,
,,,,,,
,,,,,,
,,,,,,
,,,,,,
,,,,,,
,,,,,,
,,,,,,
,,,,,,
,,,,,,
,,,,,,
,,,,,,
,,,,,,
,,,,,,
,,,,,,
,,,,,,
,,,,,,
,,,,,,
,,,,,,
,,,,,,
,,,,,,
,,,,,,
,,,,,,
,,,,,,
,,,,,,
,,,,,,
,,,,,,
,,,,,,
,,,,,,
,,,,,,
,,,,,,
,,,,,,
,,,,,,
,,,,,,
,,,,,,
,,,,,,
,,,,,,
,,,,,,
,,,,,,
,,,,,,
,,,,,,
,,,,,,
,,,,,,
,,,,,,
,,,,,,
,,,,,,
,,,,,,
,,,,,,
,,,,,,
,,,,,,
,,,,,,
,,,,,,
,,,,,,
,,,,,,
,,,,,,
,,,,,,
,,,,,,
,,,,,,
,,,,,,
,,,,,,
,,,,,,
,,,,,,
,,,,,,
,,,,,,
,,,,,,
,,,,,,
,,,,,,
,,,,,,
,,,,,,
,,,,,,
,,,,,,
,,,,,,
,,,,,,
,,,,,,
,,,,,,
,,,,,,
,,,,,,
,,,,,,
,,,,,,
,,,,,,
,,,,,,
,,,,,,
,,,,,,
,,,,,,
,,,,,,
,,,,,,
,,,,,,
,,,,,,
,,,,,,
,,,,,,
,,,,,,
,,,,,,
,,,,,,
,,,,,,
,,,,,,
,,,,,,
,,,,,,
,,,,,,
,,,,,,
,,,,,,
,,,,,,
,,,,,,
,,,,,,
,,,,,,
,,,,,,
,,,,,,
,,,,,,
,,,,,,
,,,,,,
,,,,,,
,,,,,,
,,,,,,
,,,,,,
,,,,,,
,,,,,,
,,,,,,
,,,,,,
,,,,,,
,,,,,,
,,,,,,
,,,,,,
,,,,,,
,,,,,,
,,,,,,
,,,,,,
,,,,,,
,,,,,,
,,,,,,
,,,,,,
,,,,,,
,,,,,,
,,,,,,
,,,,,,
,,,,,,
,,,,,,
,,,,,,
,,,,,,
,,,,,,
,,,,,,
,,,,,,
,,,,,,
,,,,,,
,,,,,,
,,,,,,
,,,,,,
,,,,,,
,,,,,,
,,,,,,
,,,,,,
,,,,,,
,,,,,,
,,,,,,
,,,,,,
,,,,,,
,,,,,,
,,,,,,
,,,,,,
,,,,,,
,,,,,,
,,,,,,
,,,,,,
,,,,,,
,,,,,,
,,,,,,
,,,,,,
,,,,,,
,,,,,,
,,,,,,
,,,,,,
,,,,,,
,,,,,,
,,,,,,
,,,,,,
,,,,,,
,,,,,,
,,,,,,
,,,,,,
,,,,,,
,,,,,,
,,,,,,
,,,,,,
,,,,,,
,,,,,,
,,,,,,
,,,,,,
,,,,,,
,,,,,,
,,,,,,
,,,,,,
,,,,,,
,,,,,,
,,,,,,
,,,,,,
,,,,,,
,,,,,,
,,,,,,
,,,,,,
,,,,,,
,,,,,,
,,,,,,
,,,,,,
,,,,,,
,,,,,,
,,,,,,
,,,,,,
,,,,,,
,,,,,,
,,,,,,
,,,,,,
,,,,,,
,,,,,,
,,,,,,
,,,,,,
,,,,,,
,,,,,,
,,,,,,
,,,,,,
,,,,,,
,,,,,,
,,,,,,
,,,,,,
,,,,,,
,,,,,,
,,,,,,
,,,,,,
,,,,,,
,,,,,,
,,,,,,
,,,,,,
,,,,,,
,,,,,,
,,,,,,
,,,,,,
,,,,,,
,,,,,,
,,,,,,
,,,,,,
,,,,,,
,,,,,,
,,,,,,
,,,,,,
,,,,,,
,,,,,,
,,,,,,
,,,,,,
,,,,,,
,,,,,,
,,,,,,
,,,,,,
,,,,,,
,,,,,,
,,,,,,
,,,,,,
,,,,,,
,,,,,,
,,,,,,
,,,,,,
,,,,,,
,,,,,,
,,,,,,
,,,,,,
,,,,,,
,,,,,,
,,,,,,
,,,,,,
,,,,,,
,,,,,,
,,,,,,
,,,,,,
,,,,,,
,,,,,,
,,,,,,
,,,,,,
,,,,,,
,,,,,,
,,,,,,
,,,,,,
,,,,,,
,,,,,,
,,,,,,
,,,,,,
,,,,,,
,,,,,,
,,,,,,
,,,,,,
,,,,,,
,,,,,,
,,,,,,
,,,,,,
,,,,,,
,,,,,,
,,,,,,
,,,,,,
,,,,,,
,,,,,,
,,,,,,
,,,,,,
,,,,,,
,,,,,,
,,,,,,
,,,,,,
,,,,,,
,,,,,,
,,,,,,
,,,,,,
,,,,,,
,,,,,,
,,,,,,
,,,,,,
,,,,,,
,,,,,,
,,,,,,
,,,,,,
,,,,,,
,,,,,,
,,,,,,
,,,,,,
,,,,,,
,,,,,,
,,,,,,
,,,,,,
,,,,,,
,,,,,,
,,,,,,
,,,,,,
,,,,,,
,,,,,,
,,,,,,
,,,,,,
,,,,,,
,,,,,,
,,,,,,
,,,,,,
,,,,,,
,,,,,,
,,,,,,
,,,,,,
,,,,,,
,,,,,,
,,,,,,
,,,,,,
,,,,,,
,,,,,,
,,,,,,
,,,,,,
,,,,,,
,,,,,,
,,,,,,
,,,,,,
,,,,,,
,,,,,,
,,,,,,
,,,,,,
,,,,,,
,,,,,,
,,,,,,
,,,,,,
,,,,,,
,,,,,,
,,,,,,
,,,,,,
,,,,,,
,,,,,,
,,,,,,
,,,,,,
,,,,,,
,,,,,,
,,,,,,
,,,,,,
,,,,,,
,,,,,,
,,,,,,
,,,,,,
,,,,,,
,,,,,,
,,,,,,
,,,,,,
,,,,,,
,,,,,,
,,,,,,
,,,,,,
,,,,,,
,,,,,,
,,,,,,
,,,,,,
,,,,,,
,,,,,,
,,,,,,
,,,,,,
,,,,,,
,,,,,,
,,,,,,
,,,,,,
,,,,,,
,,,,,,
,,,,,,
,,,,,,
,,,,,,
,,,,,,
,,,,,,
,,,,,,
,,,,,,
,,,,,,
,,,,,,
,,,,,,
,,,,,,
,,,,,,
,,,,,,
,,,,,,
,,,,,,
,,,,,,
,,,,,,
,,,,,,
,,,,,,
,,,,,,
,,,,,,
,,,,,,
,,,,,,
,,,,,,
,,,,,,
,,,,,,
,,,,,,
,,,,,,
,,,,,,
,,,,,,
,,,,,,
,,,,,,
,,,,,,
,,,,,,
,,,,,,
,,,,,,
,,,,,,
,,,,,,
,,,,,,
,,,,,,
,,,,,,
,,,,,,
,,,,,,
,,,,,,
,,,,,,
,,,,,,
,,,,,,
,,,,,,
,,,,,,
,,,,,,
,,,,,,
,,,,,,
,,,,,,
,,,,,,
,,,,,,
,,,,,,
,,,,,,
,,,,,,
,,,,,,
,,,,,,
,,,,,,
,,,,,,
,,,,,,
,,,,,,
,,,,,,
,,,,,,
,,,,,,
,,,,,,
,,,,,,
,,,,,,
,,,,,,
,,,,,,
,,,,,,
,,,,,,
,,,,,,
,,,,,,
,,,,,,
,,,,,,
,,,,,,
,,,,,,
,,,,,,
,,,,,,
,,,,,,
,,,,,,
,,,,,,
,,,,,,
,,,,,,
,,,,,,
,,,,,,
,,,,,,
,,,,,,
,,,,,,
,,,,,,
,,,,,,
,,,,,,
,,,,,,
,,,,,,
,,,,,,
,,,,,,
,,,,,,
,,,,,,
,,,,,,
,,,,,,
,,,,,,
,,,,,,
,,,,,,
,,,,,,
,,,,,,
,,,,,,
,,,,,,
,,,,,,
,,,,,,
,,,,,,
,,,,,,
,,,,,,
,,,,,,
,,,,,,
,,,,,,
,,,,,,
,,,,,,
,,,,,,
,,,,,,
,,,,,,
,,,,,,
,,,,,,
,,,,,,
,,,,,,
,,,,,,
,,,,,,
,,,,,,
,,,,,,
,,,,,,
,,,,,,
,,,,,,
,,,,,,
,,,,,,
,,,,,,
,,,,,,
,,,,,,
,,,,,,
,,,,,,
,,,,,,
,,,,,,
,,,,,,
,,,,,,
,,,,,,
,,,,,,
,,,,,,
,,,,,,
,,,,,,
,,,,,,
,,,,,,
,,,,,,
,,,,,,
,,,,,,
,,,,,,
,,,,,,
,,,,,,
,,,,,,
,,,,,,
,,,,,,
,,,,,,
,,,,,,
,,,,,,
,,,,,,
,,,,,,
,,,,,,
,,,,,,
,,,,,,
,,,,,,
,,,,,,
,,,,,,
,,,,,,
,,,,,,
,,,,,,
,,,,,,
,,,,,,
,,,,,,
,,,,,,
,,,,,,
,,,,,,
,,,,,,
,,,,,,
,,,,,,
,,,,,,
,,,,,,
,,,,,,
,,,,,,
,,,,,,
,,,,,,
,,,,,,
,,,,,,
,,,,,,
,,,,,,
,,,,,,
,,,,,,
,,,,,,
,,,,,,
,,,,,,
,,,,,,
,,,,,,
,,,,,,
,,,,,,
,,,,,,
,,,,,,
,,,,,,
,,,,,,
,,,,,,
,,,,,,
,,,,,,
,,,,,,
,,,,,,
,,,,,,
,,,,,,
,,,,,,
,,,,,,
,,,,,,
,,,,,,
,,,,,,
,,,,,,
,,,,,,
,,,,,,
,,,,,,
,,,,,,
,,,,,,
,,,,,,
,,,,,,
,,,,,,
,,,,,,
,,,,,,
,,,,,,
,,,,,,
,,,,,,
,,,,,,
,,,,,,
,,,,,,
,,,,,,
,,,,,,
,,,,,,
,,,,,,
,,,,,,
,,,,,,
,,,,,,
,,,,,,
,,,,,,
,,,,,,
,,,,,,
,,,,,,
,,,,,,
,,,,,,
,,,,,,
,,,,,,
,,,,,,
,,,,,,
,,,,,,
,,,,,,
,,,,,,
,,,,,,
,,,,,,
,,,,,,
,,,,,,
,,,,,,
,,,,,,
,,,,,,
,,,,,,
,,,,,,
,,,,,,
,,,,,,
,,,,,,
,,,,,,
,,,,,,
,,,,,,
,,,,,,
,,,,,,
,,,,,,
,,,,,,
,,,,,,
,,,,,,
,,,,,,
,,,,,,
,,,,,,
,,,,,,
,,,,,,
,,,,,,
,,,,,,
,,,,,,
,,,,,,
,,,,,,
,,,,,,
,,,,,,
,,,,,,
,,,,,,
,,,,,,
,,,,,,
,,,,,,
,,,,,,
,,,,,,
,,,,,,
,,,,,,
,,,,,,
,,,,,,
,,,,,,
,,,,,,
,,,,,,
,,,,,,
,,,,,,
,,,,,,
,,,,,,
,,,,,,
,,,,,,
,,,,,,
,,,,,,
,,,,,,
,,,,,,
,,,,,,
,,,,,,
,,,,,,
,,,,,,
,,,,,,
,,,,,,
,,,,,,
,,,,,,
,,,,,,
,,,,,,
,,,,,,
,,,,,,
,,,,,,
,,,,,,
,,,,,,
,,,,,,
,,,,,,
,,,,,,
,,,,,,
,,,,,,
,,,,,,
,,,,,,
,,,,,,
,,,,,,
,,,,,,
,,,,,,
,,,,,,
,,,,,,
,,,,,,
,,,,,,
,,,,,,
,,,,,,
,,,,,,
,,,,,,
,,,,,,
,,,,,,
,,,,,,
,,,,,,
,,,,,,
,,,,,,
,,,,,,
,,,,,,
,,,,,,
,,,,,,
,,,,,,
,,,,,,
,,,,,,
,,,,,,
,,,,,,
,,,,,,
,,,,,,
,,,,,,
,,,,,,
,,,,,,
,,,,,,
,,,,,,
,,,,,,
,,,,,,
,,,,,,
,,,,,,
,,,,,,
,,,,,,
,,,,,,
,,,,,,
,,,,,,
,,,,,,
,,,,,,
,,,,,,
,,,,,,
,,,,,,
,,,,,,
,,,,,,
,,,,,,
,,,,,,
,,,,,,
,,,,,,
,,,,,,
,,,,,,
,,,,,,
,,,,,,
,,,,,,
,,,,,,
,,,,,,
,,,,,,
,,,,,,
,,,,,,
,,,,,,
,,,,,,
,,,,,,
,,,,,,
,,,,,,
,,,,,,
,,,,,,
,,,,,,
,,,,,,
,,,,,,
,,,,,,
,,,,,,
,,,,,,
,,,,,,
,,,,,,
,,,,,,
,,,,,,
,,,,,,
,,,,,,
,,,,,,
,,,,,,
,,,,,,
,,,,,,
,,,,,,
,,,,,,
,,,,,,
,,,,,,
,,,,,,
,,,,,,
,,,,,,
,,,,,,
,,,,,,
,,,,,,
,,,,,,
,,,,,,
,,,,,,
,,,,,,
,,,,,,
,,,,,,
,,,,,,
,,,,,,
,,,,,,
,,,,,,
,,,,,,
,,,,,,
,,,,,,
,,,,,,
,,,,,,
,,,,,,
,,,,,,
,,,,,,
,,,,,,
,,,,,,
,,,,,,
,,,,,,
,,,,,,
,,,,,,
,,,,,,
,,,,,,
,,,,,,
,,,,,,
,,,,,,
,,,,,,
,,,,,,
,,,,,,
,,,,,,
,,,,,,
,,,,,,
,,,,,,
,,,,,,
,,,,,,
,,,,,,
,,,,,,
,,,,,,
,,,,,,
,,,,,,
,,,,,,
,,,,,,
,,,,,,
,,,,,,
,,,,,,
,,,,,,
,,,,,,
,,,,,,
,,,,,,
,,,,,,
,,,,,,
,,,,,,
,,,,,,
,,,,,,
,,,,,,
,,,,,,
,,,,,,
,,,,,,
,,,,,,
,,,,,,
,,,,,,
,,,,,,
,,,,,,
,,,,,,
,,,,,,
,,,,,,
,,,,,,
,,,,,,
,,,,,,
,,,,,,
,,,,,,
,,,,,,
,,,,,,
,,,,,,
,,,,,,
,,,,,,
,,,,,,
,,,,,,
,,,,,,
,,,,,,
,,,,,,
,,,,,,
,,,,,,
,,,,,,
,,,,,,
,,,,,,
,,,,,,
,,,,,,
,,,,,,
,,,,,,
,,,,,,
,,,,,,
,,,,,,
,,,,,,
,,,,,,
,,,,,,
,,,,,,
,,,,,,
,,,,,,
,,,,,,
,,,,,,
,,,,,,
,,,,,,
,,,,,,
,,,,,,
,,,,,,
,,,,,,
,,,,,,
,,,,,,
,,,,,,
,,,,,,
,,,,,,
,,,,,,
,,,,,,
,,,,,,
,,,,,,
,,,,,,
,,,,,,
,,,,,,
,,,,,,
,,,,,,
,,,,,,
,,,,,,
,,,,,,
,,,,,,
,,,,,,
,,,,,,
,,,,,,
,,,,,,
,,,,,,
,,,,,,
,,,,,,
,,,,,,
,,,,,,
,,,,,,
,,,,,,
,,,,,,
,,,,,,
,,,,,,
,,,,,,
,,,,,,
,,,,,,
,,,,,,
,,,,,,
,,,,,,
,,,,,,
,,,,,,
,,,,,,
,,,,,,
,,,,,,
,,,,,,
,,,,,,
,,,,,,
,,,,,,
,,,,,,
,,,,,,
,,,,,,
,,,,,,
,,,,,,
,,,,,,
,,,,,,
,,,,,,
,,,,,,
,,,,,,
,,,,,,
,,,,,,
,,,,,,
,,,,,,
,,,,,,
,,,,,,
,,,,,,
,,,,,,
,,,,,,
,,,,,,
,,,,,,
,,,,,,
,,,,,,
,,,,,,
,,,,,,
,,,,,,
,,,,,,
,,,,,,
,,,,,,
,,,,,,
,,,,,,
,,,,,,
,,,,,,
,,,,,,
,,,,,,
,,,,,,
,,,,,,
,,,,,,
,,,,,,
,,,,,,
,,,,,,
,,,,,,
,,,,,,
,,,,,,
,,,,,,
,,,,,,
,,,,,,
,,,,,,
,,,,,,
,,,,,,
,,,,,,
,,,,,,
,,,,,,
,,,,,,
,,,,,,
,,,,,,
,,,,,,
,,,,,,
,,,,,,
,,,,,,
,,,,,,
,,,,,,
,,,,,,
,,,,,,
,,,,,,
,,,,,,
,,,,,,
,,,,,,
,,,,,,
,,,,,,
,,,,,,
,,,,,,
,,,,,,
,,,,,,
,,,,,,
,,,,,,
,,,,,,
,,,,,,
,,,,,,
,,,,,,
,,,,,,
,,,,,,
,,,,,,
,,,,,,
,,,,,,
,,,,,,
,,,,,,
,,,,,,
,,,,,,
,,,,,,
,,,,,,
,,,,,,
,,,,,,
,,,,,,
,,,,,,
,,,,,,
,,,,,,
,,,,,,
,,,,,,
,,,,,,
,,,,,,
,,,,,,
,,,,,,
,,,,,,
,,,,,,
,,,,,,
,,,,,,
,,,,,,
,,,,,,
,,,,,,
,,,,,,
,,,,,,
,,,,,,
,,,,,,
,,,,,,
,,,,,,
,,,,,,
,,,,,,
,,,,,,
,,,,,,
,,,,,,
,,,,,,
,,,,,,
,,,,,,
,,,,,,
,,,,,,
,,,,,,
,,,,,,
,,,,,,
,,,,,,
,,,,,,
,,,,,,
,,,,,,
,,,,,,
,,,,,,
,,,,,,
,,,,,,
,,,,,,
,,,,,,
,,,,,,
,,,,,,
,,,,,,
,,,,,,
,,,,,,
,,,,,,
,,,,,,
,,,,,,
,,,,,,
,,,,,,
,,,,,,
,,,,,,
,,,,,,
,,,,,,
,,,,,,
,,,,,,
,,,,,,
,,,,,,
,,,,,,
,,,,,,
,,,,,,
,,,,,,
,,,,,,
,,,,,,
,,,,,,
,,,,,,
,,,,,,
,,,,,,
,,,,,,
,,,,,,
,,,,,,
,,,,,,
,,,,,,
,,,,,,
,,,,,,
,,,,,,
,,,,,,
,,,,,,
,,,,,,
,,,,,,
,,,,,,
,,,,,,
,,,,,,
,,,,,,
,,,,,,
,,,,,,
,,,,,,
,,,,,,
,,,,,,
,,,,,,
,,,,,,
,,,,,,
,,,,,,
,,,,,,
,,,,,,
,,,,,,
,,,,,,
,,,,,,
,,,,,,
,,,,,,
,,,,,,
,,,,,,
,,,,,,
,,,,,,
,,,,,,
,,,,,,
,,,,,,
,,,,,,
,,,,,,
,,,,,,
,,,,,,
,,,,,,
,,,,,,
,,,,,,
,,,,,,
,,,,,,
,,,,,,
,,,,,,
,,,,,,
,,,,,,
,,,,,,
,,,,,,
,,,,,,
,,,,,,
,,,,,,
,,,,,,
,,,,,,
,,,,,,
,,,,,,
,,,,,,
,,,,,,
,,,,,,
,,,,,,
,,,,,,
,,,,,,
,,,,,,
,,,,,,
,,,,,,
,,,,,,
,,,,,,
,,,,,,
,,,,,,
,,,,,,
,,,,,,
,,,,,,
,,,,,,
,,,,,,
,,,,,,
,,,,,,
,,,,,,
,,,,,,
,,,,,,
,,,,,,
,,,,,,
,,,,,,
,,,,,,
,,,,,,
,,,,,,
,,,,,,
,,,,,,
,,,,,,
,,,,,,
,,,,,,
,,,,,,
,,,,,,
,,,,,,
,,,,,,
,,,,,,
,,,,,,
,,,,,,
,,,,,,
,,,,,,
,,,,,,
,,,,,,
,,,,,,
,,,,,,
,,,,,,
,,,,,,
,,,,,,
,,,,,,
,,,,,,
,,,,,,
,,,,,,
,,,,,,
,,,,,,
,,,,,,
,,,,,,
,,,,,,
,,,,,,
,,,,,,
,,,,,,
,,,,,,
,,,,,,
,,,,,,
,,,,,,
,,,,,,
,,,,,,
,,,,,,
,,,,,,
,,,,,,
,,,,,,
,,,,,,
,,,,,,
,,,,,,
,,,,,,
,,,,,,
,,,,,,
,,,,,,
,,,,,,
,,,,,,
,,,,,,
,,,,,,
,,,,,,
,,,,,,
,,,,,,
,,,,,,
,,,,,,
,,,,,,
,,,,,,
,,,,,,
,,,,,,
,,,,,,
,,,,,,
,,,,,,
,,,,,,
,,,,,,
,,,,,,
,,,,,,
,,,,,,
,,,,,,
,,,,,,
,,,,,,
,,,,,,
,,,,,,
,,,,,,
,,,,,,
,,,,,,
,,,,,,
,,,,,,
,,,,,,
,,,,,,
,,,,,,
,,,,,,
,,,,,,
,,,,,,
,,,,,,
,,,,,,
,,,,,,
,,,,,,
,,,,,,
,,,,,,
,,,,,,
,,,,,,
,,,,,,
,,,,,,
,,,,,,
,,,,,,
,,,,,,
,,,,,,
,,,,,,
,,,,,,
,,,,,,
,,,,,,
,,,,,,
,,,,,,
,,,,,,
,,,,,,
,,,,,,
,,,,,,
,,,,,,
,,,,,,
,,,,,,
,,,,,,
,,,,,,
,,,,,,
,,,,,,
,,,,,,
,,,,,,
,,,,,,
,,,,,,
,,,,,,
,,,,,,
,,,,,,
,,,,,,
,,,,,,
,,,,,,
,,,,,,
,,,,,,
,,,,,,
,,,,,,
,,,,,,
,,,,,,
,,,,,,
,,,,,,
,,,,,,
,,,,,,
,,,,,,
,,,,,,
,,,,,,
,,,,,,
,,,,,,
,,,,,,
,,,,,,
,,,,,,
,,,,,,
,,,,,,
,,,,,,
,,,,,,
,,,,,,
,,,,,,
,,,,,,
,,,,,,
,,,,,,
,,,,,,
,,,,,,
,,,,,,
,,,,,,
,,,,,,
,,,,,,
,,,,,,
,,,,,,
,,,,,,
,,,,,,
,,,,,,
,,,,,,
,,,,,,
,,,,,,
,,,,,,
,,,,,,
,,,,,,
,,,,,,
,,,,,,
,,,,,,
,,,,,,
,,,,,,
,,,,,,
,,,,,,
,,,,,,
,,,,,,
,,,,,,
,,,,,,
,,,,,,
,,,,,,
,,,,,,
,,,,,,
,,,,,,
,,,,,,
,,,,,,
,,,,,,
,,,,,,
,,,,,,
,,,,,,
,,,,,,
,,,,,,
,,,,,,
,,,,,,
,,,,,,
,,,,,,
,,,,,,
,,,,,,
,,,,,,
,,,,,,
,,,,,,
,,,,,,
,,,,,,
,,,,,,
,,,,,,
,,,,,,
,,,,,,
,,,,,,
,,,,,,
,,,,,,
,,,,,,
,,,,,,
,,,,,,
,,,,,,
,,,,,,
,,,,,,
,,,,,,
,,,,,,
,,,,,,
,,,,,,
,,,,,,
,,,,,,
,,,,,,
,,,,,,
,,,,,,
,,,,,,
,,,,,,
,,,,,,
,,,,,,
,,,,,,
,,,,,,
,,,,,,
,,,,,,
,,,,,,
,,,,,,
,,,,,,
,,,,,,
,,,,,,
,,,,,,
,,,,,,
,,,,,,
,,,,,,
,,,,,,
,,,,,,
,,,,,,
,,,,,,
,,,,,,
,,,,,,
,,,,,,
,,,,,,
,,,,,,
,,,,,,
,,,,,,
,,,,,,
,,,,,,
,,,,,,
,,,,,,
,,,,,,
,,,,,,
,,,,,,
,,,,,,
,,,,,,
,,,,,,
,,,,,,
,,,,,,
,,,,,,
,,,,,,
,,,,,,
,,,,,,
,,,,,,
,,,,,,
,,,,,,
,,,,,,
,,,,,,
,,,,,,
,,,,,,
,,,,,,
,,,,,,
,,,,,,
,,,,,,
,,,,,,
,,,,,,
,,,,,,
,,,,,,
,,,,,,
,,,,,,
,,,,,,
,,,,,,
,,,,,,
,,,,,,
,,,,,,
,,,,,,
,,,,,,
,,,,,,
,,,,,,
,,,,,,
,,,,,,
,,,,,,
,,,,,,
,,,,,,
,,,,,,
,,,,,,
,,,,,,
,,,,,,
,,,,,,
,,,,,,
,,,,,,
,,,,,,
,,,,,,
,,,,,,
,,,,,,
,,,,,,
,,,,,,
,,,,,,
,,,,,,
,,,,,,
,,,,,,
,,,,,,
,,,,,,
,,,,,,
,,,,,,
,,,,,,
,,,,,,
,,,,,,
,,,,,,
,,,,,,
,,,,,,
,,,,,,
,,,,,,
,,,,,,
,,,,,,
,,,,,,
,,,,,,
,,,,,,
,,,,,,
,,,,,,
,,,,,,
,,,,,,
,,,,,,
,,,,,,
,,,,,,
,,,,,,
,,,,,,
,,,,,,
,,,,,,
,,,,,,
,,,,,,
,,,,,,
,,,,,,
,,,,,,
,,,,,,
,,,,,,
,,,,,,
,,,,,,
,,,,,,
,,,,,,
,,,,,,
,,,,,,
,,,,,,
,,,,,,
,,,,,,
,,,,,,
,,,,,,
,,,,,,
,,,,,,
,,,,,,
,,,,,,
,,,,,,
,,,,,,
,,,,,,
,,,,,,
,,,,,,
,,,,,,
,,,,,,
,,,,,,
,,,,,,
,,,,,,
,,,,,,
,,,,,,
,,,,,,
,,,,,,
,,,,,,
,,,,,,
,,,,,,
,,,,,,
,,,,,,
,,,,,,
,,,,,,
,,,,,,
,,,,,,
,,,,,,
,,,,,,
,,,,,,
,,,,,,
,,,,,,
,,,,,,
,,,,,,
,,,,,,
,,,,,,
,,,,,,
,,,,,,
,,,,,,
,,,,,,
,,,,,,
,,,,,,
,,,,,,
,,,,,,
,,,,,,
,,,,,,
,,,,,,
,,,,,,
,,,,,,
,,,,,,
,,,,,,
,,,,,,
,,,,,,
,,,,,,
,,,,,,
,,,,,,
,,,,,,
,,,,,,
,,,,,,
,,,,,,
,,,,,,
,,,,,,
,,,,,,
,,,,,,
,,,,,,
,,,,,,
,,,,,,
,,,,,,
,,,,,,
,,,,,,
,,,,,,
,,,,,,
,,,,,,
,,,,,,
,,,,,,
,,,,,,
,,,,,,
,,,,,,
,,,,,,
,,,,,,
,,,,,,
,,,,,,
,,,,,,
,,,,,,
,,,,,,
,,,,,,
,,,,,,
,,,,,,
,,,,,,
,,,,,,
,,,,,,
,,,,,,
,,,,,,
,,,,,,
,,,,,,
,,,,,,
,,,,,,
,,,,,,
,,,,,,
,,,,,,
,,,,,,
,,,,,,
,,,,,,
,,,,,,
,,,,,,
,,,,,,
,,,,,,
,,,,,,
,,,,,,
,,,,,,
,,,,,,
,,,,,,
,,,,,,
,,,,,,
,,,,,,
,,,,,,
,,,,,,
,,,,,,
,,,,,,
,,,,,,
,,,,,,
,,,,,,
,,,,,,
,,,,,,
,,,,,,
,,,,,,
,,,,,,
,,,,,,
,,,,,,
,,,,,,
,,,,,,
,,,,,,
,,,,,,
,,,,,,
,,,,,,
,,,,,,
,,,,,,
,,,,,,
,,,,,,
,,,,,,
,,,,,,
,,,,,,
,,,,,,
,,,,,,
,,,,,,
,,,,,,
,,,,,,
,,,,,,
,,,,,,
,,,,,,
,,,,,,
,,,,,,
,,,,,,
,,,,,,
,,,,,,
,,,,,,
,,,,,,
,,,,,,
,,,,,,
,,,,,,
,,,,,,
,,,,,,
,,,,,,
,,,,,,
,,,,,,
,,,,,,
,,,,,,
,,,,,,
,,,,,,
,,,,,,
,,,,,,
,,,,,,
,,,,,,
,,,,,,
,,,,,,
,,,,,,
,,,,,,
,,,,,,
,,,,,,
,,,,,,
,,,,,,
,,,,,,
,,,,,,
,,,,,,
,,,,,,
,,,,,,
,,,,,,
,,,,,,
,,,,,,
,,,,,,
,,,,,,
,,,,,,
,,,,,,
,,,,,,
,,,,,,
,,,,,,
,,,,,,
,,,,,,
,,,,,,
,,,,,,
,,,,,,
,,,,,,
,,,,,,
,,,,,,
,,,,,,
,,,,,,
,,,,,,
,,,,,,
,,,,,,
,,,,,,
,,,,,,
,,,,,,
,,,,,,
,,,,,,
,,,,,,
,,,,,,
,,,,,,
,,,,,,
,,,,,,
,,,,,,
,,,,,,
,,,,,,
,,,,,,
,,,,,,
,,,,,,
,,,,,,
,,,,,,
,,,,,,
,,,,,,
,,,,,,
,,,,,,
,,,,,,
,,,,,,
,,,,,,
,,,,,,
,,,,,,
,,,,,,
,,,,,,
,,,,,,
,,,,,,
,,,,,,
,,,,,,
,,,,,,
,,,,,,
,,,,,,
,,,,,,
,,,,,,
,,,,,,
,,,,,,
,,,,,,
,,,,,,
,,,,,,
,,,,,,
,,,,,,
,,,,,,
,,,,,,
,,,,,,
,,,,,,
,,,,,,
,,,,,,
,,,,,,
,,,,,,
,,,,,,
,,,,,,
,,,,,,
,,,,,,
,,,,,,
,,,,,,
,,,,,,
,,,,,,
,,,,,,
,,,,,,
,,,,,,
,,,,,,
,,,,,,
,,,,,,
,,,,,,
,,,,,,
,,,,,,
,,,,,,
,,,,,,
,,,,,,
,,,,,,
,,,,,,
,,,,,,
,,,,,,
,,,,,,
,,,,,,
,,,,,,
,,,,,,
,,,,,,
,,,,,,
,,,,,,
,,,,,,
,,,,,,
,,,,,,
,,,,,,
,,,,,,
,,,,,,
,,,,,,
,,,,,,
,,,,,,
,,,,,,
,,,,,,
,,,,,,
,,,,,,
,,,,,,
,,,,,,
,,,,,,
,,,,,,
,,,,,,
,,,,,,
,,,,,,
,,,,,,
,,,,,,
,,,,,,
,,,,,,
,,,,,,
,,,,,,
,,,,,,
,,,,,,
,,,,,,
,,,,,,
,,,,,,
,,,,,,
,,,,,,
,,,,,,
,,,,,,
,,,,,,
,,,,,,
,,,,,,
,,,,,,
,,,,,,
,,,,,,
,,,,,,
,,,,,,
,,,,,,
,,,,,,
,,,,,,
,,,,,,
,,,,,,
,,,,,,
,,,,,,
,,,,,,
,,,,,,
,,,,,,
,,,,,,
,,,,,,
,,,,,,
,,,,,,
,,,,,,
,,,,,,
,,,,,,
,,,,,,
,,,,,,
,,,,,,
,,,,,,
,,,,,,
,,,,,,
,,,,,,
,,,,,,
,,,,,,
,,,,,,
,,,,,,
,,,,,,
,,,,,,
,,,,,,
,,,,,,
,,,,,,
,,,,,,
,,,,,,
,,,,,,
,,,,,,
,,,,,,
,,,,,,
,,,,,,
,,,,,,
,,,,,,
,,,,,,
,,,,,,
,,,,,,
,,,,,,
,,,,,,
,,,,,,
,,,,,,
,,,,,,
,,,,,,
,,,,,,
,,,,,,
,,,,,,
,,,,,,
,,,,,,
,,,,,,
,,,,,,
,,,,,,
,,,,,,
,,,,,,
,,,,,,
,,,,,,
,,,,,,
,,,,,,
,,,,,,
,,,,,,
,,,,,,
,,,,,,
,,,,,,
,,,,,,
,,,,,,
,,,,,,
,,,,,,
,,,,,,
,,,,,,
,,,,,,
,,,,,,
,,,,,,
,,,,,,
,,,,,,
,,,,,,
,,,,,,
,,,,,,
,,,,,,
,,,,,,
,,,,,,
,,,,,,
,,,,,,
,,,,,,
,,,,,,
,,,,,,
,,,,,,
,,,,,,
,,,,,,
,,,,,,
,,,,,,
,,,,,,
,,,,,,
,,,,,,
,,,,,,
,,,,,,
,,,,,,
,,,,,,
,,,,,,
,,,,,,
,,,,,,
,,,,,,
,,,,,,
,,,,,,
,,,,,,
,,,,,,
,,,,,,
,,,,,,
,,,,,,
,,,,,,
,,,,,,
,,,,,,
,,,,,,
,,,,,,
,,,,,,
,,,,,,
,,,,,,
,,,,,,
,,,,,,
,,,,,,
,,,,,,
,,,,,,
,,,,,,
,,,,,,
,,,,,,
,,,,,,
,,,,,,
,,,,,,
,,,,,,
,,,,,,
,,,,,,
,,,,,,
,,,,,,
,,,,,,
,,,,,,
,,,,,,
,,,,,,
,,,,,,
,,,,,,
,,,,,,
,,,,,,
,,,,,,
,,,,,,
,,,,,,
,,,,,,
,,,,,,
,,,,,,
,,,,,,
,,,,,,
,,,,,,
,,,,,,
,,,,,,
,,,,,,
,,,,,,
,,,,,,
,,,,,,
,,,,,,
,,,,,,
,,,,,,
,,,,,,
,,,,,,
,,,,,,
,,,,,,
,,,,,,
,,,,,,
,,,,,,
,,,,,,
,,,,,,
,,,,,,
,,,,,,
,,,,,,
,,,,,,
,,,,,,
,,,,,,
,,,,,,
,,,,,,
,,,,,,
,,,,,,
,,,,,,
,,,,,,
,,,,,,
,,,,,,
,,,,,,
,,,,,,
,,,,,,
,,,,,,
,,,,,,
,,,,,,
,,,,,,
,,,,,,
,,,,,,
,,,,,,
,,,,,,
,,,,,,
,,,,,,
,,,,,,
,,,,,,
,,,,,,
,,,,,,
,,,,,,
,,,,,,
,,,,,,
,,,,,,
,,,,,,
,,,,,,
,,,,,,
,,,,,,
,,,,,,
,,,,,,
,,,,,,
,,,,,,
,,,,,,
,,,,,,
,,,,,,
,,,,,,
,,,,,,
,,,,,,
,,,,,,
,,,,,,
,,,,,,
,,,,,,
,,,,,,
,,,,,,
,,,,,,
,,,,,,
,,,,,,
,,,,,,
,,,,,,
,,,,,,
,,,,,,
,,,,,,
,,,,,,
,,,,,,
,,,,,,
,,,,,,
,,,,,,
,,,,,,
,,,,,,
,,,,,,
,,,,,,
,,,,,,
,,,,,,
,,,,,,
,,,,,,
,,,,,,
,,,,,,
,,,,,,
,,,,,,
,,,,,,
,,,,,,
,,,,,,
,,,,,,
,,,,,,
,,,,,,
,,,,,,
,,,,,,
,,,,,,
,,,,,,
,,,,,,
,,,,,,
,,,,,,
,,,,,,
,,,,,,
,,,,,,
,,,,,,
,,,,,,
,,,,,,
,,,,,,
,,,,,,
,,,,,,
,,,,,,
,,,,,,
,,,,,,
,,,,,,
,,,,,,
,,,,,,
,,,,,,
,,,,,,
,,,,,,
,,,,,,
,,,,,,
,,,,,,
,,,,,,
,,,,,,
,,,,,,
,,,,,,
,,,,,,
,,,,,,
,,,,,,
,,,,,,
,,,,,,
,,,,,,
,,,,,,
,,,,,,
,,,,,,
,,,,,,
,,,,,,
,,,,,,
,,,,,,
,,,,,,
,,,,,,
,,,,,,
,,,,,,
,,,,,,
,,,,,,
,,,,,,
,,,,,,
,,,,,,
,,,,,,
,,,,,,
,,,,,,
,,,,,,
,,,,,,
,,,,,,
,,,,,,
,,,,,,
,,,,,,
,,,,,,
,,,,,,
,,,,,,
,,,,,,
,,,,,,
,,,,,,
,,,,,,
,,,,,,
,,,,,,
,,,,,,
,,,,,,
,,,,,,
,,,,,,
,,,,,,
,,,,,,
,,,,,,
,,,,,,
,,,,,,
,,,,,,
,,,,,,
,,,,,,
,,,,,,
,,,,,,
,,,,,,
,,,,,,
,,,,,,
,,,,,,
,,,,,,
,,,,,,
,,,,,,
,,,,,,
,,,,,,
,,,,,,
,,,,,,
,,,,,,
,,,,,,
,,,,,,
,,,,,,
,,,,,,
,,,,,,
,,,,,,
,,,,,,
,,,,,,
,,,,,,
,,,,,,
,,,,,,
,,,,,,
,,,,,,
,,,,,,
,,,,,,
,,,,,,
,,,,,,
,,,,,,
,,,,,,
,,,,,,
,,,,,,
,,,,,,
,,,,,,
,,,,,,
,,,,,,
,,,,,,
,,,,,,
,,,,,,
,,,,,,
,,,,,,
,,,,,,
,,,,,,
,,,,,,
,,,,,,
,,,,,,
,,,,,,
,,,,,,
,,,,,,
,,,,,,
,,,,,,
,,,,,,
,,,,,,
,,,,,,
,,,,,,
,,,,,,
,,,,,,
,,,,,,
,,,,,,
,,,,,,
,,,,,,
,,,,,,
,,,,,,
,,,,,,
,,,,,,
,,,,,,
,,,,,,
,,,,,,
,,,,,,
,,,,,,
,,,,,,
,,,,,,
,,,,,,
,,,,,,
,,,,,,
,,,,,,
,,,,,,
,,,,,,
,,,,,,
,,,,,,
,,,,,,
,,,,,,
,,,,,,
,,,,,,
,,,,,,
,,,,,,
,,,,,,
,,,,,,
,,,,,,
,,,,,,
,,,,,,
,,,,,,
,,,,,,
,,,,,,
,,,,,,
,,,,,,
,,,,,,
,,,,,,
,,,,,,
,,,,,,
,,,,,,
,,,,,,
,,,,,,
,,,,,,
,,,,,,
,,,,,,
,,,,,,
,,,,,,
,,,,,,
,,,,,,
,,,,,,
,,,,,,
,,,,,,
,,,,,,
,,,,,,
,,,,,,
,,,,,,
,,,,,,
,,,,,,
,,,,,,
,,,,,,
,,,,,,
,,,,,,
,,,,,,
,,,,,,
,,,,,,
,,,,,,
,,,,,,
,,,,,,
,,,,,,
,,,,,,
,,,,,,
,,,,,,
,,,,,,
,,,,,,
,,,,,,
,,,,,,
,,,,,,
,,,,,,
,,,,,,
,,,,,,
,,,,,,
,,,,,,
,,,,,,
,,,,,,
,,,,,,
,,,,,,
,,,,,,
,,,,,,
,,,,,,
,,,,,,
,,,,,,
,,,,,,
,,,,,,
,,,,,,
,,,,,,
,,,,,,
,,,,,,
,,,,,,
,,,,,,
,,,,,,
,,,,,,
,,,,,,
,,,,,,
,,,,,,
,,,,,,
,,,,,,
,,,,,,
,,,,,,
,,,,,,
,,,,,,
,,,,,,
,,,,,,
,,,,,,
,,,,,,
,,,,,,
,,,,,,
,,,,,,
,,,,,,
,,,,,,
,,,,,,
,,,,,,
,,,,,,
,,,,,,
,,,,,,
,,,,,,
,,,,,,
,,,,,,
,,,,,,
,,,,,,
,,,,,,
,,,,,,
,,,,,,
,,,,,,
,,,,,,
,,,,,,
,,,,,,
,,,,,,
,,,,,,
,,,,,,
,,,,,,
,,,,,,
,,,,,,
,,,,,,
,,,,,,
,,,,,,
,,,,,,
,,,,,,
,,,,,,
,,,,,,
,,,,,,
,,,,,,
,,,,,,
,,,,,,
,,,,,,
,,,,,,
,,,,,,
,,,,,,
,,,,,,
,,,,,,
,,,,,,
,,,,,,
,,,,,,
,,,,,,
,,,,,,
,,,,,,
,,,,,,
,,,,,,
,,,,,,
,,,,,,
,,,,,,
,,,,,,
,,,,,,
,,,,,,
,,,,,,
,,,,,,
,,,,,,
,,,,,,
,,,,,,
,,,,,,
,,,,,,
,,,,,,
,,,,,,
,,,,,,
,,,,,,
,,,,,,
,,,,,,
,,,,,,
,,,,,,
,,,,,,
,,,,,,
,,,,,,
,,,,,,
,,,,,,
,,,,,,
,,,,,,
,,,,,,
,,,,,,
,,,,,,
,,,,,,
,,,,,,
,,,,,,
,,,,,,
,,,,,,
,,,,,,
,,,,,,
,,,,,,
,,,,,,
,,,,,,
,,,,,,
,,,,,,
,,,,,,
,,,,,,
,,,,,,
,,,,,,
,,,,,,
,,,,,,
,,,,,,
,,,,,,
,,,,,,
,,,,,,
,,,,,,
,,,,,,
,,,,,,
,,,,,,
,,,,,,
,,,,,,
,,,,,,
,,,,,,
,,,,,,
,,,,,,
,,,,,,
,,,,,,
,,,,,,
,,,,,,
,,,,,,
,,,,,,
,,,,,,
,,,,,,
,,,,,,
,,,,,,
,,,,,,
,,,,,,
,,,,,,
,,,,,,
,,,,,,
,,,,,,
,,,,,,
,,,,,,
,,,,,,
,,,,,,
,,,,,,
,,,,,,
,,,,,,
,,,,,,
,,,,,,
,,,,,,
,,,,,,
,,,,,,
,,,,,,
,,,,,,
,,,,,,
,,,,,,
,,,,,,
,,,,,,
,,,,,,
,,,,,,
,,,,,,
,,,,,,
,,,,,,
,,,,,,
,,,,,,
,,,,,,
,,,,,,
,,,,,,
,,,,,,
,,,,,,
,,,,,,
,,,,,,
,,,,,,
,,,,,,
,,,,,,
,,,,,,
,,,,,,
,,,,,,
,,,,,,
,,,,,,
,,,,,,
,,,,,,
,,,,,,
,,,,,,
,,,,,,
,,,,,,
,,,,,,
,,,,,,
,,,,,,
,,,,,,
,,,,,,
,,,,,,
,,,,,,
,,,,,,
,,,,,,
,,,,,,
,,,,,,
,,,,,,
,,,,,,
,,,,,,
,,,,,,
,,,,,,
,,,,,,
,,,,,,
,,,,,,
,,,,,,
,,,,,,
,,,,,,
,,,,,,
,,,,,,
,,,,,,
,,,,,,
,,,,,,
,,,,,,
,,,,,,
,,,,,,
,,,,,,
,,,,,,
,,,,,,
,,,,,,
,,,,,,
,,,,,,
,,,,,,
,,,,,,
,,,,,,
,,,,,,
,,,,,,
,,,,,,
,,,,,,
,,,,,,
,,,,,,
,,,,,,
,,,,,,
,,,,,,
,,,,,,
,,,,,,
,,,,,,
,,,,,,
,,,,,,
,,,,,,
,,,,,,
,,,,,,
,,,,,,
,,,,,,
,,,,,,
,,,,,,
,,,,,,
,,,,,,
,,,,,,
,,,,,,
,,,,,,
,,,,,,
,,,,,,
,,,,,,
,,,,,,
,,,,,,
,,,,,,
,,,,,,
,,,,,,
,,,,,,
,,,,,,
,,,,,,
,,,,,,
,,,,,,
,,,,,,
,,,,,,
,,,,,,
,,,,,,
,,,,,,
,,,,,,
,,,,,,
,,,,,,
,,,,,,
,,,,,,
,,,,,,
,,,,,,
,,,,,,
,,,,,,
,,,,,,
,,,,,,
,,,,,,
,,,,,,
,,,,,,
,,,,,,
,,,,,,
,,,,,,
,,,,,,
,,,,,,
,,,,,,
,,,,,,
,,,,,,
,,,,,,
,,,,,,
,,,,,,
,,,,,,
,,,,,,
,,,,,,
,,,,,,
,,,,,,
,,,,,,
,,,,,,
,,,,,,
,,,,,,
,,,,,,
,,,,,,
,,,,,,
,,,,,,
,,,,,,
,,,,,,
,,,,,,
,,,,,,
,,,,,,
,,,,,,
,,,,,,
,,,,,,
,,,,,,
,,,,,,
,,,,,,
,,,,,,
,,,,,,
,,,,,,
,,,,,,
,,,,,,
,,,,,,
,,,,,,
,,,,,,
,,,,,,
,,,,,,
,,,,,,
,,,,,,
,,,,,,
,,,,,,
,,,,,,
,,,,,,
,,,,,,
,,,,,,
,,,,,,
,,,,,,
,,,,,,
,,,,,,
,,,,,,
,,,,,,
,,,,,,
,,,,,,
,,,,,,
,,,,,,
,,,,,,
,,,,,,
,,,,,,
,,,,,,
,,,,,,
,,,,,,
,,,,,,
,,,,,,
,,,,,,
,,,,,,
,,,,,,
,,,,,,
,,,,,,
,,,,,,
,,,,,,
,,,,,,
,,,,,,
,,,,,,
,,,,,,
,,,,,,
,,,,,,
,,,,,,
,,,,,,
,,,,,,
,,,,,,
,,,,,,
,,,,,,
,,,,,,
,,,,,,
,,,,,,
,,,,,,
,,,,,,
,,,,,,
,,,,,,
,,,,,,
,,,,,,
,,,,,,
,,,,,,
,,,,,,
,,,,,,
,,,,,,
,,,,,,
,,,,,,
,,,,,,
,,,,,,
,,,,,,
,,,,,,
,,,,,,
,,,,,,
,,,,,,
,,,,,,
,,,,,,
,,,,,,
,,,,,,
,,,,,,
,,,,,,
,,,,,,
,,,,,,
,,,,,,
,,,,,,
,,,,,,
,,,,,,
,,,,,,
,,,,,,
,,,,,,
,,,,,,
,,,,,,
,,,,,,
,,,,,,
,,,,,,
,,,,,,
,,,,,,
,,,,,,
,,,,,,
,,,,,,
,,,,,,
,,,,,,
,,,,,,
,,,,,,
,,,,,,
,,,,,,
,,,,,,
,,,,,,
,,,,,,
,,,,,,
,,,,,,
,,,,,,
,,,,,,
,,,,,,
,,,,,,
,,,,,,
,,,,,,
,,,,,,
,,,,,,
,,,,,,
,,,,,,
,,,,,,
,,,,,,
,,,,,,
,,,,,,
,,,,,,
,,,,,,
,,,,,,
,,,,,,
,,,,,,
,,,,,,
,,,,,,
,,,,,,
,,,,,,
,,,,,,
,,,,,,
,,,,,,
,,,,,,
,,,,,,
,,,,,,
,,,,,,
,,,,,,
,,,,,,
,,,,,,
,,,,,,
,,,,,,
,,,,,,
,,,,,,
,,,,,,
,,,,,,
,,,,,,
,,,,,,
,,,,,,
,,,,,,
,,,,,,
,,,,,,
,,,,,,
,,,,,,
,,,,,,
,,,,,,
,,,,,,
,,,,,,
,,,,,,
,,,,,,
,,,,,,
,,,,,,
,,,,,,
,,,,,,
,,,,,,
,,,,,,
,,,,,,
,,,,,,
,,,,,,
,,,,,,
,,,,,,
,,,,,,
,,,,,,
,,,,,,
,,,,,,
,,,,,,
,,,,,,
,,,,,,
,,,,,,
,,,,,,
,,,,,,
,,,,,,
,,,,,,
,,,,,,
,,,,,,
,,,,,,
,,,,,,
,,,,,,
,,,,,,
,,,,,,
,,,,,,
,,,,,,
,,,,,,
,,,,,,
,,,,,,
,,,,,,
,,,,,,
,,,,,,
,,,,,,
,,,,,,
,,,,,,
,,,,,,
,,,,,,
,,,,,,
,,,,,,
,,,,,,
,,,,,,
,,,,,,
,,,,,,
,,,,,,
,,,,,,
,,,,,,
,,,,,,
,,,,,,
,,,,,,
,,,,,,
,,,,,,
,,,,,,
,,,,,,
,,,,,,
,,,,,,
,,,,,,
,,,,,,
,,,,,,
,,,,,,
,,,,,,
,,,,,,
,,,,,,
,,,,,,
,,,,,,
,,,,,,
,,,,,,
,,,,,,
,,,,,,
,,,,,,
,,,,,,
,,,,,,
,,,,,,
,,,,,,
,,,,,,
,,,,,,
,,,,,,
,,,,,,
,,,,,,
,,,,,,
,,,,,,
,,,,,,
,,,,,,
,,,,,,
,,,,,,
,,,,,,
,,,,,,
,,,,,,
,,,,,,
,,,,,,
,,,,,,
,,,,,,
,,,,,,
,,,,,,
,,,,,,
,,,,,,
,,,,,,
,,,,,,
,,,,,,
,,,,,,
,,,,,,
,,,,,,
,,,,,,
,,,,,,
,,,,,,
,,,,,,
,,,,,,
,,,,,,
,,,,,,
,,,,,,
,,,,,,
,,,,,,
,,,,,,
,,,,,,
,,,,,,
,,,,,,
,,,,,,
,,,,,,
,,,,,,
,,,,,,
,,,,,,
,,,,,,
,,,,,,
,,,,,,
,,,,,,
,,,,,,
,,,,,,
,,,,,,
,,,,,,
,,,,,,
,,,,,,
,,,,,,
,,,,,,
,,,,,,
,,,,,,
,,,,,,
,,,,,,
,,,,,,
,,,,,,
,,,,,,
,,,,,,
,,,,,,
,,,,,,
,,,,,,
,,,,,,
,,,,,,
,,,,,,
,,,,,,
,,,,,,
,,,,,,
,,,,,,
,,,,,,
,,,,,,
,,,,,,
,,,,,,
,,,,,,
,,,,,,
,,,,,,
,,,,,,
,,,,,,
,,,,,,
,,,,,,
,,,,,,
,,,,,,
,,,,,,
,,,,,,
,,,,,,
,,,,,,
,,,,,,
,,,,,,
,,,,,,
,,,,,,
,,,,,,
,,,,,,
,,,,,,
,,,,,,
,,,,,,
,,,,,,
,,,,,,
,,,,,,
,,,,,,
,,,,,,
,,,,,,
,,,,,,
,,,,,,
,,,,,,
,,,,,,
,,,,,,
,,,,,,
,,,,,,
,,,,,,
,,,,,,
,,,,,,
,,,,,,
,,,,,,
,,,,,,
,,,,,,
,,,,,,
,,,,,,
,,,,,,
,,,,,,
,,,,,,
,,,,,,
,,,,,,
,,,,,,
,,,,,,
,,,,,,
,,,,,,
,,,,,,
,,,,,,
,,,,,,
,,,,,,
,,,,,,
,,,,,,
,,,,,,
,,,,,,
,,,,,,
,,,,,,
,,,,,,
,,,,,,
,,,,,,
,,,,,,
,,,,,,
,,,,,,
,,,,,,
,,,,,,
,,,,,,
,,,,,,
,,,,,,
,,,,,,
,,,,,,
,,,,,,
,,,,,,
,,,,,,
,,,,,,
,,,,,,
,,,,,,
,,,,,,
,,,,,,
,,,,,,
,,,,,,
,,,,,,
,,,,,,
,,,,,,
,,,,,,
,,,,,,
,,,,,,
,,,,,,
,,,,,,
,,,,,,
,,,,,,
,,,,,,
,,,,,,
,,,,,,
,,,,,,
,,,,,,
,,,,,,
,,,,,,
,,,,,,
,,,,,,
,,,,,,
,,,,,,
,,,,,,
,,,,,,
,,,,,,
,,,,,,
,,,,,,
,,,,,,
,,,,,,
,,,,,,
,,,,,,
,,,,,,
,,,,,,
,,,,,,
,,,,,,
,,,,,,
,,,,,,
,,,,,,
,,,,,,
,,,,,,
,,,,,,
,,,,,,
,,,,,,
,,,,,,
,,,,,,
,,,,,,
,,,,,,
,,,,,,
,,,,,,
,,,,,,
,,,,,,
,,,,,,
,,,,,,
,,,,,,
,,,,,,
,,,,,,
,,,,,,
,,,,,,
,,,,,,
,,,,,,
,,,,,,
,,,,,,
,,,,,,
,,,,,,
,,,,,,
,,,,,,
,,,,,,
,,,,,,
,,,,,,
,,,,,,
,,,,,,
,,,,,,
,,,,,,
,,,,,,
,,,,,,
,,,,,,
,,,,,,
,,,,,,
,,,,,,
,,,,,,
,,,,,,
,,,,,,
,,,,,,
,,,,,,
,,,,,,
,,,,,,
,,,,,,
,,,,,,
,,,,,,
,,,,,,
,,,,,,
,,,,,,
,,,,,,
,,,,,,
,,,,,,
,,,,,,
,,,,,,
,,,,,,
,,,,,,
,,,,,,
,,,,,,
,,,,,,
,,,,,,
,,,,,,
,,,,,,
,,,,,,
,,,,,,
,,,,,,
,,,,,,
,,,,,,
,,,,,,
,,,,,,
,,,,,,
,,,,,,
,,,,,,
,,,,,,
,,,,,,
,,,,,,
,,,,,,
,,,,,,
,,,,,,
,,,,,,
,,,,,,
,,,,,,
,,,,,,
,,,,,,
,,,,,,
,,,,,,
,,,,,,
,,,,,,
,,,,,,
,,,,,,
,,,,,,
,,,,,,
,,,,,,
,,,,,,
,,,,,,
,,,,,,
,,,,,,
,,,,,,
,,,,,,
,,,,,,
,,,,,,
,,,,,,
,,,,,,
,,,,,,
,,,,,,
,,,,,,
,,,,,,
,,,,,,
,,,,,,
,,,,,,
,,,,,,
,,,,,,
,,,,,,
,,,,,,
,,,,,,
,,,,,,
,,,,,,
,,,,,,
,,,,,,
,,,,,,
,,,,,,
,,,,,,
,,,,,,
,,,,,,
,,,,,,
,,,,,,
,,,,,,
,,,,,,
,,,,,,
,,,,,,
,,,,,,
,,,,,,
,,,,,,
,,,,,,
,,,,,,
,,,,,,
,,,,,,
,,,,,,
,,,,,,
,,,,,,
,,,,,,
,,,,,,
,,,,,,
,,,,,,
,,,,,,
,,,,,,
,,,,,,
,,,,,,
,,,,,,
,,,,,,
,,,,,,
,,,,,,
,,,,,,
,,,,,,
,,,,,,
,,,,,,
,,,,,,
,,,,,,
,,,,,,
,,,,,,
,,,,,,
,,,,,,
,,,,,,
,,,,,,
,,,,,,
,,,,,,
,,,,,,
,,,,,,
,,,,,,
,,,,,,
,,,,,,
,,,,,,
,,,,,,
,,,,,,
,,,,,,
,,,,,,
,,,,,,
,,,,,,
,,,,,,
,,,,,,
,,,,,,
,,,,,,
,,,,,,
,,,,,,
,,,,,,
,,,,,,
,,,,,,
,,,,,,
,,,,,,
,,,,,,
,,,,,,
,,,,,,
,,,,,,
,,,,,,
,,,,,,
,,,,,,
,,,,,,
,,,,,,
,,,,,,
,,,,,,
,,,,,,
,,,,,,
,,,,,,
,,,,,,
,,,,,,
,,,,,,
,,,,,,
,,,,,,
,,,,,,
,,,,,,
,,,,,,
,,,,,,
,,,,,,
,,,,,,
,,,,,,
,,,,,,
,,,,,,
,,,,,,
,,,,,,
,,,,,,
,,,,,,
,,,,,,
,,,,,,
,,,,,,
,,,,,,
,,,,,,
,,,,,,
,,,,,,
,,,,,,
,,,,,,
,,,,,,
,,,,,,
,,,,,,
,,,,,,
,,,,,,
,,,,,,
,,,,,,
,,,,,,
,,,,,,
,,,,,,
,,,,,,
,,,,,,
,,,,,,
,,,,,,
,,,,,,
,,,,,,
,,,,,,
,,,,,,
,,,,,,
,,,,,,
,,,,,,
,,,,,,
,,,,,,
,,,,,,
,,,,,,
,,,,,,
,,,,,,
,,,,,,
,,,,,,
,,,,,,
,,,,,,
,,,,,,
,,,,,,
,,,,,,
,,,,,,
,,,,,,
,,,,,,
,,,,,,
,,,,,,
,,,,,,
,,,,,,
,,,,,,
,,,,,,
,,,,,,
,,,,,,
,,,,,,
,,,,,,
,,,,,,
,,,,,,
,,,,,,
,,,,,,
,,,,,,
,,,,,,
,,,,,,
,,,,,,
,,,,,,
,,,,,,
,,,,,,
,,,,,,
,,,,,,
,,,,,,
,,,,,,
,,,,,,
,,,,,,
,,,,,,
,,,,,,
,,,,,,
,,,,,,
,,,,,,
,,,,,,
,,,,,,
,,,,,,
,,,,,,
,,,,,,
,,,,,,
,,,,,,
,,,,,,
,,,,,,
,,,,,,
,,,,,,
,,,,,,
,,,,,,
,,,,,,
,,,,,,
,,,,,,
,,,,,,
,,,,,,
,,,,,,
,,,,,,
,,,,,,
,,,,,,
,,,,,,
,,,,,,
,,,,,,
,,,,,,
,,,,,,
,,,,,,
,,,,,,
,,,,,,
,,,,,,
,,,,,,
,,,,,,
,,,,,,
,,,,,,
,,,,,,
,,,,,,
,,,,,,
,,,,,,
,,,,,,
,,,,,,
,,,,,,
,,,,,,
,,,,,,
,,,,,,
,,,,,,
,,,,,,
,,,,,,
,,,,,,
,,,,,,
,,,,,,
,,,,,,
,,,,,,
,,,,,,
,,,,,,
,,,,,,
,,,,,,
,,,,,,
,,,,,,
,,,,,,
,,,,,,
,,,,,,
,,,,,,
,,,,,,
,,,,,,
,,,,,,
,,,,,,
,,,,,,
,,,,,,
,,,,,,
,,,,,,
,,,,,,
,,,,,,
,,,,,,
,,,,,,
,,,,,,
,,,,,,
,,,,,,
,,,,,,
,,,,,,
,,,,,,
,,,,,,
,,,,,,
,,,,,,
,,,,,,
,,,,,,
,,,,,,
,,,,,,
,,,,,,
,,,,,,
,,,,,,
,,,,,,
,,,,,,
,,,,,,
,,,,,,
,,,,,,
,,,,,,
,,,,,,
,,,,,,
,,,,,,
,,,,,,
,,,,,,
,,,,,,
,,,,,,
,,,,,,
,,,,,,
,,,,,,
,,,,,,
,,,,,,
,,,,,,
,,,,,,
,,,,,,
,,,,,,
,,,,,,
,,,,,,
,,,,,,
,,,,,,
,,,,,,
,,,,,,
,,,,,,
,,,,,,
,,,,,,
,,,,,,
,,,,,,
,,,,,,
,,,,,,
,,,,,,
,,,,,,
,,,,,,
,,,,,,
,,,,,,
,,,,,,
,,,,,,
,,,,,,
,,,,,,
,,,,,,
,,,,,,
,,,,,,
,,,,,,
,,,,,,
,,,,,,
,,,,,,
,,,,,,
,,,,,,
,,,,,,
,,,,,,
,,,,,,
,,,,,,
,,,,,,
,,,,,,
,,,,,,
,,,,,,
,,,,,,
,,,,,,
,,,,,,
,,,,,,
,,,,,,
,,,,,,
,,,,,,
,,,,,,
,,,,,,
,,,,,,
,,,,,,
,,,,,,
,,,,,,
,,,,,,
,,,,,,
,,,,,,
,,,,,,
,,,,,,
,,,,,,
,,,,,,
,,,,,,
,,,,,,
,,,,,,
,,,,,,
,,,,,,
,,,,,,
,,,,,,
,,,,,,
,,,,,,
,,,,,,
,,,,,,
,,,,,,
,,,,,,
,,,,,,
,,,,,,
,,,,,,
,,,,,,
,,,,,,
,,,,,,
,,,,,,
,,,,,,
,,,,,,
,,,,,,
,,,,,,
,,,,,,
,,,,,,
,,,,,,
,,,,,,
,,,,,,
,,,,,,
,,,,,,
,,,,,,
,,,,,,
,,,,,,
,,,,,,
,,,,,,
,,,,,,
,,,,,,
,,,,,,
,,,,,,
,,,,,,
,,,,,,
,,,,,,
,,,,,,
,,,,,,
,,,,,,
,,,,,,
,,,,,,
,,,,,,
,,,,,,
,,,,,,
,,,,,,
,,,,,,
,,,,,,
,,,,,,
,,,,,,
,,,,,,
,,,,,,
,,,,,,
,,,,,,
,,,,,,
,,,,,,
,,,,,,
,,,,,,
,,,,,,
,,,,,,
,,,,,,
,,,,,,
,,,,,,
,,,,,,
,,,,,,
,,,,,,
,,,,,,
,,,,,,
,,,,,,
,,,,,,
,,,,,,
,,,,,,
,,,,,,
,,,,,,
,,,,,,
,,,,,,
,,,,,,
,,,,,,
,,,,,,
,,,,,,
,,,,,,
,,,,,,
,,,,,,
,,,,,,
,,,,,,
,,,,,,
,,,,,,
,,,,,,
,,,,,,
,,,,,,
,,,,,,
,,,,,,
,,,,,,
,,,,,,
,,,,,,
,,,,,,
,,,,,,
,,,,,,
,,,,,,
,,,,,,
,,,,,,
,,,,,,
,,,,,,
,,,,,,
,,,,,,
,,,,,,
,,,,,,
,,,,,,
,,,,,,
,,,,,,
,,,,,,
,,,,,,
,,,,,,
,,,,,,
,,,,,,
,,,,,,
,,,,,,
,,,,,,
,,,,,,
,,,,,,
,,,,,,
,,,,,,
,,,,,,
,,,,,,
,,,,,,
,,,,,,
,,,,,,
,,,,,,
,,,,,,
,,,,,,
,,,,,,
,,,,,,
,,,,,,
,,,,,,
,,,,,,
,,,,,,
,,,,,,
,,,,,,
,,,,,,
,,,,,,
,,,,,,
,,,,,,
,,,,,,
,,,,,,
,,,,,,
,,,,,,
,,,,,,
,,,,,,
,,,,,,
,,,,,,
,,,,,,
,,,,,,
,,,,,,
,,,,,,
,,,,,,
,,,,,,
,,,,,,
,,,,,,
,,,,,,
,,,,,,
,,,,,,
,,,,,,
,,,,,,
,,,,,,
,,,,,,
,,,,,,
,,,,,,
,,,,,,
,,,,,,
,,,,,,
,,,,,,
,,,,,,
,,,,,,
,,,,,,
,,,,,,
,,,,,,
,,,,,,
,,,,,,
,,,,,,
,,,,,,
,,,,,,
,,,,,,
,,,,,,
,,,,,,
,,,,,,
,,,,,,
,,,,,,
,,,,,,
,,,,,,
,,,,,,
,,,,,,
,,,,,,
,,,,,,
,,,,,,
,,,,,,
,,,,,,
,,,,,,
,,,,,,
,,,,,,
,,,,,,
,,,,,,
,,,,,,
,,,,,,
,,,,,,
,,,,,,
,,,,,,
,,,,,,
,,,,,,
,,,,,,
,,,,,,
,,,,,,
,,,,,,
,,,,,,
,,,,,,
,,,,,,
,,,,,,
,,,,,,
,,,,,,
,,,,,,
,,,,,,
,,,,,,
,,,,,,
,,,,,,
,,,,,,
,,,,,,
,,,,,,
,,,,,,
,,,,,,
,,,,,,
,,,,,,
,,,,,,
,,,,,,
,,,,,,
,,,,,,
,,,,,,
,,,,,,
,,,,,,
,,,,,,
,,,,,,
,,,,,,
,,,,,,
,,,,,,
,,,,,,
,,,,,,
,,,,,,
,,,,,,
,,,,,,
,,,,,,
,,,,,,
,,,,,,
,,,,,,
,,,,,,
,,,,,,
,,,,,,
,,,,,,
,,,,,,
,,,,,,
,,,,,,
,,,,,,
,,,,,,
,,,,,,
,,,,,,
,,,,,,
,,,,,,
,,,,,,
,,,,,,
,,,,,,
,,,,,,
,,,,,,
,,,,,,
,,,,,,
,,,,,,
,,,,,,
,,,,,,
,,,,,,
,,,,,,
,,,,,,
,,,,,,
,,,,,,
,,,,,,
,,,,,,
,,,,,,
,,,,,,
,,,,,,
,,,,,,
,,,,,,
,,,,,,
,,,,,,
,,,,,,
,,,,,,
,,,,,,
,,,,,,
,,,,,,
,,,,,,
,,,,,,
,,,,,,
,,,,,,
,,,,,,
,,,,,,
,,,,,,
,,,,,,
,,,,,,
,,,,,,
,,,,,,
,,,,,,
,,,,,,
,,,,,,
,,,,,,
,,,,,,
,,,,,,
,,,,,,
,,,,,,
,,,,,,
,,,,,,
,,,,,,
,,,,,,
,,,,,,
,,,,,,
,,,,,,
,,,,,,
,,,,,,
,,,,,,
,,,,,,
,,,,,,
,,,,,,
,,,,,,
,,,,,,
,,,,,,
,,,,,,
,,,,,,
,,,,,,
,,,,,,
,,,,,,
,,,,,,
,,,,,,
,,,,,,
,,,,,,
,,,,,,
,,,,,,
,,,,,,
,,,,,,
,,,,,,
,,,,,,
,,,,,,
,,,,,,
,,,,,,
,,,,,,
,,,,,,
,,,,,,
,,,,,,
,,,,,,
,,,,,,
,,,,,,
,,,,,,
,,,,,,
,,,,,,
,,,,,,
,,,,,,
,,,,,,
,,,,,,
,,,,,,
,,,,,,
,,,,,,
,,,,,,
,,,,,,
,,,,,,
,,,,,,
,,,,,,
,,,,,,
,,,,,,
,,,,,,
,,,,,,
,,,,,,
,,,,,,
,,,,,,
,,,,,,
,,,,,,
,,,,,,
,,,,,,
,,,,,,
,,,,,,
,,,,,,
,,,,,,
,,,,,,
,,,,,,
,,,,,,
,,,,,,
,,,,,,
,,,,,,
,,,,,,
,,,,,,
,,,,,,
,,,,,,
,,,,,,
,,,,,,
,,,,,,
,,,,,,
,,,,,,
,,,,,,
,,,,,,
,,,,,,
,,,,,,
,,,,,,
,,,,,,
,,,,,,
,,,,,,
,,,,,,
,,,,,,
,,,,,,
,,,,,,
,,,,,,
,,,,,,
,,,,,,
,,,,,,
,,,,,,
,,,,,,
,,,,,,
,,,,,,
,,,,,,
,,,,,,
,,,,,,
,,,,,,
,,,,,,
,,,,,,
,,,,,,
,,,,,,
,,,,,,
,,,,,,
,,,,,,
,,,,,,
,,,,,,
,,,,,,
,,,,,,
,,,,,,
,,,,,,
,,,,,,
,,,,,,
,,,,,,
,,,,,,
,,,,,,
,,,,,,
,,,,,,
,,,,,,
,,,,,,
,,,,,,
,,,,,,
,,,,,,
,,,,,,
,,,,,,
,,,,,,
,,,,,,
,,,,,,
,,,,,,
,,,,,,
,,,,,,
,,,,,,
,,,,,,
,,,,,,
,,,,,,
,,,,,,
,,,,,,
,,,,,,
,,,,,,
,,,,,,
,,,,,,
,,,,,,
,,,,,,
,,,,,,
,,,,,,
,,,,,,
,,,,,,
,,,,,,
,,,,,,
,,,,,,
,,,,,,
,,,,,,
,,,,,,
,,,,,,
,,,,,,
,,,,,,
,,,,,,
,,,,,,
,,,,,,
,,,,,,
,,,,,,
,,,,,,
,,,,,,
,,,,,,
,,,,,,
,,,,,,
,,,,,,
,,,,,,
,,,,,,
,,,,,,
,,,,,,
,,,,,,
,,,,,,
,,,,,,
,,,,,,
,,,,,,
,,,,,,
,,,,,,
,,,,,,
,,,,,,
,,,,,,
,,,,,,
,,,,,,
,,,,,,
,,,,,,
,,,,,,
,,,,,,
,,,,,,
,,,,,,
,,,,,,
,,,,,,
,,,,,,
,,,,,,
,,,,,,
,,,,,,
,,,,,,
,,,,,,
,,,,,,
,,,,,,
,,,,,,
,,,,,,
,,,,,,
,,,,,,
,,,,,,
,,,,,,
,,,,,,
,,,,,,
,,,,,,
,,,,,,
,,,,,,
,,,,,,
,,,,,,
,,,,,,
,,,,,,
,,,,,,
,,,,,,
,,,,,,
,,,,,,
,,,,,,
,,,,,,
,,,,,,
,,,,,,
,,,,,,
,,,,,,
,,,,,,
,,,,,,
,,,,,,
,,,,,,
,,,,,,
,,,,,,
,,,,,,
,,,,,,
,,,,,,
,,,,,,
,,,,,,
,,,,,,
,,,,,,
,,,,,,
,,,,,,
,,,,,,
,,,,,,
,,,,,,
,,,,,,
,,,,,,
,,,,,,
,,,,,,
,,,,,,
,,,,,,
,,,,,,
,,,,,,
,,,,,,
,,,,,,
,,,,,,
,,,,,,
,,,,,,
,,,,,,
,,,,,,
,,,,,,
,,,,,,
,,,,,,
,,,,,,
,,,,,,
,,,,,,
,,,,,,
,,,,,,
,,,,,,
,,,,,,
,,,,,,
,,,,,,
,,,,,,
,,,,,,
,,,,,,
,,,,,,
,,,,,,
,,,,,,
,,,,,,
,,,,,,
,,,,,,
,,,,,,
,,,,,,
,,,,,,
,,,,,,
,,,,,,
,,,,,,
,,,,,,
,,,,,,
,,,,,,
,,,,,,
,,,,,,
,,,,,,
,,,,,,
,,,,,,
,,,,,,
,,,,,,
,,,,,,
,,,,,,
,,,,,,
,,,,,,
,,,,,,
,,,,,,
,,,,,,
,,,,,,
,,,,,,
,,,,,,
,,,,,,
,,,,,,
,,,,,,
,,,,,,
,,,,,,
,,,,,,
,,,,,,
,,,,,,
,,,,,,
,,,,,,
,,,,,,
,,,,,,
,,,,,,
,,,,,,
,,,,,,
,,,,,,
,,,,,,
,,,,,,
,,,,,,
,,,,,,
,,,,,,
,,,,,,
,,,,,,
,,,,,,
,,,,,,
,,,,,,
,,,,,,
,,,,,,
,,,,,,
,,,,,,
,,,,,,
,,,,,,
,,,,,,
,,,,,,
,,,,,,
,,,,,,
,,,,,,
,,,,,,
,,,,,,
,,,,,,
,,,,,,
,,,,,,
,,,,,,
,,,,,,
,,,,,,
,,,,,,
,,,,,,
,,,,,,
,,,,,,
,,,,,,
,,,,,,
,,,,,,
,,,,,,
,,,,,,
,,,,,,
,,,,,,
,,,,,,
,,,,,,
,,,,,,
,,,,,,
,,,,,,
,,,,,,
,,,,,,
,,,,,,
,,,,,,
,,,,,,
,,,,,,
,,,,,,
,,,,,,
,,,,,,
,,,,,,
,,,,,,
,,,,,,
,,,,,,
,,,,,,
,,,,,,
,,,,,,
,,,,,,
,,,,,,
,,,,,,
,,,,,,
,,,,,,
,,,,,,
,,,,,,
,,,,,,
,,,,,,
,,,,,,
,,,,,,
,,,,,,
,,,,,,
,,,,,,
,,,,,,
,,,,,,
,,,,,,
,,,,,,
,,,,,,
,,,,,,
,,,,,,
,,,,,,
,,,,,,
,,,,,,
,,,,,,
,,,,,,
,,,,,,
,,,,,,
,,,,,,
,,,,,,
,,,,,,
,,,,,,
,,,,,,
,,,,,,
,,,,,,
,,,,,,
,,,,,,
,,,,,,
,,,,,,
,,,,,,
,,,,,,
,,,,,,
,,,,,,
,,,,,,
,,,,,,
,,,,,,
,,,,,,
,,,,,,
,,,,,,
,,,,,,
,,,,,,
,,,,,,
,,,,,,
,,,,,,
,,,,,,
,,,,,,
,,,,,,
,,,,,,
,,,,,,
,,,,,,
,,,,,,
,,,,,,
,,,,,,
,,,,,,
,,,,,,
,,,,,,
,,,,,,
,,,,,,
,,,,,,
,,,,,,
,,,,,,
,,,,,,
,,,,,,
,,,,,,
,,,,,,
,,,,,,
,,,,,,
,,,,,,
,,,,,,
,,,,,,
,,,,,,
,,,,,,
,,,,,,
,,,,,,
,,,,,,
,,,,,,
,,,,,,
,,,,,,
,,,,,,
,,,,,,
,,,,,,
,,,,,,
,,,,,,
,,,,,,
,,,,,,
,,,,,,
,,,,,,
,,,,,,
,,,,,,
,,,,,,
,,,,,,
,,,,,,
,,,,,,
,,,,,,
,,,,,,
,,,,,,
,,,,,,
,,,,,,
,,,,,,
,,,,,,
,,,,,,
,,,,,,
,,,,,,
,,,,,,
,,,,,,
,,,,,,
,,,,,,
,,,,,,
,,,,,,
,,,,,,
,,,,,,
,,,,,,
,,,,,,
,,,,,,
,,,,,,
,,,,,,
,,,,,,
,,,,,,
,,,,,,
,,,,,,
,,,,,,
,,,,,,
,,,,,,
,,,,,,
,,,,,,
,,,,,,
,,,,,,
,,,,,,
,,,,,,
,,,,,,
,,,,,,
,,,,,,
,,,,,,
,,,,,,
,,,,,,
,,,,,,
,,,,,,
,,,,,,
,,,,,,
,,,,,,
,,,,,,
,,,,,,
,,,,,,
,,,,,,
,,,,,,
,,,,,,
,,,,,,
,,,,,,
,,,,,,
,,,,,,
,,,,,,
,,,,,,
,,,,,,
,,,,,,
,,,,,,
,,,,,,
,,,,,,
,,,,,,
,,,,,,
,,,,,,
,,,,,,
,,,,,,
,,,,,,
,,,,,,
,,,,,,
,,,,,,
,,,,,,
,,,,,,
,,,,,,
,,,,,,
,,,,,,
,,,,,,
,,,,,,
,,,,,,
,,,,,,
,,,,,,
,,,,,,
,,,,,,
,,,,,,
,,,,,,
,,,,,,
,,,,,,
,,,,,,
,,,,,,
,,,,,,
,,,,,,
,,,,,,
,,,,,,
,,,,,,
,,,,,,
,,,,,,
,,,,,,
,,,,,,
,,,,,,
,,,,,,
,,,,,,
,,,,,,
,,,,,,
,,,,,,
,,,,,,
,,,,,,
,,,,,,
,,,,,,
,,,,,,
,,,,,,
,,,,,,
,,,,,,
,,,,,,
,,,,,,
,,,,,,
,,,,,,
,,,,,,
,,,,,,
,,,,,,
,,,,,,
,,,,,,
,,,,,,
,,,,,,
,,,,,,
,,,,,,
,,,,,,
,,,,,,
,,,,,,
,,,,,,
,,,,,,
,,,,,,
,,,,,,
,,,,,,
,,,,,,
,,,,,,
,,,,,,
,,,,,,
,,,,,,
,,,,,,
,,,,,,
,,,,,,
,,,,,,
,,,,,,
,,,,,,
,,,,,,
,,,,,,
,,,,,,
,,,,,,
,,,,,,
,,,,,,
,,,,,,
,,,,,,
,,,,,,
,,,,,,
,,,,,,
,,,,,,
,,,,,,
,,,,,,
,,,,,,
,,,,,,
,,,,,,
,,,,,,
,,,,,,
,,,,,,
,,,,,,
,,,,,,
,,,,,,
,,,,,,
,,,,,,
,,,,,,
,,,,,,
,,,,,,
,,,,,,
,,,,,,
,,,,,,
,,,,,,
,,,,,,
,,,,,,
,,,,,,
,,,,,,
,,,,,,
,,,,,,
,,,,,,
,,,,,,
,,,,,,
,,,,,,
,,,,,,
,,,,,,
,,,,,,
,,,,,,
,,,,,,
,,,,,,
,,,,,,
,,,,,,
,,,,,,
,,,,,,
,,,,,,
,,,,,,
,,,,,,
,,,,,,
,,,,,,
,,,,,,
,,,,,,
,,,,,,
,,,,,,
,,,,,,
,,,,,,
,,,,,,
,,,,,,
,,,,,,
,,,,,,
,,,,,,
,,,,,,
,,,,,,
,,,,,,
,,,,,,
,,,,,,
,,,,,,
,,,,,,
,,,,,,
,,,,,,
,,,,,,
,,,,,,
,,,,,,
,,,,,,
,,,,,,
,,,,,,
,,,,,,
,,,,,,
,,,,,,
,,,,,,
,,,,,,
,,,,,,
,,,,,,
,,,,,,
,,,,,,
,,,,,,
,,,,,,
,,,,,,
,,,,,,
,,,,,,
,,,,,,
,,,,,,
,,,,,,
,,,,,,
,,,,,,
,,,,,,
,,,,,,
,,,,,,
,,,,,,
,,,,,,
,,,,,,
,,,,,,
,,,,,,
,,,,,,
,,,,,,
,,,,,,
,,,,,,
,,,,,,
,,,,,,
,,,,,,
,,,,,,
,,,,,,
,,,,,,
,,,,,,
,,,,,,
,,,,,,
,,,,,,
,,,,,,
,,,,,,
,,,,,,
,,,,,,
,,,,,,
,,,,,,
,,,,,,
,,,,,,
,,,,,,
,,,,,,
,,,,,,
,,,,,,
,,,,,,
,,,,,,
,,,,,,
,,,,,,
,,,,,,
,,,,,,
,,,,,,
,,,,,,
,,,,,,
,,,,,,
,,,,,,
,,,,,,
,,,,,,
,,,,,,
,,,,,,
,,,,,,
,,,,,,
,,,,,,
,,,,,,
,,,,,,
,,,,,,
,,,,,,
,,,,,,
,,,,,,
,,,,,,
,,,,,,
,,,,,,
,,,,,,
,,,,,,
,,,,,,
,,,,,,
,,,,,,
,,,,,,
,,,,,,
,,,,,,
,,,,,,
,,,,,,
,,,,,,
,,,,,,
,,,,,,
,,,,,,
,,,,,,
,,,,,,
,,,,,,
,,,,,,
,,,,,,
,,,,,,
,,,,,,
,,,,,,
,,,,,,
,,,,,,
,,,,,,
,,,,,,
,,,,,,
,,,,,,
,,,,,,
,,,,,,
,,,,,,
,,,,,,
,,,,,,
,,,,,,
,,,,,,
,,,,,,
,,,,,,
,,,,,,
,,,,,,
,,,,,,
,,,,,,
,,,,,,
,,,,,,
,,,,,,
,,,,,,
,,,,,,
,,,,,,
,,,,,,
,,,,,,
,,,,,,
,,,,,,
,,,,,,
,,,,,,
,,,,,,
,,,,,,
,,,,,,
,,,,,,
,,,,,,
,,,,,,
,,,,,,
,,,,,,
,,,,,,
,,,,,,
,,,,,,
,,,,,,
,,,,,,
,,,,,,
,,,,,,
,,,,,,
,,,,,,
,,,,,,
,,,,,,
,,,,,,
,,,,,,
,,,,,,
,,,,,,
,,,,,,
,,,,,,
,,,,,,
,,,,,,
,,,,,,
,,,,,,
,,,,,,
,,,,,,
,,,,,,
,,,,,,
,,,,,,
,,,,,,
,,,,,,
,,,,,,
,,,,,,
,,,,,,
,,,,,,
,,,,,,
,,,,,,
,,,,,,
,,,,,,
,,,,,,
,,,,,,
,,,,,,
,,,,,,
,,,,,,
,,,,,,
,,,,,,
,,,,,,
,,,,,,
,,,,,,
,,,,,,
,,,,,,
,,,,,,
,,,,,,
,,,,,,
,,,,,,
,,,,,,
,,,,,,
,,,,,,
,,,,,,
,,,,,,
,,,,,,
,,,,,,
,,,,,,
,,,,,,
,,,,,,
,,,,,,
,,,,,,
,,,,,,
,,,,,,
,,,,,,
,,,,,,
,,,,,,
,,,,,,
,,,,,,
,,,,,,
,,,,,,
,,,,,,
,,,,,,
,,,,,,
,,,,,,
,,,,,,
,,,,,,
,,,,,,
,,,,,,
,,,,,,
,,,,,,
,,,,,,
,,,,,,
,,,,,,
,,,,,,
,,,,,,
,,,,,,
,,,,,,
,,,,,,
,,,,,,
,,,,,,
,,,,,,
,,,,,,
,,,,,,
,,,,,,
,,,,,,
,,,,,,
,,,,,,
,,,,,,
,,,,,,
,,,,,,
,,,,,,
,,,,,,
,,,,,,
,,,,,,
,,,,,,
,,,,,,
,,,,,,
,,,,,,
,,,,,,
,,,,,,
,,,,,,
,,,,,,
,,,,,,
,,,,,,
,,,,,,
,,,,,,
,,,,,,
,,,,,,
,,,,,,
,,,,,,
,,,,,,
,,,,,,
,,,,,,
,,,,,,
,,,,,,
,,,,,,
,,,,,,
,,,,,,
,,,,,,
,,,,,,
,,,,,,
,,,,,,
,,,,,,
,,,,,,
,,,,,,
,,,,,,
,,,,,,
,,,,,,
,,,,,,
,,,,,,
,,,,,,
,,,,,,
,,,,,,
,,,,,,
,,,,,,
,,,,,,
,,,,,,
,,,,,,
,,,,,,
,,,,,,
,,,,,,
,,,,,,
,,,,,,
,,,,,,
,,,,,,
,,,,,,
,,,,,,
,,,,,,
,,,,,,
,,,,,,
,,,,,,
,,,,,,
,,,,,,
,,,,,,
,,,,,,
,,,,,,
,,,,,,
,,,,,,
,,,,,,
,,,,,,
,,,,,,
,,,,,,
,,,,,,
,,,,,,
,,,,,,
,,,,,,
,,,,,,
,,,,,,
,,,,,,
,,,,,,
,,,,,,
,,,,,,
,,,,,,
,,,,,,
,,,,,,
,,,,,,
,,,,,,
,,,,,,
,,,,,,
,,,,,,
,,,,,,
,,,,,,
,,,,,,
,,,,,,
,,,,,,
,,,,,,
,,,,,,
,,,,,,
,,,,,,
,,,,,,
,,,,,,
,,,,,,
,,,,,,
,,,,,,
,,,,,,
,,,,,,
,,,,,,
,,,,,,
,,,,,,
,,,,,,
,,,,,,
,,,,,,
,,,,,,
,,,,,,
,,,,,,
,,,,,,
,,,,,,
,,,,,,
,,,,,,
,,,,,,
,,,,,,
,,,,,,
,,,,,,
,,,,,,
,,,,,,
,,,,,,
,,,,,,
,,,,,,
,,,,,,
,,,,,,
,,,,,,
,,,,,,
,,,,,,
,,,,,,
,,,,,,
,,,,,,
,,,,,,
,,,,,,
,,,,,,
,,,,,,
,,,,,,
,,,,,,
,,,,,,
,,,,,,
,,,,,,
,,,,,,
,,,,,,
,,,,,,
,,,,,,
,,,,,,
,,,,,,
,,,,,,
,,,,,,
,,,,,,
,,,,,,
,,,,,,
,,,,,,
,,,,,,
,,,,,,
,,,,,,
,,,,,,
,,,,,,
,,,,,,
,,,,,,
,,,,,,
,,,,,,
,,,,,,
,,,,,,
,,,,,,
,,,,,,
,,,,,,
,,,,,,
,,,,,,
,,,,,,
,,,,,,
,,,,,,
,,,,,,
,,,,,,
,,,,,,
,,,,,,
,,,,,,
,,,,,,
,,,,,,
,,,,,,
,,,,,,
,,,,,,
,,,,,,
,,,,,,
,,,,,,
,,,,,,
,,,,,,
,,,,,,
,,,,,,
,,,,,,
,,,,,,
,,,,,,
,,,,,,
,,,,,,
,,,,,,
,,,,,,
,,,,,,
,,,,,,
,,,,,,
,,,,,,
,,,,,,
,,,,,,
,,,,,,
,,,,,,
,,,,,,
,,,,,,
,,,,,,
,,,,,,
,,,,,,
,,,,,,
,,,,,,
,,,,,,
,,,,,,
,,,,,,
,,,,,,
,,,,,,
,,,,,,
,,,,,,
,,,,,,
,,,,,,
,,,,,,
,,,,,,
,,,,,,
,,,,,,
,,,,,,
,,,,,,
,,,,,,
,,,,,,
,,,,,,
,,,,,,
,,,,,,
,,,,,,
,,,,,,
,,,,,,
,,,,,,
,,,,,,
,,,,,,
,,,,,,
,,,,,,
,,,,,,
,,,,,,
,,,,,,
,,,,,,
,,,,,,
,,,,,,
,,,,,,
,,,,,,
,,,,,,
,,,,,,
,,,,,,
,,,,,,
,,,,,,
,,,,,,
,,,,,,
,,,,,,
,,,,,,
,,,,,,
,,,,,,
,,,,,,
,,,,,,
,,,,,,
,,,,,,
,,,,,,
,,,,,,
,,,,,,
,,,,,,
,,,,,,
,,,,,,
,,,,,,
,,,,,,
,,,,,,
,,,,,,
,,,,,,
,,,,,,
,,,,,,
,,,,,,
,,,,,,
,,,,,,
,,,,,,
,,,,,,
,,,,,,
,,,,,,
,,,,,,
,,,,,,
,,,,,,
,,,,,,
,,,,,,
,,,,,,
,,,,,,
,,,,,,
,,,,,,
,,,,,,
,,,,,,
,,,,,,
,,,,,,
,,,,,,
,,,,,,
,,,,,,
,,,,,,
,,,,,,
,,,,,,
,,,,,,
,,,,,,
,,,,,,
,,,,,,
,,,,,,
,,,,,,
,,,,,,
,,,,,,
,,,,,,
,,,,,,
,,,,,,
,,,,,,
,,,,,,
,,,,,,
,,,,,,
,,,,,,
,,,,,,
,,,,,,
,,,,,,
,,,,,,
,,,,,,
,,,,,,
,,,,,,
,,,,,,
,,,,,,
,,,,,,
,,,,,,
,,,,,,
,,,,,,
,,,,,,
,,,,,,
,,,,,,
,,,,,,
,,,,,,
,,,,,,
,,,,,,
,,,,,,
,,,,,,
,,,,,,
,,,,,,
,,,,,,
,,,,,,
,,,,,,
,,,,,,
,,,,,,
,,,,,,
,,,,,,
,,,,,,
,,,,,,
,,,,,,
,,,,,,
,,,,,,
,,,,,,
,,,,,,
,,,,,,
,,,,,,
,,,,,,
,,,,,,
,,,,,,
,,,,,,
,,,,,,
,,,,,,
,,,,,,
,,,,,,
,,,,,,
,,,,,,
,,,,,,
,,,,,,
,,,,,,
,,,,,,
,,,,,,
,,,,,,
,,,,,,
,,,,,,
,,,,,,
,,,,,,
,,,,,,
,,,,,,
,,,,,,
,,,,,,
,,,,,,
,,,,,,
,,,,,,
,,,,,,
,,,,,,
,,,,,,
,,,,,,
,,,,,,
,,,,,,
,,,,,,
,,,,,,
,,,,,,
,,,,,,
,,,,,,
,,,,,,
,,,,,,
,,,,,,
,,,,,,
,,,,,,
,,,,,,
,,,,,,
,,,,,,
,,,,,,
,,,,,,
,,,,,,
,,,,,,
,,,,,,
,,,,,,
,,,,,,
,,,,,,
,,,,,,
,,,,,,
,,,,,,
,,,,,,
,,,,,,
,,,,,,
,,,,,,
,,,,,,
,,,,,,
,,,,,,
,,,,,,
,,,,,,
,,,,,,
,,,,,,
,,,,,,
,,,,,,
,,,,,,
,,,,,,
,,,,,,
,,,,,,
,,,,,,
,,,,,,
,,,,,,
,,,,,,
,,,,,,
,,,,,,
,,,,,,
,,,,,,
,,,,,,
,,,,,,
,,,,,,
,,,,,,
,,,,,,
,,,,,,
,,,,,,
,,,,,,
,,,,,,
,,,,,,
,,,,,,
,,,,,,
,,,,,,
,,,,,,
,,,,,,
,,,,,,
,,,,,,
,,,,,,
,,,,,,
,,,,,,
,,,,,,
,,,,,,
,,,,,,
,,,,,,
,,,,,,
,,,,,,
,,,,,,
,,,,,,
,,,,,,
,,,,,,
,,,,,,
,,,,,,
,,,,,,
,,,,,,
,,,,,,
,,,,,,
,,,,,,
,,,,,,
,,,,,,
,,,,,,
,,,,,,
,,,,,,
,,,,,,
,,,,,,
,,,,,,
,,,,,,
,,,,,,
,,,,,,
,,,,,,
,,,,,,
,,,,,,
,,,,,,
,,,,,,
,,,,,,
,,,,,,
,,,,,,
,,,,,,
,,,,,,
,,,,,,
,,,,,,
,,,,,,
,,,,,,
,,,,,,
,,,,,,
,,,,,,
,,,,,,
,,,,,,
,,,,,,
,,,,,,
,,,,,,
,,,,,,
,,,,,,
,,,,,,
,,,,,,
,,,,,,
,,,,,,
,,,,,,
,,,,,,
,,,,,,
,,,,,,
,,,,,,
,,,,,,
,,,,,,
,,,,,,
,,,,,,
,,,,,,
,,,,,,
,,,,,,
,,,,,,
,,,,,,
,,,,,,
,,,,,,
,,,,,,
,,,,,,
,,,,,,
,,,,,,
,,,,,,
,,,,,,
,,,,,,
,,,,,,
,,,,,,
,,,,,,
,,,,,,
,,,,,,
,,,,,,
,,,,,,
,,,,,,
,,,,,,
,,,,,,
,,,,,,
,,,,,,
,,,,,,
,,,,,,
,,,,,,
,,,,,,
,,,,,,
,,,,,,
,,,,,,
,,,,,,
,,,,,,
,,,,,,
,,,,,,
,,,,,,
,,,,,,
,,,,,,
,,,,,,
,,,,,,
,,,,,,
,,,,,,
,,,,,,
,,,,,,
,,,,,,
,,,,,,
,,,,,,
,,,,,,
,,,,,,
,,,,,,
,,,,,,
,,,,,,
,,,,,,
,,,,,,
,,,,,,
,,,,,,
,,,,,,
,,,,,,
,,,,,,
,,,,,,
,,,,,,
,,,,,,
,,,,,,
,,,,,,
,,,,,,
,,,,,,
,,,,,,
,,,,,,
,,,,,,
,,,,,,
,,,,,,
,,,,,,
,,,,,,
,,,,,,
,,,,,,
,,,,,,
,,,,,,
,,,,,,
,,,,,,
,,,,,,
,,,,,,
,,,,,,
,,,,,,
,,,,,,
,,,,,,
,,,,,,
,,,,,,
,,,,,,
,,,,,,
,,,,,,
,,,,,,
,,,,,,
,,,,,,
,,,,,,
,,,,,,
,,,,,,
,,,,,,
,,,,,,
,,,,,,
,,,,,,
,,,,,,
,,,,,,
,,,,,,
,,,,,,
,,,,,,
,,,,,,
,,,,,,
,,,,,,
,,,,,,
,,,,,,
,,,,,,
,,,,,,
,,,,,,
,,,,,,
,,,,,,
,,,,,,
,,,,,,
,,,,,,
,,,,,,
,,,,,,
,,,,,,
,,,,,,
,,,,,,
,,,,,,
,,,,,,
,,,,,,
,,,,,,
,,,,,,
,,,,,,
,,,,,,
,,,,,,
,,,,,,
,,,,,,
,,,,,,
,,,,,,
,,,,,,
,,,,,,
,,,,,,
,,,,,,
,,,,,,
,,,,,,
,,,,,,
,,,,,,
,,,,,,
,,,,,,
,,,,,,
,,,,,,
,,,,,,
,,,,,,
,,,,,,
,,,,,,
,,,,,,
,,,,,,
,,,,,,
,,,,,,
,,,,,,
,,,,,,
,,,,,,
,,,,,,
,,,,,,
,,,,,,
,,,,,,
,,,,,,
,,,,,,
,,,,,,
,,,,,,
,,,,,,
,,,,,,
,,,,,,
,,,,,,
,,,,,,
,,,,,,
,,,,,,
,,,,,,
,,,,,,
,,,,,,
,,,,,,
,,,,,,
,,,,,,
,,,,,,
,,,,,,
,,,,,,
,,,,,,
,,,,,,
,,,,,,
,,,,,,
,,,,,,
,,,,,,
,,,,,,
,,,,,,
,,,,,,
,,,,,,
,,,,,,
,,,,,,
,,,,,,
,,,,,,
,,,,,,
,,,,,,
,,,,,,
,,,,,,
,,,,,,
,,,,,,
,,,,,,
,,,,,,
,,,,,,
,,,,,,
,,,,,,
,,,,,,
,,,,,,
,,,,,,
,,,,,,
,,,,,,
,,,,,,
,,,,,,
,,,,,,
,,,,,,
,,,,,,
,,,,,,
,,,,,,
,,,,,,
,,,,,,
,,,,,,
,,,,,,
,,,,,,
,,,,,,
,,,,,,
,,,,,,
,,,,,,
,,,,,,
,,,,,,
,,,,,,
,,,,,,
,,,,,,
,,,,,,
,,,,,,
,,,,,,
,,,,,,
,,,,,,
,,,,,,
,,,,,,
,,,,,,
,,,,,,
,,,,,,
,,,,,,
,,,,,,
,,,,,,
,,,,,,
,,,,,,
,,,,,,
,,,,,,
,,,,,,
,,,,,,
,,,,,,
,,,,,,
,,,,,,
,,,,,,
,,,,,,
,,,,,,
,,,,,,
,,,,,,
,,,,,,
,,,,,,
,,,,,,
,,,,,,
,,,,,,
,,,,,,
,,,,,,
,,,,,,
,,,,,,
,,,,,,
,,,,,,
,,,,,,
,,,,,,
,,,,,,
,,,,,,
,,,,,,
,,,,,,
,,,,,,
,,,,,,
,,,,,,
,,,,,,
,,,,,,
,,,,,,
,,,,,,
,,,,,,
,,,,,,
,,,,,,
,,,,,,
,,,,,,
,,,,,,
,,,,,,
,,,,,,
,,,,,,
,,,,,,
,,,,,,
,,,,,,
,,,,,,
,,,,,,
,,,,,,
,,,,,,
,,,,,,
,,,,,,
,,,,,,
,,,,,,
,,,,,,
,,,,,,
,,,,,,
,,,,,,
,,,,,,
,,,,,,
,,,,,,
,,,,,,
,,,,,,
,,,,,,
,,,,,,
,,,,,,
,,,,,,
,,,,,,
,,,,,,
,,,,,,
,,,,,,
,,,,,,
,,,,,,
,,,,,,
,,,,,,
,,,,,,
,,,,,,
,,,,,,
,,,,,,
,,,,,,
,,,,,,
,,,,,,
,,,,,,
,,,,,,
,,,,,,
,,,,,,
,,,,,,
,,,,,,
,,,,,,
,,,,,,
,,,,,,
,,,,,,
,,,,,,
,,,,,,
,,,,,,
,,,,,,
,,,,,,
,,,,,,
,,,,,,
,,,,,,
,,,,,,
,,,,,,
,,,,,,
,,,,,,
,,,,,,
,,,,,,
,,,,,,
,,,,,,
,,,,,,
,,,,,,
,,,,,,
,,,,,,
,,,,,,
,,,,,,
,,,,,,
,,,,,,
,,,,,,
,,,,,,
,,,,,,
,,,,,,
,,,,,,
,,,,,,
,,,,,,
,,,,,,
,,,,,,
,,,,,,
,,,,,,
,,,,,,
,,,,,,
,,,,,,
,,,,,,
,,,,,,
,,,,,,
,,,,,,
,,,,,,
,,,,,,
,,,,,,
,,,,,,
,,,,,,
,,,,,,
,,,,,,
,,,,,,
,,,,,,
,,,,,,
,,,,,,
,,,,,,
,,,,,,
,,,,,,
,,,,,,
,,,,,,
,,,,,,
,,,,,,
,,,,,,
,,,,,,
,,,,,,
,,,,,,
,,,,,,
,,,,,,
,,,,,,
,,,,,,
,,,,,,
,,,,,,
,,,,,,
,,,,,,
,,,,,,
,,,,,,
,,,,,,
,,,,,,
,,,,,,
,,,,,,
,,,,,,
,,,,,,
,,,,,,
,,,,,,
,,,,,,
,,,,,,
,,,,,,
,,,,,,
,,,,,,
,,,,,,
,,,,,,
,,,,,,
,,,,,,
,,,,,,
,,,,,,
,,,,,,
,,,,,,
,,,,,,
,,,,,,
,,,,,,
,,,,,,
,,,,,,
,,,,,,
,,,,,,
,,,,,,
,,,,,,
,,,,,,
,,,,,,
,,,,,,
,,,,,,
,,,,,,
,,,,,,
,,,,,,
,,,,,,
,,,,,,
,,,,,,
,,,,,,
,,,,,,
,,,,,,
,,,,,,
,,,,,,
,,,,,,
,,,,,,
,,,,,,
,,,,,,
,,,,,,
,,,,,,
,,,,,,
,,,,,,
,,,,,,
,,,,,,
,,,,,,
,,,,,,
,,,,,,
,,,,,,
,,,,,,
,,,,,,
,,,,,,
,,,,,,
,,,,,,
,,,,,,
,,,,,,
,,,,,,
,,,,,,
,,,,,,
,,,,,,
,,,,,,
,,,,,,
,,,,,,
,,,,,,
,,,,,,
,,,,,,
,,,,,,
,,,,,,
,,,,,,
,,,,,,
,,,,,,
,,,,,,
,,,,,,
,,,,,,
,,,,,,
,,,,,,
,,,,,,
,,,,,,
,,,,,,
,,,,,,
,,,,,,
,,,,,,
,,,,,,
,,,,,,
,,,,,,
,,,,,,
,,,,,,
,,,,,,
,,,,,,
,,,,,,
,,,,,,
,,,,,,
,,,,,,
,,,,,,
,,,,,,
,,,,,,
,,,,,,
,,,,,,
,,,,,,
,,,,,,
,,,,,,
,,,,,,
,,,,,,
,,,,,,
,,,,,,
,,,,,,
,,,,,,
,,,,,,
,,,,,,
,,,,,,
,,,,,,
,,,,,,
,,,,,,
,,,,,,
,,,,,,
,,,,,,
,,,,,,
,,,,,,
,,,,,,
,,,,,,
,,,,,,
,,,,,,
,,,,,,
,,,,,,
,,,,,,
,,,,,,
,,,,,,
,,,,,,
,,,,,,
,,,,,,
,,,,,,
,,,,,,
,,,,,,
,,,,,,
,,,,,,
,,,,,,
,,,,,,
,,,,,,
,,,,,,
,,,,,,
,,,,,,
,,,,,,
,,,,,,
,,,,,,
,,,,,,
,,,,,,
,,,,,,
,,,,,,
,,,,,,
,,,,,,
,,,,,,
,,,,,,
,,,,,,
,,,,,,
,,,,,,
,,,,,,
,,,,,,
,,,,,,
,,,,,,
,,,,,,
,,,,,,
,,,,,,
,,,,,,
,,,,,,
,,,,,,
,,,,,,
,,,,,,
,,,,,,
,,,,,,
,,,,,,
,,,,,,
,,,,,,
,,,,,,
,,,,,,
,,,,,,
,,,,,,
,,,,,,
,,,,,,
,,,,,,
,,,,,,
,,,,,,
,,,,,,
,,,,,,
,,,,,,
,,,,,,
,,,,,,
,,,,,,
,,,,,,
,,,,,,
,,,,,,
,,,,,,
,,,,,,
,,,,,,
,,,,,,
,,,,,,
,,,,,,
,,,,,,
,,,,,,
,,,,,,
,,,,,,
,,,,,,
,,,,,,
,,,,,,
,,,,,,
,,,,,,
,,,,,,
,,,,,,
,,,,,,
,,,,,,
,,,,,,
,,,,,,
,,,,,,
,,,,,,
,,,,,,
,,,,,,
,,,,,,
,,,,,,
,,,,,,
,,,,,,
,,,,,,
,,,,,,
,,,,,,
,,,,,,
,,,,,,
,,,,,,
,,,,,,
,,,,,,
,,,,,,
,,,,,,
,,,,,,
,,,,,,
,,,,,,
,,,,,,
,,,,,,
,,,,,,
,,,,,,
,,,,,,
,,,,,,
,,,,,,
,,,,,,
,,,,,,
,,,,,,
,,,,,,
,,,,,,
,,,,,,
,,,,,,
,,,,,,
,,,,,,
,,,,,,
,,,,,,
,,,,,,
,,,,,,
,,,,,,
,,,,,,
,,,,,,
,,,,,,
,,,,,,
,,,,,,
,,,,,,
,,,,,,
,,,,,,
,,,,,,
,,,,,,
,,,,,,
,,,,,,
,,,,,,
,,,,,,
,,,,,,
,,,,,,
,,,,,,
,,,,,,
,,,,,,
,,,,,,
,,,,,,
,,,,,,
,,,,,,
,,,,,,
,,,,,,
,,,,,,
,,,,,,
,,,,,,
,,,,,,
,,,,,,
,,,,,,
,,,,,,
,,,,,,
,,,,,,
,,,,,,
,,,,,,
,,,,,,
,,,,,,
,,,,,,
,,,,,,
,,,,,,
,,,,,,
,,,,,,
,,,,,,
,,,,,,
,,,,,,
,,,,,,
,,,,,,
,,,,,,
,,,,,,
,,,,,,
,,,,,,
,,,,,,
,,,,,,
,,,,,,
,,,,,,
,,,,,,
,,,,,,
,,,,,,
,,,,,,
,,,,,,
,,,,,,
,,,,,,
,,,,,,
,,,,,,
,,,,,,
,,,,,,
,,,,,,
,,,,,,
,,,,,,
,,,,,,
,,,,,,
,,,,,,
,,,,,,
,,,,,,
,,,,,,
,,,,,,
,,,,,,
,,,,,,
,,,,,,
,,,,,,
,,,,,,
,,,,,,
,,,,,,
,,,,,,
,,,,,,
,,,,,,
,,,,,,
,,,,,,
,,,,,,
,,,,,,
,,,,,,
,,,,,,
,,,,,,
,,,,,,
,,,,,,
,,,,,,
,,,,,,
,,,,,,
,,,,,,
,,,,,,
,,,,,,
,,,,,,
,,,,,,
,,,,,,
,,,,,,
,,,,,,
,,,,,,
,,,,,,
,,,,,,
,,,,,,
,,,,,,
,,,,,,
,,,,,,
,,,,,,
,,,,,,
,,,,,,
,,,,,,
,,,,,,
,,,,,,
,,,,,,
,,,,,,
,,,,,,
,,,,,,
,,,,,,
,,,,,,
,,,,,,
,,,,,,
,,,,,,
,,,,,,
,,,,,,
,,,,,,
,,,,,,
,,,,,,
,,,,,,
,,,,,,
,,,,,,
,,,,,,
,,,,,,
,,,,,,
,,,,,,
,,,,,,
,,,,,,
,,,,,,
,,,,,,
,,,,,,
,,,,,,
,,,,,,
,,,,,,
,,,,,,
,,,,,,
,,,,,,
,,,,,,
,,,,,,
,,,,,,
,,,,,,
,,,,,,
,,,,,,
,,,,,,
,,,,,,
,,,,,,
,,,,,,
,,,,,,
,,,,,,
,,,,,,
,,,,,,
,,,,,,
,,,,,,
,,,,,,
,,,,,,
,,,,,,
,,,,,,
,,,,,,
,,,,,,
,,,,,,
,,,,,,
,,,,,,
,,,,,,
,,,,,,
,,,,,,
,,,,,,
,,,,,,
,,,,,,
,,,,,,
,,,,,,
,,,,,,
,,,,,,
,,,,,,
,,,,,,
,,,,,,
,,,,,,
,,,,,,
,,,,,,
,,,,,,
,,,,,,
,,,,,,
,,,,,,
,,,,,,
,,,,,,
,,,,,,
,,,,,,
,,,,,,
,,,,,,
,,,,,,
,,,,,,
,,,,,,
,,,,,,
,,,,,,
,,,,,,
,,,,,,
,,,,,,
,,,,,,
,,,,,,
,,,,,,
,,,,,,
,,,,,,
,,,,,,
,,,,,,
,,,,,,
,,,,,,
,,,,,,
,,,,,,
,,,,,,
,,,,,,
,,,,,,
,,,,,,
,,,,,,
,,,,,,
,,,,,,
,,,,,,
,,,,,,
,,,,,,
,,,,,,
,,,,,,
,,,,,,
,,,,,,
,,,,,,
,,,,,,
,,,,,,
,,,,,,
,,,,,,
,,,,,,
,,,,,,
,,,,,,
,,,,,,
,,,,,,
,,,,,,
,,,,,,
,,,,,,
,,,,,,
,,,,,,
,,,,,,
,,,,,,
,,,,,,
,,,,,,
,,,,,,
,,,,,,
,,,,,,
,,,,,,
,,,,,,
,,,,,,
,,,,,,
,,,,,,
,,,,,,
,,,,,,
,,,,,,
,,,,,,
,,,,,,
,,,,,,
,,,,,,
,,,,,,
,,,,,,
,,,,,,
,,,,,,
,,,,,,
,,,,,,
,,,,,,
,,,,,,
,,,,,,
,,,,,,
,,,,,,
,,,,,,
,,,,,,
,,,,,,
,,,,,,
,,,,,,
,,,,,,
,,,,,,
,,,,,,
,,,,,,
,,,,,,
,,,,,,
,,,,,,
,,,,,,
,,,,,,
,,,,,,
,,,,,,
,,,,,,
,,,,,,
,,,,,,
,,,,,,
,,,,,,
,,,,,,
,,,,,,
,,,,,,
,,,,,,
,,,,,,
,,,,,,
,,,,,,
,,,,,,
,,,,,,
,,,,,,
,,,,,,
,,,,,,
,,,,,,
,,,,,,
,,,,,,
,,,,,,
,,,,,,
,,,,,,
,,,,,,
,,,,,,
,,,,,,
,,,,,,
,,,,,,
,,,,,,
,,,,,,
,,,,,,
,,,,,,
,,,,,,
,,,,,,
,,,,,,
,,,,,,
,,,,,,
,,,,,,
,,,,,,
,,,,,,
,,,,,,
,,,,,,
,,,,,,
,,,,,,
,,,,,,
,,,,,,
,,,,,,
,,,,,,
,,,,,,
,,,,,,
,,,,,,
,,,,,,
,,,,,,
,,,,,,
,,,,,,
,,,,,,
,,,,,,
,,,,,,
,,,,,,
,,,,,,
,,,,,,
,,,,,,
,,,,,,
,,,,,,
,,,,,,
,,,,,,
,,,,,,
,,,,,,
,,,,,,
,,,,,,
,,,,,,
,,,,,,
,,,,,,
,,,,,,
,,,,,,
,,,,,,
,,,,,,
,,,,,,
,,,,,,
,,,,,,
,,,,,,
,,,,,,
,,,,,,
,,,,,,
,,,,,,
,,,,,,
,,,,,,
,,,,,,
,,,,,,
,,,,,,
,,,,,,
,,,,,,
,,,,,,
,,,,,,
,,,,,,
,,,,,,
,,,,,,
,,,,,,
,,,,,,
,,,,,,
,,,,,,
,,,,,,
,,,,,,
,,,,,,
,,,,,,
,,,,,,
,,,,,,
,,,,,,
,,,,,,
,,,,,,
,,,,,,
,,,,,,
,,,,,,
,,,,,,
,,,,,,
,,,,,,
,,,,,,
,,,,,,
,,,,,,
,,,,,,
,,,,,,
,,,,,,
,,,,,,
,,,,,,
,,,,,,
,,,,,,
,,,,,,
,,,,,,
,,,,,,
,,,,,,
,,,,,,
,,,,,,
,,,,,,
,,,,,,
,,,,,,
,,,,,,
,,,,,,
,,,,,,
,,,,,,
,,,,,,
,,,,,,
,,,,,,
,,,,,,
,,,,,,
,,,,,,
,,,,,,
,,,,,,
,,,,,,
,,,,,,
,,,,,,
,,,,,,
,,,,,,
,,,,,,
,,,,,,
,,,,,,
,,,,,,
,,,,,,
,,,,,,
,,,,,,
,,,,,,
,,,,,,
,,,,,,
,,,,,,
,,,,,,
,,,,,,
,,,,,,
,,,,,,
,,,,,,
,,,,,,
,,,,,,
,,,,,,
,,,,,,
,,,,,,
,,,,,,
,,,,,,
,,,,,,
,,,,,,
,,,,,,
,,,,,,
,,,,,,
,,,,,,
,,,,,,
,,,,,,
,,,,,,
,,,,,,
,,,,,,
,,,,,,
,,,,,,
,,,,,,
,,,,,,
,,,,,,
,,,,,,
,,,,,,
,,,,,,
,,,,,,
,,,,,,
,,,,,,
,,,,,,
,,,,,,
,,,,,,
,,,,,,
,,,,,,
,,,,,,
,,,,,,
,,,,,,
,,,,,,
,,,,,,
,,,,,,
,,,,,,
,,,,,,
,,,,,,
,,,,,,
,,,,,,
,,,,,,
,,,,,,
,,,,,,
,,,,,,
,,,,,,
,,,,,,
,,,,,,
,,,,,,
,,,,,,
,,,,,,
,,,,,,
,,,,,,
,,,,,,
,,,,,,
,,,,,,
,,,,,,
,,,,,,
,,,,,,
,,,,,,
,,,,,,
,,,,,,
,,,,,,
,,,,,,
,,,,,,
,,,,,,
,,,,,,
,,,,,,
,,,,,,
,,,,,,
,,,,,,
,,,,,,
,,,,,,
,,,,,,
,,,,,,
,,,,,,
,,,,,,
,,,,,,
,,,,,,
,,,,,,
,,,,,,
,,,,,,
,,,,,,
,,,,,,
,,,,,,
,,,,,,
,,,,,,
,,,,,,
,,,,,,
,,,,,,
,,,,,,
,,,,,,
,,,,,,
,,,,,,
,,,,,,
,,,,,,
,,,,,,
,,,,,,
,,,,,,
,,,,,,
,,,,,,
,,,,,,
,,,,,,
,,,,,,
,,,,,,
,,,,,,
,,,,,,
,,,,,,
,,,,,,
,,,,,,
,,,,,,
,,,,,,
,,,,,,
,,,,,,
,,,,,,
,,,,,,
,,,,,,
,,,,,,
,,,,,,
,,,,,,
,,,,,,
,,,,,,
,,,,,,
,,,,,,
,,,,,,
,,,,,,
,,,,,,
,,,,,,
,,,,,,
,,,,,,
,,,,,,
,,,,,,
,,,,,,
,,,,,,
,,,,,,
,,,,,,
,,,,,,
,,,,,,
,,,,,,
,,,,,,
,,,,,,
,,,,,,
,,,,,,
,,,,,,
,,,,,,
,,,,,,
,,,,,,
,,,,,,
,,,,,,
,,,,,,
,,,,,,
,,,,,,
,,,,,,
,,,,,,
,,,,,,
,,,,,,
,,,,,,
,,,,,,
,,,,,,
,,,,,,
,,,,,,
,,,,,,
,,,,,,
,,,,,,
,,,,,,
,,,,,,
,,,,,,
,,,,,,
,,,,,,
,,,,,,
,,,,,,
,,,,,,
,,,,,,
,,,,,,
,,,,,,
,,,,,,
,,,,,,
,,,,,,
,,,,,,
,,,,,,
,,,,,,
,,,,,,
,,,,,,
,,,,,,
,,,,,,
,,,,,,
,,,,,,
,,,,,,
,,,,,,
,,,,,,
,,,,,,
,,,,,,
,,,,,,
,,,,,,
,,,,,,
,,,,,,
,,,,,,
,,,,,,
,,,,,,
,,,,,,
,,,,,,
,,,,,,
,,,,,,
,,,,,,
,,,,,,
,,,,,,
,,,,,,
,,,,,,
,,,,,,
,,,,,,
,,,,,,
,,,,,,
,,,,,,
,,,,,,
,,,,,,
,,,,,,
,,,,,,
,,,,,,
,,,,,,
,,,,,,
,,,,,,
,,,,,,
,,,,,,
,,,,,,
,,,,,,
,,,,,,
,,,,,,
,,,,,,
,,,,,,
,,,,,,
,,,,,,
,,,,,,
,,,,,,
,,,,,,
,,,,,,
,,,,,,
,,,,,,
,,,,,,
,,,,,,
,,,,,,
,,,,,,
,,,,,,
,,,,,,
,,,,,,
,,,,,,
,,,,,,
,,,,,,
,,,,,,
,,,,,,
,,,,,,
,,,,,,
,,,,,,
,,,,,,
,,,,,,
,,,,,,
,,,,,,
,,,,,,
,,,,,,
,,,,,,
,,,,,,
,,,,,,
,,,,,,
,,,,,,
,,,,,,
,,,,,,
,,,,,,
,,,,,,
,,,,,,
,,,,,,
,,,,,,
,,,,,,
,,,,,,
,,,,,,
,,,,,,
,,,,,,
,,,,,,
,,,,,,
,,,,,,
,,,,,,
,,,,,,
,,,,,,
,,,,,,
,,,,,,
,,,,,,
,,,,,,
,,,,,,
,,,,,,
,,,,,,
,,,,,,
,,,,,,
,,,,,,
,,,,,,
,,,,,,
,,,,,,
,,,,,,
,,,,,,
,,,,,,
,,,,,,
,,,,,,
,,,,,,
,,,,,,
,,,,,,
,,,,,,
,,,,,,
,,,,,,
,,,,,,
,,,,,,
,,,,,,
,,,,,,
,,,,,,
,,,,,,
,,,,,,
,,,,,,
,,,,,,
,,,,,,
,,,,,,
,,,,,,
,,,,,,
,,,,,,
,,,,,,
,,,,,,
,,,,,,
,,,,,,
,,,,,,
,,,,,,
,,,,,,
,,,,,,
,,,,,,
,,,,,,
,,,,,,
,,,,,,
,,,,,,
,,,,,,
,,,,,,
,,,,,,
,,,,,,
,,,,,,
,,,,,,
,,,,,,
,,,,,,
,,,,,,
,,,,,,
,,,,,,
,,,,,,
,,,,,,
,,,,,,
,,,,,,
,,,,,,
,,,,,,
,,,,,,
,,,,,,
,,,,,,
,,,,,,
,,,,,,
,,,,,,
,,,,,,
,,,,,,
,,,,,,
,,,,,,
,,,,,,
,,,,,,
,,,,,,
,,,,,,
,,,,,,
,,,,,,
,,,,,,
,,,,,,
,,,,,,
,,,,,,
,,,,,,
,,,,,,
,,,,,,
,,,,,,
,,,,,,
,,,,,,
,,,,,,
,,,,,,
,,,,,,
,,,,,,
,,,,,,
,,,,,,
,,,,,,
,,,,,,
,,,,,,
,,,,,,
,,,,,,
,,,,,,
,,,,,,
,,,,,,
,,,,,,
,,,,,,
,,,,,,
,,,,,,
,,,,,,
,,,,,,
,,,,,,
,,,,,,
,,,,,,
,,,,,,
,,,,,,
,,,,,,
,,,,,,
,,,,,,
,,,,,,
,,,,,,
,,,,,,
,,,,,,
,,,,,,
,,,,,,
,,,,,,
,,,,,,
,,,,,,
,,,,,,
,,,,,,
,,,,,,
,,,,,,
,,,,,,
,,,,,,
,,,,,,
,,,,,,
,,,,,,
,,,,,,
,,,,,,
,,,,,,
,,,,,,
,,,,,,
,,,,,,
,,,,,,
,,,,,,
,,,,,,
,,,,,,
,,,,,,
,,,,,,
,,,,,,
,,,,,,
,,,,,,
,,,,,,
,,,,,,
,,,,,,
,,,,,,
,,,,,,
,,,,,,
,,,,,,
,,,,,,
,,,,,,
,,,,,,
,,,,,,
,,,,,,
,,,,,,
,,,,,,
,,,,,,
,,,,,,
,,,,,,
,,,,,,
,,,,,,
,,,,,,
,,,,,,
,,,,,,
,,,,,,
,,,,,,
,,,,,,
,,,,,,
,,,,,,
,,,,,,
,,,,,,
,,,,,,
,,,,,,
,,,,,,
,,,,,,
,,,,,,
,,,,,,
,,,,,,
,,,,,,
,,,,,,
,,,,,,
,,,,,,
,,,,,,
,,,,,,
,,,,,,
,,,,,,
,,,,,,
,,,,,,
,,,,,,
,,,,,,
,,,,,,
,,,,,,
,,,,,,
,,,,,,
,,,,,,
,,,,,,
,,,,,,
,,,,,,
,,,,,,
,,,,,,
,,,,,,
,,,,,,
,,,,,,
,,,,,,
,,,,,,
,,,,,,
,,,,,,
,,,,,,
,,,,,,
,,,,,,
,,,,,,
,,,,,,
,,,,,,
,,,,,,
,,,,,,
,,,,,,
,,,,,,
,,,,,,
,,,,,,
,,,,,,
,,,,,,
,,,,,,
,,,,,,
,,,,,,
,,,,,,
,,,,,,
,,,,,,
,,,,,,
,,,,,,
,,,,,,
,,,,,,
,,,,,,
,,,,,,
,,,,,,
,,,,,,
,,,,,,
,,,,,,
,,,,,,
,,,,,,
,,,,,,
,,,,,,
,,,,,,
,,,,,,
,,,,,,
,,,,,,
,,,,,,
,,,,,,
,,,,,,
,,,,,,
,,,,,,
,,,,,,
,,,,,,
,,,,,,
,,,,,,
,,,,,,
,,,,,,
,,,,,,
,,,,,,
,,,,,,
,,,,,,
,,,,,,
,,,,,,
,,,,,,
,,,,,,
,,,,,,
,,,,,,
,,,,,,
,,,,,,
,,,,,,
,,,,,,
,,,,,,
,,,,,,
,,,,,,
,,,,,,
,,,,,,
,,,,,,
,,,,,,
,,,,,,
,,,,,,
,,,,,,
,,,,,,
,,,,,,
,,,,,,
,,,,,,
,,,,,,
,,,,,,
,,,,,,
,,,,,,
,,,,,,
,,,,,,
,,,,,,
,,,,,,
,,,,,,
,,,,,,
,,,,,,
,,,,,,
,,,,,,
,,,,,,
,,,,,,
,,,,,,
,,,,,,
,,,,,,
,,,,,,
,,,,,,
,,,,,,
,,,,,,
,,,,,,
,,,,,,
,,,,,,
,,,,,,
,,,,,,
,,,,,,
,,,,,,
,,,,,,
,,,,,,
,,,,,,
,,,,,,
,,,,,,
,,,,,,
,,,,,,
,,,,,,
,,,,,,
,,,,,,
,,,,,,
,,,,,,
,,,,,,
,,,,,,
,,,,,,
,,,,,,
,,,,,,
,,,,,,
,,,,,,
,,,,,,
,,,,,,
,,,,,,
,,,,,,
,,,,,,
,,,,,,
,,,,,,
,,,,,,
,,,,,,
,,,,,,
,,,,,,
,,,,,,
,,,,,,
,,,,,,
,,,,,,
,,,,,,
,,,,,,
,,,,,,
,,,,,,
,,,,,,
,,,,,,
,,,,,,
,,,,,,
,,,,,,
,,,,,,
,,,,,,
,,,,,,
,,,,,,
,,,,,,
,,,,,,
,,,,,,
,,,,,,
,,,,,,
,,,,,,
,,,,,,
,,,,,,
,,,,,,
,,,,,,
,,,,,,
,,,,,,
,,,,,,
,,,,,,
,,,,,,
,,,,,,
,,,,,,
,,,,,,
,,,,,,
,,,,,,
,,,,,,
,,,,,,
,,,,,,
,,,,,,
,,,,,,
,,,,,,
,,,,,,
,,,,,,
,,,,,,
,,,,,,
,,,,,,
,,,,,,
,,,,,,
,,,,,,
,,,,,,
,,,,,,
,,,,,,
,,,,,,
,,,,,,
,,,,,,
,,,,,,
,,,,,,
,,,,,,
,,,,,,
,,,,,,
,,,,,,
,,,,,,
,,,,,,
,,,,,,
,,,,,,
,,,,,,
,,,,,,
,,,,,,
,,,,,,
,,,,,,
,,,,,,
,,,,,,
,,,,,,
,,,,,,
,,,,,,
,,,,,,
,,,,,,
,,,,,,
,,,,,,
,,,,,,
,,,,,,
,,,,,,
,,,,,,
,,,,,,
,,,,,,
,,,,,,
,,,,,,
,,,,,,
,,,,,,
,,,,,,
,,,,,,
,,,,,,
,,,,,,
,,,,,,
,,,,,,
,,,,,,
,,,,,,
,,,,,,
,,,,,,
,,,,,,
,,,,,,
,,,,,,
,,,,,,
,,,,,,
,,,,,,
,,,,,,
,,,,,,
,,,,,,
,,,,,,
,,,,,,
,,,,,,
,,,,,,
,,,,,,
,,,,,,
,,,,,,
,,,,,,
,,,,,,
,,,,,,
,,,,,,
,,,,,,
,,,,,,
,,,,,,
,,,,,,
,,,,,,
,,,,,,
,,,,,,
,,,,,,
,,,,,,
,,,,,,
,,,,,,
,,,,,,
,,,,,,
,,,,,,
,,,,,,
,,,,,,
,,,,,,
,,,,,,
,,,,,,
,,,,,,
,,,,,,
,,,,,,
,,,,,,
,,,,,,
,,,,,,
,,,,,,
,,,,,,
,,,,,,
,,,,,,
,,,,,,
,,,,,,
,,,,,,
,,,,,,
,,,,,,
,,,,,,
,,,,,,
,,,,,,
,,,,,,
,,,,,,
,,,,,,
,,,,,,
,,,,,,
,,,,,,
,,,,,,
,,,,,,
,,,,,,
,,,,,,
,,,,,,
,,,,,,
,,,,,,
,,,,,,
,,,,,,
,,,,,,
,,,,,,
,,,,,,
,,,,,,
,,,,,,
,,,,,,
,,,,,,
,,,,,,
,,,,,,
,,,,,,
,,,,,,
,,,,,,
,,,,,,
,,,,,,
,,,,,,
,,,,,,
,,,,,,
,,,,,,
,,,,,,
,,,,,,
,,,,,,
,,,,,,
,,,,,,
,,,,,,
,,,,,,
,,,,,,
,,,,,,
,,,,,,
,,,,,,
,,,,,,
,,,,,,
,,,,,,
,,,,,,
,,,,,,
,,,,,,
,,,,,,
,,,,,,
,,,,,,
,,,,,,
,,,,,,
,,,,,,
,,,,,,
,,,,,,
,,,,,,
,,,,,,
,,,,,,
,,,,,,
,,,,,,
,,,,,,
,,,,,,
,,,,,,
,,,,,,
,,,,,,
,,,,,,
,,,,,,
,,,,,,
,,,,,,
,,,,,,
,,,,,,
,,,,,,
,,,,,,
,,,,,,
,,,,,,
,,,,,,
,,,,,,
,,,,,,
,,,,,,
,,,,,,
,,,,,,
,,,,,,
,,,,,,
,,,,,,
,,,,,,
,,,,,,
,,,,,,
,,,,,,
,,,,,,
,,,,,,
,,,,,,
,,,,,,
,,,,,,
,,,,,,
,,,,,,
,,,,,,
,,,,,,
,,,,,,
,,,,,,
,,,,,,
,,,,,,
,,,,,,
,,,,,,
,,,,,,
,,,,,,
,,,,,,
,,,,,,
,,,,,,
,,,,,,
,,,,,,
,,,,,,
,,,,,,
,,,,,,
,,,,,,
,,,,,,
,,,,,,
,,,,,,
,,,,,,
,,,,,,
,,,,,,
,,,,,,
,,,,,,
,,,,,,
,,,,,,
,,,,,,
,,,,,,
,,,,,,
,,,,,,
,,,,,,
,,,,,,
,,,,,,
,,,,,,
,,,,,,
,,,,,,
,,,,,,
,,,,,,
,,,,,,
,,,,,,
,,,,,,
,,,,,,
,,,,,,
,,,,,,
,,,,,,
,,,,,,
,,,,,,
,,,,,,
,,,,,,
,,,,,,
,,,,,,
,,,,,,
,,,,,,
,,,,,,
,,,,,,
,,,,,,
,,,,,,
,,,,,,
,,,,,,
,,,,,,
,,,,,,
,,,,,,
,,,,,,
,,,,,,
,,,,,,
,,,,,,
,,,,,,
,,,,,,
,,,,,,
,,,,,,
,,,,,,
,,,,,,
,,,,,,
,,,,,,
,,,,,,
,,,,,,
,,,,,,
,,,,,,
,,,,,,
,,,,,,
,,,,,,
,,,,,,
,,,,,,
,,,,,,
,,,,,,
,,,,,,
,,,,,,
,,,,,,
,,,,,,
,,,,,,
,,,,,,
,,,,,,
,,,,,,
,,,,,,
,,,,,,
,,,,,,
,,,,,,
,,,,,,
,,,,,,
,,,,,,
,,,,,,
,,,,,,
,,,,,,
,,,,,,
,,,,,,
,,,,,,
,,,,,,
,,,,,,
,,,,,,
,,,,,,
,,,,,,
,,,,,,
,,,,,,
,,,,,,
,,,,,,
,,,,,,
,,,,,,
,,,,,,
,,,,,,
,,,,,,
,,,,,,
,,,,,,
,,,,,,
,,,,,,
,,,,,,
,,,,,,
,,,,,,
,,,,,,
,,,,,,
,,,,,,
,,,,,,
,,,,,,
,,,,,,
,,,,,,
,,,,,,
,,,,,,
,,,,,,
,,,,,,
,,,,,,
,,,,,,
,,,,,,
,,,,,,
,,,,,,
,,,,,,
,,,,,,
,,,,,,
,,,,,,
,,,,,,
,,,,,,
,,,,,,
,,,,,,
,,,,,,
,,,,,,
,,,,,,
,,,,,,
,,,,,,
,,,,,,
,,,,,,
,,,,,,
,,,,,,
,,,,,,
,,,,,,
,,,,,,
,,,,,,
,,,,,,
,,,,,,
,,,,,,
,,,,,,
,,,,,,
,,,,,,
,,,,,,
,,,,,,
,,,,,,
,,,,,,
,,,,,,
,,,,,,
,,,,,,
,,,,,,
,,,,,,
,,,,,,
,,,,,,
,,,,,,
,,,,,,
,,,,,,
,,,,,,
,,,,,,
,,,,,,
,,,,,,
,,,,,,
,,,,,,
,,,,,,
,,,,,,
,,,,,,
,,,,,,
,,,,,,
,,,,,,
,,,,,,
,,,,,,
,,,,,,
,,,,,,
,,,,,,
,,,,,,
,,,,,,
,,,,,,
,,,,,,
,,,,,,
,,,,,,
,,,,,,
,,,,,,
,,,,,,
,,,,,,
,,,,,,
,,,,,,
,,,,,,
,,,,,,
,,,,,,
,,,,,,
,,,,,,
,,,,,,
,,,,,,
,,,,,,
,,,,,,
,,,,,,
,,,,,,
,,,,,,
,,,,,,
,,,,,,
,,,,,,
,,,,,,
,,,,,,
,,,,,,
,,,,,,
,,,,,,
,,,,,,
,,,,,,
,,,,,,
,,,,,,
,,,,,,
,,,,,,
,,,,,,
,,,,,,
,,,,,,
,,,,,,
,,,,,,
,,,,,,
,,,,,,
,,,,,,
,,,,,,
,,,,,,
,,,,,,
,,,,,,
,,,,,,
,,,,,,
,,,,,,
,,,,,,
,,,,,,
,,,,,,
,,,,,,
,,,,,,
,,,,,,
,,,,,,
,,,,,,
,,,,,,
,,,,,,
,,,,,,
,,,,,,
,,,,,,
,,,,,,
,,,,,,
,,,,,,
,,,,,,
,,,,,,
,,,,,,
,,,,,,
,,,,,,
,,,,,,
,,,,,,
,,,,,,
,,,,,,
,,,,,,
,,,,,,
,,,,,,
,,,,,,
,,,,,,
,,,,,,
,,,,,,
,,,,,,
,,,,,,
,,,,,,
,,,,,,
,,,,,,
,,,,,,
,,,,,,
,,,,,,
,,,,,,
,,,,,,
,,,,,,
,,,,,,
,,,,,,
,,,,,,
,,,,,,
,,,,,,
,,,,,,
,,,,,,
,,,,,,
,,,,,,
,,,,,,
,,,,,,
,,,,,,
,,,,,,
,,,,,,
,,,,,,
,,,,,,
,,,,,,
,,,,,,
,,,,,,
,,,,,,
,,,,,,
,,,,,,
,,,,,,
,,,,,,
,,,,,,
,,,,,,
,,,,,,
,,,,,,
,,,,,,
,,,,,,
,,,,,,
,,,,,,
,,,,,,
,,,,,,
,,,,,,
,,,,,,
,,,,,,
,,,,,,
,,,,,,
,,,,,,
,,,,,,
,,,,,,
,,,,,,
,,,,,,
,,,,,,
,,,,,,
,,,,,,
,,,,,,
,,,,,,
,,,,,,
,,,,,,
,,,,,,
,,,,,,
,,,,,,
,,,,,,
,,,,,,
,,,,,,
,,,,,,
,,,,,,
,,,,,,
,,,,,,
,,,,,,
,,,,,,
,,,,,,
,,,,,,
,,,,,,
,,,,,,
,,,,,,
,,,,,,
,,,,,,
,,,,,,
,,,,,,
,,,,,,
,,,,,,
,,,,,,
,,,,,,
,,,,,,
,,,,,,
,,,,,,
,,,,,,
,,,,,,
,,,,,,
,,,,,,
,,,,,,
,,,,,,
,,,,,,
,,,,,,
,,,,,,
,,,,,,
,,,,,,
,,,,,,
,,,,,,
,,,,,,
,,,,,,
,,,,,,
,,,,,,
,,,,,,
,,,,,,
,,,,,,
,,,,,,
,,,,,,
,,,,,,
,,,,,,
,,,,,,
,,,,,,
,,,,,,
,,,,,,
,,,,,,
,,,,,,
,,,,,,
,,,,,,
,,,,,,
,,,,,,
,,,,,,
,,,,,,
,,,,,,
,,,,,,
,,,,,,
,,,,,,
,,,,,,
,,,,,,
,,,,,,
,,,,,,
,,,,,,
,,,,,,
,,,,,,
,,,,,,
,,,,,,
,,,,,,
,,,,,,
,,,,,,
,,,,,,
,,,,,,
,,,,,,
,,,,,,
,,,,,,
,,,,,,
,,,,,,
,,,,,,
,,,,,,
,,,,,,
,,,,,,
,,,,,,
,,,,,,
,,,,,,
,,,,,,
,,,,,,
,,,,,,
,,,,,,
,,,,,,
,,,,,,
,,,,,,
,,,,,,
,,,,,,
,,,,,,
,,,,,,
,,,,,,
,,,,,,
,,,,,,
,,,,,,
,,,,,,
,,,,,,
,,,,,,
,,,,,,
,,,,,,
,,,,,,
,,,,,,
,,,,,,
,,,,,,
,,,,,,
,,,,,,
,,,,,,
,,,,,,
,,,,,,
,,,,,,
,,,,,,
,,,,,,
,,,,,,
,,,,,,
,,,,,,
,,,,,,
,,,,,,
,,,,,,
,,,,,,
,,,,,,
,,,,,,
,,,,,,
,,,,,,
,,,,,,
,,,,,,
,,,,,,
,,,,,,
,,,,,,
,,,,,,
,,,,,,
,,,,,,
,,,,,,
,,,,,,
,,,,,,
,,,,,,
,,,,,,
,,,,,,
,,,,,,
,,,,,,
,,,,,,
,,,,,,
,,,,,,
,,,,,,
,,,,,,
,,,,,,
,,,,,,
,,,,,,
,,,,,,
,,,,,,
,,,,,,
,,,,,,
,,,,,,
,,,,,,
,,,,,,
,,,,,,
,,,,,,
,,,,,,
,,,,,,
,,,,,,
,,,,,,
,,,,,,
,,,,,,
,,,,,,
,,,,,,
,,,,,,
,,,,,,
,,,,,,
,,,,,,
,,,,,,
,,,,,,
,,,,,,
,,,,,,
,,,,,,
,,,,,,
,,,,,,
,,,,,,
,,,,,,
,,,,,,
,,,,,,
,,,,,,
,,,,,,
,,,,,,
,,,,,,
,,,,,,
,,,,,,
,,,,,,
,,,,,,
,,,,,,
,,,,,,
,,,,,,
,,,,,,
,,,,,,
,,,,,,
,,,,,,
,,,,,,
,,,,,,
,,,,,,
,,,,,,
,,,,,,
,,,,,,
,,,,,,
,,,,,,
,,,,,,
,,,,,,
,,,,,,
,,,,,,
,,,,,,
,,,,,,
,,,,,,
,,,,,,
,,,,,,
,,,,,,
,,,,,,
,,,,,,
,,,,,,
,,,,,,
,,,,,,
,,,,,,
,,,,,,
,,,,,,
,,,,,,
,,,,,,
,,,,,,
,,,,,,
,,,,,,
,,,,,,
,,,,,,
,,,,,,
,,,,,,
,,,,,,
,,,,,,
,,,,,,
,,,,,,
,,,,,,
,,,,,,
,,,,,,
,,,,,,
,,,,,,
,,,,,,
,,,,,,
,,,,,,
,,,,,,
,,,,,,
,,,,,,
,,,,,,
,,,,,,
,,,,,,
,,,,,,
,,,,,,
,,,,,,
,,,,,,
,,,,,,
,,,,,,
,,,,,,
,,,,,,
,,,,,,
,,,,,,
,,,,,,
,,,,,,
,,,,,,
,,,,,,
,,,,,,
,,,,,,
,,,,,,
,,,,,,
,,,,,,
,,,,,,
,,,,,,
,,,,,,
,,,,,,
,,,,,,
,,,,,,
,,,,,,
,,,,,,
,,,,,,
,,,,,,
,,,,,,
,,,,,,
,,,,,,
,,,,,,
,,,,,,
,,,,,,
,,,,,,
,,,,,,
,,,,,,
,,,,,,
,,,,,,
,,,,,,
,,,,,,
,,,,,,
,,,,,,
,,,,,,
,,,,,,
,,,,,,
,,,,,,
,,,,,,
,,,,,,
,,,,,,
,,,,,,
,,,,,,
,,,,,,
,,,,,,
,,,,,,
,,,,,,
,,,,,,
,,,,,,
,,,,,,
,,,,,,
,,,,,,
,,,,,,
,,,,,,
,,,,,,
,,,,,,
,,,,,,
,,,,,,
,,,,,,
,,,,,,
,,,,,,
,,,,,,
,,,,,,
,,,,,,
,,,,,,
,,,,,,
,,,,,,
,,,,,,
,,,,,,
,,,,,,
,,,,,,
,,,,,,
,,,,,,
,,,,,,
,,,,,,
,,,,,,
,,,,,,
,,,,,,
,,,,,,
,,,,,,
,,,,,,
,,,,,,
,,,,,,
,,,,,,
,,,,,,
,,,,,,
,,,,,,
,,,,,,
,,,,,,
,,,,,,
,,,,,,
,,,,,,
,,,,,,
,,,,,,
,,,,,,
,,,,,,
,,,,,,
,,,,,,
,,,,,,
,,,,,,
,,,,,,
,,,,,,
,,,,,,
,,,,,,
,,,,,,
,,,,,,
,,,,,,
,,,,,,
,,,,,,
,,,,,,
,,,,,,
,,,,,,
,,,,,,
,,,,,,
,,,,,,
,,,,,,
,,,,,,
,,,,,,
,,,,,,
,,,,,,
,,,,,,
,,,,,,
,,,,,,
,,,,,,
,,,,,,
,,,,,,
,,,,,,
,,,,,,
,,,,,,
,,,,,,
,,,,,,
,,,,,,
,,,,,,
,,,,,,
,,,,,,
,,,,,,
,,,,,,
,,,,,,
,,,,,,
,,,,,,
,,,,,,
,,,,,,
,,,,,,
,,,,,,
,,,,,,
,,,,,,
,,,,,,
,,,,,,
,,,,,,
,,,,,,
,,,,,,
,,,,,,
,,,,,,
,,,,,,
,,,,,,
,,,,,,
,,,,,,
,,,,,,
,,,,,,
,,,,,,
,,,,,,
,,,,,,
,,,,,,
,,,,,,
,,,,,,
,,,,,,
,,,,,,
,,,,,,
,,,,,,
,,,,,,
,,,,,,
,,,,,,
,,,,,,
,,,,,,
,,,,,,
,,,,,,
,,,,,,
,,,,,,
,,,,,,
,,,,,,
,,,,,,
,,,,,,
,,,,,,
,,,,,,
,,,,,,
,,,,,,
,,,,,,
,,,,,,
,,,,,,
,,,,,,
,,,,,,
,,,,,,
,,,,,,
,,,,,,
,,,,,,
,,,,,,
,,,,,,
,,,,,,
,,,,,,
,,,,,,
,,,,,,
,,,,,,
,,,,,,
,,,,,,
,,,,,,
,,,,,,
,,,,,,
,,,,,,
,,,,,,
,,,,,,
,,,,,,
,,,,,,
,,,,,,
,,,,,,
,,,,,,
,,,,,,
,,,,,,
,,,,,,
,,,,,,
,,,,,,
,,,,,,
,,,,,,
,,,,,,
,,,,,,
,,,,,,
,,,,,,
,,,,,,
,,,,,,
,,,,,,
,,,,,,
,,,,,,
,,,,,,
,,,,,,
,,,,,,
,,,,,,
,,,,,,
,,,,,,
,,,,,,
,,,,,,
,,,,,,
,,,,,,
,,,,,,
,,,,,,
,,,,,,
,,,,,,
,,,,,,
,,,,,,
,,,,,,
,,,,,,
,,,,,,
,,,,,,
,,,,,,
,,,,,,
,,,,,,
,,,,,,
,,,,,,
,,,,,,
,,,,,,
,,,,,,
,,,,,,
,,,,,,
,,,,,,
,,,,,,
,,,,,,
,,,,,,
,,,,,,
,,,,,,
,,,,,,
,,,,,,
,,,,,,
,,,,,,
,,,,,,
,,,,,,
,,,,,,
,,,,,,
,,,,,,
,,,,,,
,,,,,,
,,,,,,
,,,,,,
,,,,,,
,,,,,,
,,,,,,
,,,,,,
,,,,,,
,,,,,,
,,,,,,
,,,,,,
,,,,,,
,,,,,,
,,,,,,
,,,,,,
,,,,,,
,,,,,,
,,,,,,
,,,,,,
,,,,,,
,,,,,,
,,,,,,
,,,,,,
,,,,,,
,,,,,,
,,,,,,
,,,,,,
,,,,,,
,,,,,,
,,,,,,
,,,,,,
,,,,,,
,,,,,,
,,,,,,
,,,,,,
,,,,,,
,,,,,,
,,,,,,
,,,,,,
,,,,,,
,,,,,,
,,,,,,
,,,,,,
,,,,,,
,,,,,,
,,,,,,
,,,,,,
,,,,,,
,,,,,,
,,,,,,
,,,,,,
,,,,,,
,,,,,,
,,,,,,
,,,,,,
,,,,,,
,,,,,,
,,,,,,
,,,,,,
,,,,,,
,,,,,,
,,,,,,
,,,,,,
,,,,,,
,,,,,,
,,,,,,
,,,,,,
,,,,,,
,,,,,,
,,,,,,
,,,,,,
,,,,,,
,,,,,,
,,,,,,
,,,,,,
,,,,,,
,,,,,,
,,,,,,
,,,,,,
,,,,,,
,,,,,,
,,,,,,
,,,,,,
,,,,,,
,,,,,,
,,,,,,
,,,,,,
,,,,,,
,,,,,,
,,,,,,
,,,,,,
,,,,,,
,,,,,,
,,,,,,
,,,,,,
,,,,,,
,,,,,,
,,,,,,
,,,,,,
,,,,,,
,,,,,,
,,,,,,
,,,,,,
,,,,,,
,,,,,,
,,,,,,
,,,,,,
,,,,,,
,,,,,,
,,,,,,
,,,,,,
,,,,,,
,,,,,,
,,,,,,
,,,,,,
,,,,,,
,,,,,,
,,,,,,
,,,,,,
,,,,,,
,,,,,,
,,,,,,
,,,,,,
,,,,,,
,,,,,,
,,,,,,
,,,,,,
,,,,,,
,,,,,,
,,,,,,
,,,,,,
,,,,,,
,,,,,,
,,,,,,
,,,,,,
,,,,,,
,,,,,,
,,,,,,
,,,,,,
,,,,,,
,,,,,,
,,,,,,
,,,,,,
,,,,,,
,,,,,,
,,,,,,
,,,,,,
,,,,,,
,,,,,,
,,,,,,
,,,,,,
,,,,,,
,,,,,,
,,,,,,
,,,,,,
,,,,,,
,,,,,,
,,,,,,
,,,,,,
,,,,,,
,,,,,,
,,,,,,
,,,,,,
,,,,,,
,,,,,,
,,,,,,
,,,,,,
,,,,,,
,,,,,,
,,,,,,
,,,,,,
,,,,,,
,,,,,,
,,,,,,
,,,,,,
,,,,,,
,,,,,,
,,,,,,
,,,,,,
,,,,,,
,,,,,,
,,,,,,
,,,,,,
,,,,,,
,,,,,,
,,,,,,
,,,,,,
,,,,,,
,,,,,,
,,,,,,
,,,,,,
,,,,,,
,,,,,,
,,,,,,
,,,,,,
,,,,,,
,,,,,,
,,,,,,
,,,,,,
,,,,,,
,,,,,,
,,,,,,
,,,,,,
,,,,,,
,,,,,,
,,,,,,
,,,,,,
,,,,,,
,,,,,,
,,,,,,
,,,,,,
,,,,,,
,,,,,,
,,,,,,
,,,,,,
,,,,,,
,,,,,,
,,,,,,
,,,,,,
,,,,,,
,,,,,,
,,,,,,
,,,,,,
,,,,,,
,,,,,,
,,,,,,
,,,,,,
,,,,,,
,,,,,,
,,,,,,
,,,,,,
,,,,,,
,,,,,,
,,,,,,
,,,,,,
,,,,,,
,,,,,,
,,,,,,
,,,,,,
,,,,,,
,,,,,,
,,,,,,
,,,,,,
,,,,,,
,,,,,,
,,,,,,
,,,,,,
,,,,,,
,,,,,,
,,,,,,
,,,,,,
,,,,,,
,,,,,,
,,,,,,
,,,,,,
,,,,,,
,,,,,,
,,,,,,
,,,,,,
,,,,,,
,,,,,,
,,,,,,
,,,,,,
,,,,,,
,,,,,,
,,,,,,
,,,,,,
,,,,,,
,,,,,,
,,,,,,
,,,,,,
,,,,,,
,,,,,,
,,,,,,
,,,,,,
,,,,,,
,,,,,,
,,,,,,
,,,,,,
,,,,,,
,,,,,,
,,,,,,
,,,,,,
,,,,,,
,,,,,,
,,,,,,
,,,,,,
,,,,,,
,,,,,,
,,,,,,
,,,,,,
,,,,,,
,,,,,,
,,,,,,
,,,,,,
,,,,,,
,,,,,,
,,,,,,
,,,,,,
,,,,,,
,,,,,,
,,,,,,
,,,,,,
,,,,,,
,,,,,,
,,,,,,
,,,,,,
,,,,,,
,,,,,,
,,,,,,
,,,,,,
,,,,,,
,,,,,,
,,,,,,
,,,,,,
,,,,,,
,,,,,,
,,,,,,
,,,,,,
,,,,,,
,,,,,,
,,,,,,
,,,,,,
,,,,,,
,,,,,,
,,,,,,
,,,,,,
,,,,,,
,,,,,,
,,,,,,
,,,,,,
,,,,,,
,,,,,,
,,,,,,
,,,,,,
,,,,,,
,,,,,,
,,,,,,
,,,,,,
,,,,,,
,,,,,,
,,,,,,
,,,,,,
,,,,,,
,,,,,,
,,,,,,
,,,,,,
,,,,,,
,,,,,,
,,,,,,
,,,,,,
,,,,,,
,,,,,,
,,,,,,
,,,,,,
,,,,,,
,,,,,,
,,,,,,
,,,,,,
,,,,,,
,,,,,,
,,,,,,
,,,,,,
,,,,,,
,,,,,,
,,,,,,
,,,,,,
,,,,,,
,,,,,,
,,,,,,
,,,,,,
,,,,,,
,,,,,,
,,,,,,
,,,,,,
,,,,,,
,,,,,,
,,,,,,
,,,,,,
,,,,,,
,,,,,,
,,,,,,
,,,,,,
,,,,,,
,,,,,,
,,,,,,
,,,,,,
,,,,,,
,,,,,,
,,,,,,
,,,,,,
,,,,,,
,,,,,,
,,,,,,
,,,,,,
,,,,,,
,,,,,,
,,,,,,
,,,,,,
,,,,,,
,,,,,,
,,,,,,
,,,,,,
,,,,,,
,,,,,,
,,,,,,
,,,,,,
,,,,,,
,,,,,,
,,,,,,
,,,,,,
,,,,,,
,,,,,,
,,,,,,
,,,,,,
,,,,,,
,,,,,,
,,,,,,
,,,,,,
,,,,,,
,,,,,,
,,,,,,
,,,,,,
,,,,,,
,,,,,,
,,,,,,
,,,,,,
,,,,,,
,,,,,,
,,,,,,
,,,,,,
,,,,,,
,,,,,,
,,,,,,
,,,,,,
,,,,,,
,,,,,,
,,,,,,
,,,,,,
,,,,,,
,,,,,,
,,,,,,
,,,,,,
,,,,,,
,,,,,,
,,,,,,
,,,,,,
,,,,,,
,,,,,,
,,,,,,
,,,,,,
,,,,,,
,,,,,,
,,,,,,
,,,,,,
,,,,,,
,,,,,,
,,,,,,
,,,,,,
,,,,,,
,,,,,,
,,,,,,
,,,,,,
,,,,,,
,,,,,,
,,,,,,
,,,,,,
,,,,,,
,,,,,,
,,,,,,
,,,,,,
,,,,,,
,,,,,,
,,,,,,
,,,,,,
,,,,,,
,,,,,,
,,,,,,
,,,,,,
,,,,,,
,,,,,,
,,,,,,
,,,,,,
,,,,,,
,,,,,,
,,,,,,
,,,,,,
,,,,,,
,,,,,,
,,,,,,
,,,,,,
,,,,,,
,,,,,,
,,,,,,
,,,,,,
,,,,,,
,,,,,,
,,,,,,
,,,,,,
,,,,,,
,,,,,,
,,,,,,
,,,,,,
,,,,,,
,,,,,,
,,,,,,
,,,,,,
,,,,,,
,,,,,,
,,,,,,
,,,,,,
,,,,,,
,,,,,,
,,,,,,
,,,,,,
,,,,,,
,,,,,,
,,,,,,
,,,,,,
,,,,,,
,,,,,,
,,,,,,
,,,,,,
,,,,,,
,,,,,,
,,,,,,
,,,,,,
,,,,,,
,,,,,,
,,,,,,
,,,,,,
,,,,,,
,,,,,,
,,,,,,
,,,,,,
,,,,,,
,,,,,,
,,,,,,
,,,,,,
,,,,,,
,,,,,,
,,,,,,
,,,,,,
,,,,,,
,,,,,,
,,,,,,
,,,,,,
,,,,,,
,,,,,,
,,,,,,
,,,,,,
,,,,,,
,,,,,,
,,,,,,
,,,,,,
,,,,,,
,,,,,,
,,,,,,
,,,,,,
,,,,,,
,,,,,,
,,,,,,
,,,,,,
,,,,,,
,,,,,,
,,,,,,
,,,,,,
,,,,,,
,,,,,,
,,,,,,
,,,,,,
,,,,,,
,,,,,,
,,,,,,
,,,,,,
,,,,,,
,,,,,,
,,,,,,
,,,,,,
,,,,,,
,,,,,,
,,,,,,
,,,,,,
,,,,,,
,,,,,,
,,,,,,
,,,,,,
,,,,,,
,,,,,,
,,,,,,
,,,,,,
,,,,,,
,,,,,,
,,,,,,
,,,,,,
,,,,,,
,,,,,,
,,,,,,
,,,,,,
,,,,,,
,,,,,,
,,,,,,
,,,,,,
,,,,,,
,,,,,,
,,,,,,
,,,,,,
,,,,,,
,,,,,,
,,,,,,
,,,,,,
,,,,,,
,,,,,,
,,,,,,
,,,,,,
,,,,,,
,,,,,,
,,,,,,
,,,,,,
,,,,,,
,,,,,,
,,,,,,
,,,,,,
,,,,,,
,,,,,,
,,,,,,
,,,,,,
,,,,,,
,,,,,,
,,,,,,
,,,,,,
,,,,,,
,,,,,,
,,,,,,
,,,,,,
,,,,,,
,,,,,,
,,,,,,
,,,,,,
,,,,,,
,,,,,,
,,,,,,
,,,,,,
,,,,,,
,,,,,,
,,,,,,
,,,,,,
,,,,,,
,,,,,,
,,,,,,
,,,,,,
,,,,,,
,,,,,,
,,,,,,
,,,,,,
,,,,,,
,,,,,,
,,,,,,
,,,,,,
,,,,,,
,,,,,,
,,,,,,
,,,,,,
,,,,,,
,,,,,,
,,,,,,
,,,,,,
,,,,,,
,,,,,,
,,,,,,
,,,,,,
,,,,,,
,,,,,,
,,,,,,
,,,,,,
,,,,,,
,,,,,,
,,,,,,
,,,,,,
,,,,,,
,,,,,,
,,,,,,
,,,,,,
,,,,,,
,,,,,,
,,,,,,
,,,,,,
,,,,,,
,,,,,,
,,,,,,
,,,,,,
,,,,,,
,,,,,,
,,,,,,
,,,,,,
,,,,,,
,,,,,,
,,,,,,
,,,,,,
,,,,,,
,,,,,,
,,,,,,
,,,,,,
,,,,,,
,,,,,,
,,,,,,
,,,,,,
,,,,,,
,,,,,,
,,,,,,
,,,,,,
,,,,,,
,,,,,,
,,,,,,
,,,,,,
,,,,,,
,,,,,,
,,,,,,
,,,,,,
,,,,,,
,,,,,,
,,,,,,
,,,,,,
,,,,,,
,,,,,,
,,,,,,
,,,,,,
,,,,,,
,,,,,,
,,,,,,
,,,,,,
,,,,,,
,,,,,,
,,,,,,
,,,,,,
,,,,,,
,,,,,,
,,,,,,
,,,,,,
,,,,,,
,,,,,,
,,,,,,
,,,,,,
,,,,,,
,,,,,,
,,,,,,
,,,,,,
,,,,,,
,,,,,,
,,,,,,
,,,,,,
,,,,,,
,,,,,,
,,,,,,
,,,,,,
,,,,,,
,,,,,,
,,,,,,
,,,,,,
,,,,,,
,,,,,,
,,,,,,
,,,,,,
,,,,,,
,,,,,,
,,,,,,
,,,,,,
,,,,,,
,,,,,,
,,,,,,
,,,,,,
,,,,,,
,,,,,,
,,,,,,
,,,,,,
,,,,,,
,,,,,,
,,,,,,
,,,,,,
,,,,,,
,,,,,,
,,,,,,
,,,,,,
,,,,,,
,,,,,,
,,,,,,
,,,,,,
,,,,,,
,,,,,,
,,,,,,
,,,,,,
,,,,,,
,,,,,,
,,,,,,
,,,,,,
,,,,,,
,,,,,,
,,,,,,
,,,,,,
,,,,,,
,,,,,,
,,,,,,
,,,,,,
,,,,,,
,,,,,,
,,,,,,
,,,,,,
,,,,,,
,,,,,,
,,,,,,
,,,,,,
,,,,,,
,,,,,,
,,,,,,
,,,,,,
,,,,,,
,,,,,,
,,,,,,
,,,,,,
,,,,,,
,,,,,,
,,,,,,
,,,,,,
,,,,,,
,,,,,,
,,,,,,
,,,,,,
,,,,,,
,,,,,,
,,,,,,
,,,,,,
,,,,,,
,,,,,,
,,,,,,
,,,,,,
,,,,,,
,,,,,,
,,,,,,
,,,,,,
,,,,,,
,,,,,,
,,,,,,
,,,,,,
,,,,,,
,,,,,,
,,,,,,
,,,,,,
,,,,,,
,,,,,,
,,,,,,
,,,,,,
,,,,,,
,,,,,,
,,,,,,
,,,,,,
,,,,,,
,,,,,,
,,,,,,
,,,,,,
,,,,,,
,,,,,,
,,,,,,
,,,,,,
,,,,,,
,,,,,,
,,,,,,
,,,,,,
,,,,,,
,,,,,,
,,,,,,
,,,,,,
,,,,,,
,,,,,,
,,,,,,
,,,,,,
,,,,,,
,,,,,,
,,,,,,
,,,,,,
,,,,,,
,,,,,,
,,,,,,
,,,,,,
,,,,,,
,,,,,,
,,,,,,
,,,,,,
,,,,,,
,,,,,,
,,,,,,
,,,,,,
,,,,,,
,,,,,,
,,,,,,
,,,,,,
,,,,,,
,,,,,,
,,,,,,
,,,,,,
,,,,,,
,,,,,,
,,,,,,
,,,,,,
,,,,,,
,,,,,,
,,,,,,
,,,,,,
,,,,,,
,,,,,,
,,,,,,
,,,,,,
,,,,,,
,,,,,,
,,,,,,
,,,,,,
,,,,,,
,,,,,,
,,,,,,
,,,,,,
,,,,,,
,,,,,,
,,,,,,
,,,,,,
,,,,,,
,,,,,,
,,,,,,
,,,,,,
,,,,,,
,,,,,,
,,,,,,
,,,,,,
,,,,,,
,,,,,,
,,,,,,
,,,,,,
,,,,,,
,,,,,,
,,,,,,
,,,,,,
,,,,,,
,,,,,,
,,,,,,
,,,,,,
,,,,,,
,,,,,,
,,,,,,
,,,,,,
,,,,,,
,,,,,,
,,,,,,
,,,,,,
,,,,,,
,,,,,,
,,,,,,
,,,,,,
,,,,,,
,,,,,,
,,,,,,
,,,,,,
,,,,,,
,,,,,,
,,,,,,
,,,,,,
,,,,,,
,,,,,,
,,,,,,
,,,,,,
,,,,,,
,,,,,,
,,,,,,
,,,,,,
,,,,,,
,,,,,,
,,,,,,
,,,,,,
,,,,,,
,,,,,,
,,,,,,
,,,,,,
,,,,,,
,,,,,,
,,,,,,
,,,,,,
,,,,,,
,,,,,,
,,,,,,
,,,,,,
,,,,,,
,,,,,,
,,,,,,
,,,,,,
,,,,,,
,,,,,,
,,,,,,
,,,,,,
,,,,,,
,,,,,,
,,,,,,
,,,,,,
,,,,,,
,,,,,,
,,,,,,
,,,,,,
,,,,,,
,,,,,,
,,,,,,
,,,,,,
,,,,,,
,,,,,,
,,,,,,
,,,,,,
,,,,,,
,,,,,,
,,,,,,
,,,,,,
,,,,,,
,,,,,,
,,,,,,
,,,,,,
,,,,,,
,,,,,,
,,,,,,
,,,,,,
,,,,,,
,,,,,,
,,,,,,
,,,,,,
,,,,,,
,,,,,,
,,,,,,
,,,,,,
,,,,,,
,,,,,,
,,,,,,
,,,,,,
,,,,,,
,,,,,,
,,,,,,
,,,,,,
,,,,,,
,,,,,,
,,,,,,
,,,,,,
,,,,,,
,,,,,,
,,,,,,
,,,,,,
,,,,,,
,,,,,,
,,,,,,
,,,,,,
,,,,,,
,,,,,,
,,,,,,
,,,,,,
,,,,,,
,,,,,,
,,,,,,
,,,,,,
,,,,,,
,,,,,,
,,,,,,
,,,,,,
,,,,,,
,,,,,,
,,,,,,
,,,,,,
,,,,,,
,,,,,,
,,,,,,
,,,,,,
,,,,,,
,,,,,,
,,,,,,
,,,,,,
,,,,,,
,,,,,,
,,,,,,
,,,,,,
,,,,,,
,,,,,,
,,,,,,
,,,,,,
,,,,,,
,,,,,,
,,,,,,
,,,,,,
,,,,,,
,,,,,,
,,,,,,
,,,,,,
,,,,,,
,,,,,,
,,,,,,
,,,,,,
,,,,,,
,,,,,,
,,,,,,
,,,,,,
,,,,,,
,,,,,,
,,,,,,
,,,,,,
,,,,,,
,,,,,,
,,,,,,
,,,,,,
,,,,,,
,,,,,,
,,,,,,
,,,,,,
,,,,,,
,,,,,,
,,,,,,
,,,,,,
,,,,,,
,,,,,,
,,,,,,
,,,,,,
,,,,,,
,,,,,,
,,,,,,
,,,,,,
,,,,,,
,,,,,,
,,,,,,
,,,,,,
,,,,,,
,,,,,,
,,,,,,
,,,,,,
,,,,,,
,,,,,,
,,,,,,
,,,,,,
,,,,,,
,,,,,,
,,,,,,
,,,,,,
,,,,,,
,,,,,,
,,,,,,
,,,,,,
,,,,,,
,,,,,,
,,,,,,
,,,,,,
,,,,,,
,,,,,,
,,,,,,
,,,,,,
,,,,,,
,,,,,,
,,,,,,
,,,,,,
,,,,,,
,,,,,,
,,,,,,
,,,,,,
,,,,,,
,,,,,,
,,,,,,
,,,,,,
,,,,,,
,,,,,,
,,,,,,
,,,,,,
,,,,,,
,,,,,,
,,,,,,
,,,,,,
,,,,,,
,,,,,,
,,,,,,
,,,,,,
,,,,,,
,,,,,,
,,,,,,
,,,,,,
,,,,,,
,,,,,,
,,,,,,
,,,,,,
,,,,,,
,,,,,,
,,,,,,
,,,,,,
,,,,,,
,,,,,,
,,,,,,
,,,,,,
,,,,,,
,,,,,,
,,,,,,
,,,,,,
,,,,,,
,,,,,,
,,,,,,
,,,,,,
,,,,,,
,,,,,,
,,,,,,
,,,,,,
,,,,,,
,,,,,,
,,,,,,
,,,,,,
,,,,,,
,,,,,,
,,,,,,
,,,,,,
,,,,,,
,,,,,,
,,,,,,
,,,,,,
,,,,,,
,,,,,,
,,,,,,
,,,,,,
,,,,,,
,,,,,,
,,,,,,
,,,,,,
,,,,,,
,,,,,,
,,,,,,
,,,,,,
,,,,,,
,,,,,,
,,,,,,
,,,,,,
,,,,,,
,,,,,,
,,,,,,
,,,,,,
,,,,,,
,,,,,,
,,,,,,
,,,,,,
,,,,,,
,,,,,,
,,,,,,
,,,,,,
,,,,,,
,,,,,,
,,,,,,
,,,,,,
,,,,,,
,,,,,,
,,,,,,
,,,,,,
,,,,,,
,,,,,,
,,,,,,
,,,,,,
,,,,,,
,,,,,,
,,,,,,
,,,,,,
,,,,,,
,,,,,,
,,,,,,
,,,,,,
,,,,,,
,,,,,,
,,,,,,
,,,,,,
,,,,,,
,,,,,,
,,,,,,
,,,,,,
,,,,,,
,,,,,,
,,,,,,
,,,,,,
,,,,,,
,,,,,,
,,,,,,
,,,,,,
,,,,,,
,,,,,,
,,,,,,
,,,,,,
,,,,,,
,,,,,,
,,,,,,
,,,,,,
,,,,,,
,,,,,,
,,,,,,
,,,,,,
,,,,,,
,,,,,,
,,,,,,
,,,,,,
,,,,,,
,,,,,,
,,,,,,
,,,,,,
,,,,,,
,,,,,,
,,,,,,
,,,,,,
,,,,,,
,,,,,,
,,,,,,
,,,,,,
,,,,,,
,,,,,,
,,,,,,
,,,,,,
,,,,,,
,,,,,,
,,,,,,
,,,,,,
,,,,,,
,,,,,,
,,,,,,
,,,,,,
,,,,,,
,,,,,,
,,,,,,
,,,,,,
,,,,,,
,,,,,,
,,,,,,
,,,,,,
,,,,,,
,,,,,,
,,,,,,
,,,,,,
,,,,,,
,,,,,,
,,,,,,
,,,,,,
,,,,,,
,,,,,,
,,,,,,
,,,,,,
,,,,,,
,,,,,,
,,,,,,
,,,,,,
,,,,,,
,,,,,,
,,,,,,
,,,,,,
,,,,,,
,,,,,,
,,,,,,
,,,,,,
,,,,,,
,,,,,,
,,,,,,
,,,,,,
,,,,,,
,,,,,,
,,,,,,
,,,,,,
,,,,,,
,,,,,,
,,,,,,
,,,,,,
,,,,,,
,,,,,,
,,,,,,
,,,,,,
,,,,,,
,,,,,,
,,,,,,
,,,,,,
,,,,,,
,,,,,,
,,,,,,
,,,,,,
,,,,,,
,,,,,,
,,,,,,
,,,,,,
,,,,,,
,,,,,,
,,,,,,
,,,,,,
,,,,,,
,,,,,,
,,,,,,
,,,,,,
,,,,,,
,,,,,,
,,,,,,
,,,,,,
,,,,,,
,,,,,,
,,,,,,
,,,,,,
,,,,,,
,,,,,,
,,,,,,
,,,,,,
,,,,,,
,,,,,,
,,,,,,
,,,,,,
,,,,,,
,,,,,,
,,,,,,
,,,,,,
,,,,,,
,,,,,,
,,,,,,
,,,,,,
,,,,,,
,,,,,,
,,,,,,
,,,,,,
,,,,,,
,,,,,,
,,,,,,
,,,,,,
,,,,,,
,,,,,,
,,,,,,
,,,,,,
,,,,,,
,,,,,,
,,,,,,
,,,,,,
,,,,,,
,,,,,,
,,,,,,
,,,,,,
,,,,,,
,,,,,,
,,,,,,
,,,,,,
,,,,,,
,,,,,,
,,,,,,
,,,,,,
,,,,,,
,,,,,,
,,,,,,
,,,,,,
,,,,,,
,,,,,,
,,,,,,
,,,,,,
,,,,,,
,,,,,,
,,,,,,
,,,,,,
,,,,,,
,,,,,,
,,,,,,
,,,,,,
,,,,,,
,,,,,,
,,,,,,
,,,,,,
,,,,,,
,,,,,,
,,,,,,
,,,,,,
,,,,,,
,,,,,,
,,,,,,
,,,,,,
,,,,,,
,,,,,,
,,,,,,
,,,,,,
,,,,,,
,,,,,,
,,,,,,
,,,,,,
,,,,,,
,,,,,,
,,,,,,
,,,,,,
,,,,,,
,,,,,,
,,,,,,
,,,,,,
,,,,,,
,,,,,,
,,,,,,
,,,,,,
,,,,,,
,,,,,,
,,,,,,
,,,,,,
,,,,,,
,,,,,,
,,,,,,
,,,,,,
,,,,,,
,,,,,,
,,,,,,
,,,,,,
,,,,,,
,,,,,,
,,,,,,
,,,,,,
,,,,,,
,,,,,,
,,,,,,
,,,,,,
,,,,,,
,,,,,,
,,,,,,
,,,,,,
,,,,,,
,,,,,,
,,,,,,
,,,,,,
,,,,,,
,,,,,,
,,,,,,
,,,,,,
,,,,,,
,,,,,,
,,,,,,
,,,,,,
,,,,,,
,,,,,,
,,,,,,
,,,,,,
,,,,,,
,,,,,,
,,,,,,
,,,,,,
,,,,,,
,,,,,,
,,,,,,
,,,,,,
,,,,,,
,,,,,,
,,,,,,
,,,,,,
,,,,,,
,,,,,,
,,,,,,
,,,,,,
,,,,,,
,,,,,,
,,,,,,
,,,,,,
,,,,,,
,,,,,,
,,,,,,
,,,,,,
,,,,,,
,,,,,,
,,,,,,
,,,,,,
,,,,,,
,,,,,,
,,,,,,
,,,,,,
,,,,,,
,,,,,,
,,,,,,
,,,,,,
,,,,,,
,,,,,,
,,,,,,
,,,,,,
,,,,,,
,,,,,,
,,,,,,
,,,,,,
,,,,,,
,,,,,,
,,,,,,
,,,,,,
,,,,,,
,,,,,,
,,,,,,
,,,,,,
,,,,,,
,,,,,,
,,,,,,
,,,,,,
,,,,,,
,,,,,,
,,,,,,
,,,,,,
,,,,,,
,,,,,,
,,,,,,
,,,,,,
,,,,,,
,,,,,,
,,,,,,
,,,,,,
,,,,,,
,,,,,,
,,,,,,
,,,,,,
,,,,,,
,,,,,,
,,,,,,
,,,,,,
,,,,,,
,,,,,,
,,,,,,
,,,,,,
,,,,,,
,,,,,,
,,,,,,
,,,,,,
,,,,,,
,,,,,,
,,,,,,
,,,,,,
,,,,,,
,,,,,,
,,,,,,
,,,,,,
,,,,,,
,,,,,,
,,,,,,
,,,,,,
,,,,,,
,,,,,,
,,,,,,
,,,,,,
,,,,,,
,,,,,,
,,,,,,
,,,,,,
,,,,,,
,,,,,,
,,,,,,
,,,,,,
,,,,,,
,,,,,,
,,,,,,
,,,,,,
,,,,,,
,,,,,,
,,,,,,
,,,,,,
,,,,,,
,,,,,,
,,,,,,
,,,,,,
,,,,,,
,,,,,,
,,,,,,
,,,,,,
,,,,,,
,,,,,,
,,,,,,
,,,,,,
,,,,,,
,,,,,,
,,,,,,
,,,,,,
,,,,,,
,,,,,,
,,,,,,
,,,,,,
,,,,,,
,,,,,,
,,,,,,
,,,,,,
,,,,,,
,,,,,,
,,,,,,
,,,,,,
,,,,,,
,,,,,,
,,,,,,
,,,,,,
,,,,,,
,,,,,,
,,,,,,
,,,,,,
,,,,,,
,,,,,,
,,,,,,
,,,,,,
,,,,,,
,,,,,,
,,,,,,
,,,,,,
,,,,,,
,,,,,,
,,,,,,
,,,,,,
,,,,,,
,,,,,,
,,,,,,
,,,,,,
,,,,,,
,,,,,,
,,,,,,
,,,,,,
,,,,,,
,,,,,,
,,,,,,
,,,,,,
,,,,,,
,,,,,,
,,,,,,
,,,,,,
,,,,,,
,,,,,,
,,,,,,
,,,,,,
,,,,,,
,,,,,,
,,,,,,
,,,,,,
,,,,,,
,,,,,,
,,,,,,
,,,,,,
,,,,,,
,,,,,,
,,,,,,
,,,,,,
,,,,,,
,,,,,,
,,,,,,
,,,,,,
,,,,,,
,,,,,,
,,,,,,
,,,,,,
,,,,,,
,,,,,,
,,,,,,
,,,,,,
,,,,,,
,,,,,,
,,,,,,
,,,,,,
,,,,,,
,,,,,,
,,,,,,
,,,,,,
,,,,,,
,,,,,,
,,,,,,
,,,,,,
,,,,,,
,,,,,,
,,,,,,
,,,,,,
,,,,,,
,,,,,,
,,,,,,
,,,,,,
,,,,,,
,,,,,,
,,,,,,
,,,,,,
,,,,,,
,,,,,,
,,,,,,
,,,,,,
,,,,,,
,,,,,,
,,,,,,
,,,,,,
,,,,,,
,,,,,,
,,,,,,
,,,,,,
,,,,,,
,,,,,,
,,,,,,
,,,,,,
,,,,,,
,,,,,,
,,,,,,
,,,,,,
,,,,,,
,,,,,,
,,,,,,
,,,,,,
,,,,,,
,,,,,,
,,,,,,
,,,,,,
,,,,,,
,,,,,,
,,,,,,
,,,,,,
,,,,,,
,,,,,,
,,,,,,
,,,,,,
,,,,,,
,,,,,,
,,,,,,
,,,,,,
,,,,,,
,,,,,,
,,,,,,
,,,,,,
,,,,,,
,,,,,,
,,,,,,
,,,,,,
,,,,,,
,,,,,,
,,,,,,
,,,,,,
,,,,,,
,,,,,,
,,,,,,
,,,,,,
,,,,,,
,,,,,,
,,,,,,
,,,,,,
,,,,,,
,,,,,,
,,,,,,
,,,,,,
,,,,,,
,,,,,,
,,,,,,
,,,,,,
,,,,,,
,,,,,,
,,,,,,
,,,,,,
,,,,,,
,,,,,,
,,,,,,
,,,,,,
,,,,,,
,,,,,,
,,,,,,
,,,,,,
,,,,,,
,,,,,,
,,,,,,
,,,,,,
,,,,,,
,,,,,,
,,,,,,
,,,,,,
,,,,,,
,,,,,,
,,,,,,
,,,,,,
,,,,,,
,,,,,,
,,,,,,
,,,,,,
,,,,,,
,,,,,,
,,,,,,
,,,,,,
,,,,,,
,,,,,,
,,,,,,
,,,,,,
,,,,,,
,,,,,,
,,,,,,
,,,,,,
,,,,,,
,,,,,,
,,,,,,
,,,,,,
,,,,,,
,,,,,,
,,,,,,
,,,,,,
,,,,,,
,,,,,,
,,,,,,
,,,,,,
,,,,,,
,,,,,,
,,,,,,
,,,,,,
,,,,,,
,,,,,,
,,,,,,
,,,,,,
,,,,,,
,,,,,,
,,,,,,
,,,,,,
,,,,,,
,,,,,,
,,,,,,
,,,,,,
,,,,,,
,,,,,,
,,,,,,
,,,,,,
,,,,,,
,,,,,,
,,,,,,
,,,,,,
,,,,,,
,,,,,,
,,,,,,
,,,,,,
,,,,,,
,,,,,,
,,,,,,
,,,,,,
,,,,,,
,,,,,,
,,,,,,
,,,,,,
,,,,,,
,,,,,,
,,,,,,
,,,,,,
,,,,,,
,,,,,,
,,,,,,
,,,,,,
,,,,,,
,,,,,,
,,,,,,
,,,,,,
,,,,,,
,,,,,,
,,,,,,
,,,,,,
,,,,,,
,,,,,,
,,,,,,
,,,,,,
,,,,,,
,,,,,,
,,,,,,
,,,,,,
,,,,,,
,,,,,,
,,,,,,
,,,,,,
,,,,,,
,,,,,,
,,,,,,
,,,,,,
,,,,,,
,,,,,,
,,,,,,
,,,,,,
,,,,,,
,,,,,,
,,,,,,
,,,,,,
,,,,,,
,,,,,,
,,,,,,
,,,,,,
,,,,,,
,,,,,,
,,,,,,
,,,,,,
,,,,,,
,,,,,,
,,,,,,
,,,,,,
,,,,,,
,,,,,,
,,,,,,
,,,,,,
,,,,,,
,,,,,,
,,,,,,
,,,,,,
,,,,,,
,,,,,,
,,,,,,
,,,,,,
,,,,,,
,,,,,,
,,,,,,
,,,,,,
,,,,,,
,,,,,,
,,,,,,
,,,,,,
,,,,,,
,,,,,,
,,,,,,
,,,,,,
,,,,,,
,,,,,,
,,,,,,
,,,,,,
,,,,,,
,,,,,,
,,,,,,
,,,,,,
,,,,,,
,,,,,,
,,,,,,
,,,,,,
,,,,,,
,,,,,,
,,,,,,
,,,,,,
,,,,,,
,,,,,,
,,,,,,
,,,,,,
,,,,,,
,,,,,,
,,,,,,
,,,,,,
,,,,,,
,,,,,,
,,,,,,
,,,,,,
,,,,,,
,,,,,,
,,,,,,
,,,,,,
,,,,,,
,,,,,,
,,,,,,
,,,,,,
,,,,,,
,,,,,,
,,,,,,
,,,,,,
,,,,,,
,,,,,,
,,,,,,
,,,,,,
,,,,,,
,,,,,,
,,,,,,
,,,,,,
,,,,,,
,,,,,,
,,,,,,
,,,,,,
,,,,,,
,,,,,,
,,,,,,
,,,,,,
,,,,,,
,,,,,,
,,,,,,
,,,,,,
,,,,,,
,,,,,,
,,,,,,
,,,,,,
,,,,,,
,,,,,,
,,,,,,
,,,,,,
,,,,,,
,,,,,,
,,,,,,
,,,,,,
,,,,,,
,,,,,,
,,,,,,
,,,,,,
,,,,,,
,,,,,,
,,,,,,
,,,,,,
,,,,,,
,,,,,,
,,,,,,
,,,,,,
,,,,,,
,,,,,,
,,,,,,
,,,,,,
,,,,,,
,,,,,,
,,,,,,
,,,,,,
,,,,,,
,,,,,,
,,,,,,
,,,,,,
,,,,,,
,,,,,,
,,,,,,
,,,,,,
,,,,,,
,,,,,,
,,,,,,
,,,,,,
,,,,,,
,,,,,,
,,,,,,
,,,,,,
,,,,,,
,,,,,,
,,,,,,
,,,,,,
,,,,,,
,,,,,,
,,,,,,
,,,,,,
,,,,,,
,,,,,,
,,,,,,
,,,,,,
,,,,,,
,,,,,,
,,,,,,
,,,,,,
,,,,,,
,,,,,,
,,,,,,
,,,,,,
,,,,,,
,,,,,,
,,,,,,
,,,,,,
,,,,,,
,,,,,,
,,,,,,
,,,,,,
,,,,,,
,,,,,,
,,,,,,
,,,,,,
,,,,,,
,,,,,,
,,,,,,
,,,,,,
,,,,,,
,,,,,,
,,,,,,
,,,,,,
,,,,,,
,,,,,,
,,,,,,
,,,,,,
,,,,,,
,,,,,,
,,,,,,
,,,,,,
,,,,,,
,,,,,,
,,,,,,
,,,,,,
,,,,,,
,,,,,,
,,,,,,
,,,,,,
,,,,,,
,,,,,,
,,,,,,
,,,,,,
,,,,,,
,,,,,,
,,,,,,
,,,,,,
,,,,,,
,,,,,,
,,,,,,
,,,,,,
,,,,,,
,,,,,,
,,,,,,
,,,,,,
,,,,,,
,,,,,,
,,,,,,
,,,,,,
,,,,,,
,,,,,,
,,,,,,
,,,,,,
,,,,,,
,,,,,,
,,,,,,
,,,,,,
,,,,,,
,,,,,,
,,,,,,
,,,,,,
,,,,,,
,,,,,,
,,,,,,
,,,,,,
,,,,,,
,,,,,,
,,,,,,
,,,,,,
,,,,,,
,,,,,,
,,,,,,
,,,,,,
,,,,,,
,,,,,,
,,,,,,
,,,,,,
,,,,,,
,,,,,,
,,,,,,
,,,,,,
,,,,,,
,,,,,,
,,,,,,
,,,,,,
,,,,,,
,,,,,,
,,,,,,
,,,,,,
,,,,,,
,,,,,,
,,,,,,
,,,,,,
,,,,,,
,,,,,,
,,,,,,
,,,,,,
,,,,,,
,,,,,,
,,,,,,
,,,,,,
,,,,,,
,,,,,,
,,,,,,
,,,,,,
,,,,,,
,,,,,,
,,,,,,
,,,,,,
,,,,,,
,,,,,,
,,,,,,
,,,,,,
,,,,,,
,,,,,,
,,,,,,
,,,,,,
,,,,,,
,,,,,,
,,,,,,
,,,,,,
,,,,,,
,,,,,,
,,,,,,
,,,,,,
,,,,,,
,,,,,,
,,,,,,
,,,,,,
,,,,,,
,,,,,,
,,,,,,
,,,,,,
,,,,,,
,,,,,,
,,,,,,
,,,,,,
,,,,,,
,,,,,,
,,,,,,
,,,,,,
,,,,,,
,,,,,,
,,,,,,
,,,,,,
,,,,,,
,,,,,,
,,,,,,
,,,,,,
,,,,,,
,,,,,,
,,,,,,
,,,,,,
,,,,,,
,,,,,,
,,,,,,
,,,,,,
,,,,,,
,,,,,,
,,,,,,
,,,,,,
,,,,,,
,,,,,,
,,,,,,
,,,,,,
,,,,,,
,,,,,,
,,,,,,
,,,,,,
,,,,,,
,,,,,,
,,,,,,
,,,,,,
,,,,,,
,,,,,,
,,,,,,
,,,,,,
,,,,,,
,,,,,,
,,,,,,
,,,,,,
,,,,,,
,,,,,,
,,,,,,
,,,,,,
,,,,,,
,,,,,,
,,,,,,
,,,,,,
,,,,,,
,,,,,,
,,,,,,
,,,,,,
,,,,,,
,,,,,,
,,,,,,
,,,,,,
,,,,,,
,,,,,,
,,,,,,
,,,,,,
,,,,,,
,,,,,,
,,,,,,
,,,,,,
,,,,,,
,,,,,,
,,,,,,
,,,,,,
,,,,,,
,,,,,,
,,,,,,
,,,,,,
,,,,,,
,,,,,,
,,,,,,
,,,,,,
,,,,,,
,,,,,,
,,,,,,
,,,,,,
,,,,,,
,,,,,,
,,,,,,
,,,,,,
,,,,,,
,,,,,,
,,,,,,
,,,,,,
,,,,,,
,,,,,,
,,,,,,
,,,,,,
,,,,,,
,,,,,,
,,,,,,
,,,,,,
,,,,,,
,,,,,,
,,,,,,
,,,,,,
,,,,,,
,,,,,,
,,,,,,
,,,,,,
,,,,,,
,,,,,,
,,,,,,
,,,,,,
,,,,,,
,,,,,,
,,,,,,
,,,,,,
,,,,,,
,,,,,,
,,,,,,
,,,,,,
,,,,,,
,,,,,,
,,,,,,
,,,,,,
,,,,,,
,,,,,,
,,,,,,
,,,,,,
,,,,,,
,,,,,,
,,,,,,
,,,,,,
,,,,,,
,,,,,,
,,,,,,
,,,,,,
,,,,,,
,,,,,,
,,,,,,
,,,,,,
,,,,,,
,,,,,,
,,,,,,
,,,,,,
,,,,,,
,,,,,,
,,,,,,
,,,,,,
,,,,,,
,,,,,,
,,,,,,
,,,,,,
,,,,,,
,,,,,,
,,,,,,
,,,,,,
,,,,,,
,,,,,,
,,,,,,
,,,,,,
,,,,,,
,,,,,,
,,,,,,
,,,,,,
,,,,,,
,,,,,,
,,,,,,
,,,,,,
,,,,,,
,,,,,,
,,,,,,
,,,,,,
,,,,,,
,,,,,,
,,,,,,
,,,,,,
,,,,,,
,,,,,,
,,,,,,
,,,,,,
,,,,,,
,,,,,,
,,,,,,
,,,,,,
,,,,,,
,,,,,,
,,,,,,
,,,,,,
,,,,,,
,,,,,,
,,,,,,
,,,,,,
,,,,,,
,,,,,,
,,,,,,
,,,,,,
,,,,,,
,,,,,,
,,,,,,
,,,,,,
,,,,,,
,,,,,,
,,,,,,
,,,,,,
,,,,,,
,,,,,,
,,,,,,
,,,,,,
,,,,,,
,,,,,,
,,,,,,
,,,,,,
,,,,,,
,,,,,,
,,,,,,
,,,,,,
,,,,,,
,,,,,,
,,,,,,
,,,,,,
,,,,,,
,,,,,,
,,,,,,
,,,,,,
,,,,,,
,,,,,,
,,,,,,
,,,,,,
,,,,,,
,,,,,,
,,,,,,
,,,,,,
,,,,,,
,,,,,,
,,,,,,
,,,,,,
,,,,,,
,,,,,,
,,,,,,
,,,,,,
,,,,,,
,,,,,,
,,,,,,
,,,,,,
,,,,,,
,,,,,,
,,,,,,
,,,,,,
,,,,,,
,,,,,,
,,,,,,
,,,,,,
,,,,,,
,,,,,,
,,,,,,
,,,,,,
,,,,,,
,,,,,,
,,,,,,
,,,,,,
,,,,,,
,,,,,,
,,,,,,
,,,,,,
,,,,,,
,,,,,,
,,,,,,
,,,,,,
,,,,,,
,,,,,,
,,,,,,
,,,,,,
,,,,,,
,,,,,,
,,,,,,
,,,,,,
,,,,,,
,,,,,,
,,,,,,
,,,,,,
,,,,,,
,,,,,,
,,,,,,
,,,,,,
,,,,,,
,,,,,,
,,,,,,
,,,,,,
,,,,,,
,,,,,,
,,,,,,
,,,,,,
,,,,,,
,,,,,,
,,,,,,
,,,,,,
,,,,,,
,,,,,,
,,,,,,
,,,,,,
,,,,,,
,,,,,,
,,,,,,
,,,,,,
,,,,,,
,,,,,,
,,,,,,
,,,,,,
,,,,,,
,,,,,,
,,,,,,
,,,,,,
,,,,,,
,,,,,,
,,,,,,
,,,,,,
,,,,,,
,,,,,,
,,,,,,
,,,,,,
,,,,,,
,,,,,,
,,,,,,
,,,,,,
,,,,,,
,,,,,,
,,,,,,
,,,,,,
,,,,,,
,,,,,,
,,,,,,
,,,,,,
,,,,,,
,,,,,,
,,,,,,
,,,,,,
,,,,,,
,,,,,,
,,,,,,
,,,,,,
,,,,,,
,,,,,,
,,,,,,
,,,,,,
,,,,,,
,,,,,,
,,,,,,
,,,,,,
,,,,,,
,,,,,,
,,,,,,
,,,,,,
,,,,,,
,,,,,,
,,,,,,
,,,,,,
,,,,,,
,,,,,,
,,,,,,
,,,,,,
,,,,,,
,,,,,,
,,,,,,
,,,,,,
,,,,,,
,,,,,,
,,,,,,
,,,,,,
,,,,,,
,,,,,,
,,,,,,
,,,,,,
,,,,,,
,,,,,,
,,,,,,
,,,,,,
,,,,,,
,,,,,,
,,,,,,
,,,,,,
,,,,,,
,,,,,,
,,,,,,
,,,,,,
,,,,,,
,,,,,,
,,,,,,
,,,,,,
,,,,,,
,,,,,,
,,,,,,
,,,,,,
,,,,,,
,,,,,,
,,,,,,
,,,,,,
,,,,,,
,,,,,,
,,,,,,
,,,,,,
,,,,,,
,,,,,,
,,,,,,
,,,,,,
,,,,,,
,,,,,,
,,,,,,
,,,,,,
,,,,,,
,,,,,,
,,,,,,
,,,,,,
,,,,,,
,,,,,,
,,,,,,
,,,,,,
,,,,,,
,,,,,,
,,,,,,
,,,,,,
,,,,,,
,,,,,,
,,,,,,
,,,,,,
,,,,,,
,,,,,,
,,,,,,
,,,,,,
,,,,,,
,,,,,,
,,,,,,
,,,,,,
,,,,,,
,,,,,,
,,,,,,
,,,,,,
,,,,,,
,,,,,,
,,,,,,
,,,,,,
,,,,,,
,,,,,,
,,,,,,
,,,,,,
,,,,,,
,,,,,,
,,,,,,
,,,,,,
,,,,,,
,,,,,,
,,,,,,
,,,,,,
,,,,,,
,,,,,,
,,,,,,
,,,,,,
,,,,,,
,,,,,,
,,,,,,
,,,,,,
,,,,,,
,,,,,,
,,,,,,
,,,,,,
,,,,,,
,,,,,,
,,,,,,
,,,,,,
,,,,,,
,,,,,,
,,,,,,
,,,,,,
,,,,,,
,,,,,,
,,,,,,
,,,,,,
,,,,,,
,,,,,,
,,,,,,
,,,,,,
,,,,,,
,,,,,,
,,,,,,
,,,,,,
,,,,,,
,,,,,,
,,,,,,
,,,,,,
,,,,,,
,,,,,,
,,,,,,
,,,,,,
,,,,,,
,,,,,,
,,,,,,
,,,,,,
,,,,,,
,,,,,,
,,,,,,
,,,,,,
,,,,,,
,,,,,,
,,,,,,
,,,,,,
,,,,,,
,,,,,,
,,,,,,
,,,,,,
,,,,,,
,,,,,,
,,,,,,
,,,,,,
,,,,,,
,,,,,,
,,,,,,
,,,,,,
,,,,,,
,,,,,,
,,,,,,
,,,,,,
,,,,,,
,,,,,,
,,,,,,
,,,,,,
,,,,,,
,,,,,,
,,,,,,
,,,,,,
,,,,,,
,,,,,,
,,,,,,
,,,,,,
,,,,,,
,,,,,,
,,,,,,
,,,,,,
,,,,,,
,,,,,,
,,,,,,
,,,,,,
,,,,,,
,,,,,,
,,,,,,
,,,,,,
,,,,,,
,,,,,,
,,,,,,
,,,,,,
,,,,,,
,,,,,,
,,,,,,
,,,,,,
,,,,,,
,,,,,,
,,,,,,
,,,,,,
,,,,,,
,,,,,,
,,,,,,
,,,,,,
,,,,,,
,,,,,,
,,,,,,
,,,,,,
,,,,,,
,,,,,,
,,,,,,
,,,,,,
,,,,,,
,,,,,,
,,,,,,
,,,,,,
,,,,,,
,,,,,,
,,,,,,
,,,,,,
,,,,,,
,,,,,,
,,,,,,
,,,,,,
,,,,,,
,,,,,,
,,,,,,
,,,,,,
,,,,,,
,,,,,,
,,,,,,
,,,,,,
,,,,,,
,,,,,,
,,,,,,
,,,,,,
,,,,,,
,,,,,,
,,,,,,
,,,,,,
,,,,,,
,,,,,,
,,,,,,
,,,,,,
,,,,,,
,,,,,,
,,,,,,
,,,,,,
,,,,,,
,,,,,,
,,,,,,
,,,,,,
,,,,,,
,,,,,,
,,,,,,
,,,,,,
,,,,,,
,,,,,,
,,,,,,
,,,,,,
,,,,,,
,,,,,,
,,,,,,
,,,,,,
,,,,,,
,,,,,,
,,,,,,
,,,,,,
,,,,,,
,,,,,,
,,,,,,
,,,,,,
,,,,,,
,,,,,,
,,,,,,
,,,,,,
,,,,,,
,,,,,,
,,,,,,
,,,,,,
,,,,,,
,,,,,,
,,,,,,
,,,,,,
,,,,,,
,,,,,,
,,,,,,
,,,,,,
,,,,,,
,,,,,,
,,,,,,
,,,,,,
,,,,,,
,,,,,,
,,,,,,
,,,,,,
,,,,,,
,,,,,,
,,,,,,
,,,,,,
,,,,,,
,,,,,,
,,,,,,
,,,,,,
,,,,,,
,,,,,,
,,,,,,
,,,,,,
,,,,,,
,,,,,,
,,,,,,
,,,,,,
,,,,,,
,,,,,,
,,,,,,
,,,,,,
,,,,,,
,,,,,,
,,,,,,
,,,,,,
,,,,,,
,,,,,,
,,,,,,
,,,,,,
,,,,,,
,,,,,,
,,,,,,
,,,,,,
,,,,,,
,,,,,,
,,,,,,
,,,,,,
,,,,,,
,,,,,,
,,,,,,
,,,,,,
,,,,,,
,,,,,,
,,,,,,
,,,,,,
,,,,,,
,,,,,,
,,,,,,
,,,,,,
,,,,,,
,,,,,,
,,,,,,
,,,,,,
,,,,,,
,,,,,,
,,,,,,
,,,,,,
,,,,,,
,,,,,,
,,,,,,
,,,,,,
,,,,,,
,,,,,,
,,,,,,
,,,,,,
,,,,,,
,,,,,,
,,,,,,
,,,,,,
,,,,,,
,,,,,,
,,,,,,
,,,,,,
,,,,,,
,,,,,,
,,,,,,
,,,,,,
,,,,,,
,,,,,,
,,,,,,
,,,,,,
,,,,,,
,,,,,,
,,,,,,
,,,,,,
,,,,,,
,,,,,,
,,,,,,
,,,,,,
,,,,,,
,,,,,,
,,,,,,
,,,,,,
,,,,,,
,,,,,,
,,,,,,
,,,,,,
,,,,,,
,,,,,,
,,,,,,
,,,,,,
,,,,,,
,,,,,,
,,,,,,
,,,,,,
,,,,,,
,,,,,,
,,,,,,
,,,,,,
,,,,,,
,,,,,,
,,,,,,
,,,,,,
,,,,,,
,,,,,,
,,,,,,
,,,,,,
,,,,,,
,,,,,,
,,,,,,
,,,,,,
,,,,,,
,,,,,,
,,,,,,
,,,,,,
,,,,,,
,,,,,,
,,,,,,
,,,,,,
,,,,,,
,,,,,,
,,,,,,
,,,,,,
,,,,,,
,,,,,,
,,,,,,
,,,,,,
,,,,,,
,,,,,,
,,,,,,
,,,,,,
,,,,,,
,,,,,,
,,,,,,
,,,,,,
,,,,,,
,,,,,,
,,,,,,
,,,,,,
,,,,,,
,,,,,,
,,,,,,
,,,,,,
,,,,,,
,,,,,,
,,,,,,
,,,,,,
,,,,,,
,,,,,,
,,,,,,
,,,,,,
,,,,,,
,,,,,,
,,,,,,
,,,,,,
,,,,,,
,,,,,,
,,,,,,
,,,,,,
,,,,,,
,,,,,,
,,,,,,
,,,,,,
,,,,,,
,,,,,,
,,,,,,
,,,,,,
,,,,,,
,,,,,,
,,,,,,
,,,,,,
,,,,,,
,,,,,,
,,,,,,
,,,,,,
,,,,,,
,,,,,,
,,,,,,
,,,,,,
,,,,,,
,,,,,,
,,,,,,
,,,,,,
,,,,,,
,,,,,,
,,,,,,
,,,,,,
,,,,,,
,,,,,,
,,,,,,
,,,,,,
,,,,,,
,,,,,,
,,,,,,
,,,,,,
,,,,,,
,,,,,,
,,,,,,
,,,,,,
,,,,,,
,,,,,,
,,,,,,
,,,,,,
,,,,,,
,,,,,,
,,,,,,
,,,,,,
,,,,,,
,,,,,,
,,,,,,
,,,,,,
,,,,,,
,,,,,,
,,,,,,
,,,,,,
,,,,,,
,,,,,,
,,,,,,
,,,,,,
,,,,,,
,,,,,,
,,,,,,
,,,,,,
,,,,,,
,,,,,,
,,,,,,
,,,,,,
,,,,,,
,,,,,,
,,,,,,
,,,,,,
,,,,,,
,,,,,,
,,,,,,
,,,,,,
,,,,,,
,,,,,,
,,,,,,
,,,,,,
,,,,,,
,,,,,,
,,,,,,
,,,,,,
,,,,,,
,,,,,,
,,,,,,
,,,,,,
,,,,,,
,,,,,,
,,,,,,
,,,,,,
,,,,,,
,,,,,,
,,,,,,
,,,,,,
,,,,,,
,,,,,,
,,,,,,
,,,,,,
,,,,,,
,,,,,,
,,,,,,
,,,,,,
,,,,,,
,,,,,,
,,,,,,
,,,,,,
,,,,,,
,,,,,,
,,,,,,
,,,,,,
,,,,,,
,,,,,,
,,,,,,
,,,,,,
,,,,,,
,,,,,,
,,,,,,
,,,,,,
,,,,,,
,,,,,,
,,,,,,
,,,,,,
,,,,,,
,,,,,,
,,,,,,
,,,,,,
,,,,,,
,,,,,,
,,,,,,
,,,,,,
,,,,,,
,,,,,,
,,,,,,
,,,,,,
,,,,,,
,,,,,,
,,,,,,
,,,,,,
,,,,,,
,,,,,,
,,,,,,
,,,,,,
,,,,,,
,,,,,,
,,,,,,
,,,,,,
,,,,,,
,,,,,,
,,,,,,
,,,,,,
,,,,,,
,,,,,,
,,,,,,
,,,,,,
,,,,,,
,,,,,,
,,,,,,
,,,,,,
,,,,,,
,,,,,,
,,,,,,
,,,,,,
,,,,,,
,,,,,,
,,,,,,
,,,,,,
,,,,,,
,,,,,,
,,,,,,
,,,,,,
,,,,,,
,,,,,,
,,,,,,
,,,,,,
,,,,,,
,,,,,,
,,,,,,
,,,,,,
,,,,,,
,,,,,,
,,,,,,
,,,,,,
,,,,,,
,,,,,,
,,,,,,
,,,,,,
,,,,,,
,,,,,,
,,,,,,
,,,,,,
,,,,,,
,,,,,,
,,,,,,
,,,,,,
,,,,,,
,,,,,,
,,,,,,
,,,,,,
,,,,,,
,,,,,,
,,,,,,
,,,,,,
,,,,,,
,,,,,,
,,,,,,
,,,,,,
,,,,,,
,,,,,,
,,,,,,
,,,,,,
,,,,,,
,,,,,,
,,,,,,
,,,,,,
,,,,,,
,,,,,,
,,,,,,
,,,,,,
,,,,,,
,,,,,,
,,,,,,
,,,,,,
,,,,,,
,,,,,,
,,,,,,
,,,,,,
,,,,,,
,,,,,,
,,,,,,
,,,,,,
,,,,,,
,,,,,,
,,,,,,
,,,,,,
,,,,,,
,,,,,,
,,,,,,
,,,,,,
,,,,,,
,,,,,,
,,,,,,
,,,,,,
,,,,,,
,,,,,,
,,,,,,
,,,,,,
,,,,,,
,,,,,,
,,,,,,
,,,,,,
,,,,,,
,,,,,,
,,,,,,
,,,,,,
,,,,,,
,,,,,,
,,,,,,
,,,,,,
,,,,,,
,,,,,,
,,,,,,
,,,,,,
,,,,,,
,,,,,,
,,,,,,
,,,,,,
,,,,,,
,,,,,,
,,,,,,
,,,,,,
,,,,,,
,,,,,,
,,,,,,
,,,,,,
,,,,,,
,,,,,,
,,,,,,
,,,,,,
,,,,,,
,,,,,,
,,,,,,
,,,,,,
,,,,,,
,,,,,,
,,,,,,
,,,,,,
,,,,,,
,,,,,,
,,,,,,
,,,,,,
,,,,,,
,,,,,,
,,,,,,
,,,,,,
,,,,,,
,,,,,,
,,,,,,
,,,,,,
,,,,,,
,,,,,,
,,,,,,
,,,,,,
,,,,,,
,,,,,,
,,,,,,
,,,,,,
,,,,,,
,,,,,,
,,,,,,
,,,,,,
,,,,,,
,,,,,,
,,,,,,
,,,,,,
,,,,,,
,,,,,,
,,,,,,
,,,,,,
,,,,,,
,,,,,,
,,,,,,
,,,,,,
,,,,,,
,,,,,,
,,,,,,
,,,,,,
,,,,,,
,,,,,,
,,,,,,
,,,,,,
,,,,,,
,,,,,,
,,,,,,
,,,,,,
,,,,,,
,,,,,,
,,,,,,
,,,,,,
,,,,,,
,,,,,,
,,,,,,
,,,,,,
,,,,,,
,,,,,,
,,,,,,
,,,,,,
,,,,,,
,,,,,,
,,,,,,
,,,,,,
,,,,,,
,,,,,,
,,,,,,
,,,,,,
,,,,,,
,,,,,,
,,,,,,
,,,,,,
,,,,,,
,,,,,,
,,,,,,
,,,,,,
,,,,,,
,,,,,,
,,,,,,
,,,,,,
,,,,,,
,,,,,,
,,,,,,
,,,,,,
,,,,,,
,,,,,,
,,,,,,
,,,,,,
,,,,,,
,,,,,,
,,,,,,
,,,,,,
,,,,,,
,,,,,,
,,,,,,
,,,,,,
,,,,,,
,,,,,,
,,,,,,
,,,,,,
,,,,,,
,,,,,,
,,,,,,
,,,,,,
,,,,,,
,,,,,,
,,,,,,
,,,,,,
,,,,,,
,,,,,,
,,,,,,
,,,,,,
,,,,,,
,,,,,,
,,,,,,
,,,,,,
,,,,,,
,,,,,,
,,,,,,
,,,,,,
,,,,,,
,,,,,,
,,,,,,
,,,,,,
,,,,,,
,,,,,,
,,,,,,
,,,,,,
,,,,,,
,,,,,,
,,,,,,
,,,,,,
,,,,,,
,,,,,,
,,,,,,
,,,,,,
,,,,,,
,,,,,,
,,,,,,
,,,,,,
,,,,,,
,,,,,,
,,,,,,
,,,,,,
,,,,,,
,,,,,,
,,,,,,
,,,,,,
,,,,,,
,,,,,,
,,,,,,
,,,,,,
,,,,,,
,,,,,,
,,,,,,
,,,,,,
,,,,,,
,,,,,,
,,,,,,
,,,,,,
,,,,,,
,,,,,,
,,,,,,
,,,,,,
,,,,,,
,,,,,,
,,,,,,
,,,,,,
,,,,,,
,,,,,,
,,,,,,
,,,,,,
,,,,,,
,,,,,,
,,,,,,
,,,,,,
,,,,,,
,,,,,,
,,,,,,
,,,,,,
,,,,,,
,,,,,,
,,,,,,
,,,,,,
,,,,,,
,,,,,,
,,,,,,
,,,,,,
,,,,,,
,,,,,,
,,,,,,
,,,,,,
,,,,,,
,,,,,,
,,,,,,
,,,,,,
,,,,,,
,,,,,,
,,,,,,
,,,,,,
,,,,,,
,,,,,,
,,,,,,
,,,,,,
,,,,,,
,,,,,,
,,,,,,
,,,,,,
,,,,,,
,,,,,,
,,,,,,
,,,,,,
,,,,,,
,,,,,,
,,,,,,
,,,,,,
,,,,,,
,,,,,,
,,,,,,
,,,,,,
,,,,,,
,,,,,,
,,,,,,
,,,,,,
,,,,,,
,,,,,,
,,,,,,
,,,,,,
,,,,,,
,,,,,,
,,,,,,
,,,,,,
,,,,,,
,,,,,,
,,,,,,
,,,,,,
,,,,,,
,,,,,,
,,,,,,
,,,,,,
,,,,,,
,,,,,,
,,,,,,
,,,,,,
,,,,,,
,,,,,,
,,,,,,
,,,,,,
,,,,,,
,,,,,,
,,,,,,
,,,,,,
,,,,,,
,,,,,,
,,,,,,
,,,,,,
,,,,,,
,,,,,,
,,,,,,
,,,,,,
,,,,,,
,,,,,,
,,,,,,
,,,,,,
,,,,,,
,,,,,,
,,,,,,
,,,,,,
,,,,,,
,,,,,,
,,,,,,
,,,,,,
,,,,,,
,,,,,,
,,,,,,
,,,,,,
,,,,,,
,,,,,,
,,,,,,
,,,,,,
,,,,,,
,,,,,,
,,,,,,
,,,,,,
,,,,,,
,,,,,,
,,,,,,
,,,,,,
,,,,,,
,,,,,,
,,,,,,
,,,,,,
,,,,,,
,,,,,,
,,,,,,
,,,,,,
,,,,,,
,,,,,,
,,,,,,
,,,,,,
,,,,,,
,,,,,,
,,,,,,
,,,,,,
,,,,,,
,,,,,,
,,,,,,
,,,,,,
,,,,,,
,,,,,,
,,,,,,
,,,,,,
,,,,,,
,,,,,,
,,,,,,
,,,,,,
,,,,,,
,,,,,,
,,,,,,
,,,,,,
,,,,,,
,,,,,,
,,,,,,
,,,,,,
,,,,,,
,,,,,,
,,,,,,
,,,,,,
,,,,,,
,,,,,,
,,,,,,
,,,,,,
,,,,,,
,,,,,,
,,,,,,
,,,,,,
,,,,,,
,,,,,,
,,,,,,
,,,,,,
,,,,,,
,,,,,,
,,,,,,
,,,,,,
,,,,,,
,,,,,,
,,,,,,
,,,,,,
,,,,,,
,,,,,,
,,,,,,
,,,,,,
,,,,,,
,,,,,,
,,,,,,
,,,,,,
,,,,,,
,,,,,,
,,,,,,
,,,,,,
,,,,,,
,,,,,,
,,,,,,
,,,,,,
,,,,,,
,,,,,,
,,,,,,
,,,,,,
,,,,,,
,,,,,,
,,,,,,
,,,,,,
,,,,,,
,,,,,,
,,,,,,
,,,,,,
,,,,,,
,,,,,,
,,,,,,
,,,,,,
,,,,,,
,,,,,,
,,,,,,
,,,,,,
,,,,,,
,,,,,,
,,,,,,
,,,,,,
,,,,,,
,,,,,,
,,,,,,
,,,,,,
,,,,,,
,,,,,,
,,,,,,
,,,,,,
,,,,,,
,,,,,,
,,,,,,
,,,,,,
,,,,,,
,,,,,,
,,,,,,
,,,,,,
,,,,,,
,,,,,,
,,,,,,
,,,,,,
,,,,,,
,,,,,,
,,,,,,
,,,,,,
,,,,,,
,,,,,,
,,,,,,
,,,,,,
,,,,,,
,,,,,,
,,,,,,
,,,,,,
,,,,,,
,,,,,,
,,,,,,
,,,,,,
,,,,,,
,,,,,,
,,,,,,
,,,,,,
,,,,,,
,,,,,,
,,,,,,
,,,,,,
,,,,,,
,,,,,,
,,,,,,
,,,,,,
,,,,,,
,,,,,,
,,,,,,
,,,,,,
,,,,,,
,,,,,,
,,,,,,
,,,,,,
,,,,,,
,,,,,,
,,,,,,
,,,,,,
,,,,,,
,,,,,,
,,,,,,
,,,,,,
,,,,,,
,,,,,,
,,,,,,
,,,,,,
,,,,,,
,,,,,,
,,,,,,
,,,,,,
,,,,,,
,,,,,,
,,,,,,
,,,,,,
,,,,,,
,,,,,,
,,,,,,
,,,,,,
,,,,,,
,,,,,,
,,,,,,
,,,,,,
,,,,,,
,,,,,,
,,,,,,
,,,,,,
,,,,,,
,,,,,,
,,,,,,
,,,,,,
,,,,,,
,,,,,,
,,,,,,
,,,,,,
,,,,,,
,,,,,,
,,,,,,
,,,,,,
,,,,,,
,,,,,,
,,,,,,
,,,,,,
,,,,,,
,,,,,,
,,,,,,
,,,,,,
,,,,,,
,,,,,,
,,,,,,
,,,,,,
,,,,,,
,,,,,,
,,,,,,
,,,,,,
,,,,,,
,,,,,,
,,,,,,
,,,,,,
,,,,,,
,,,,,,
,,,,,,
,,,,,,
,,,,,,
,,,,,,
,,,,,,
,,,,,,
,,,,,,
,,,,,,
,,,,,,
,,,,,,
,,,,,,
,,,,,,
,,,,,,
,,,,,,
,,,,,,
,,,,,,
,,,,,,
,,,,,,
,,,,,,
,,,,,,
,,,,,,
,,,,,,
,,,,,,
,,,,,,
,,,,,,
,,,,,,
,,,,,,
,,,,,,
,,,,,,
,,,,,,
,,,,,,
,,,,,,
,,,,,,
,,,,,,
,,,,,,
,,,,,,
,,,,,,
,,,,,,
,,,,,,
,,,,,,
,,,,,,
,,,,,,
,,,,,,
,,,,,,
,,,,,,
,,,,,,
,,,,,,
,,,,,,
,,,,,,
,,,,,,
,,,,,,
,,,,,,
,,,,,,
,,,,,,
,,,,,,
,,,,,,
,,,,,,
,,,,,,
,,,,,,
,,,,,,
,,,,,,
,,,,,,
,,,,,,
,,,,,,
,,,,,,
,,,,,,
,,,,,,
,,,,,,
,,,,,,
,,,,,,
,,,,,,
,,,,,,
,,,,,,
,,,,,,
,,,,,,
,,,,,,
,,,,,,
,,,,,,
,,,,,,
,,,,,,
,,,,,,
,,,,,,
,,,,,,
,,,,,,
,,,,,,
,,,,,,
,,,,,,
,,,,,,
,,,,,,
,,,,,,
,,,,,,
,,,,,,
,,,,,,
,,,,,,
,,,,,,
,,,,,,
,,,,,,
,,,,,,
,,,,,,
,,,,,,
,,,,,,
,,,,,,
,,,,,,
,,,,,,
,,,,,,
,,,,,,
,,,,,,
,,,,,,
,,,,,,
,,,,,,
,,,,,,
,,,,,,
,,,,,,
,,,,,,
,,,,,,
,,,,,,
,,,,,,
,,,,,,
,,,,,,
,,,,,,
,,,,,,
,,,,,,
,,,,,,
,,,,,,
,,,,,,
,,,,,,
,,,,,,
,,,,,,
,,,,,,
,,,,,,
,,,,,,
,,,,,,
,,,,,,
,,,,,,
,,,,,,
,,,,,,
,,,,,,
,,,,,,
,,,,,,
,,,,,,
,,,,,,
,,,,,,
,,,,,,
,,,,,,
,,,,,,
,,,,,,
,,,,,,
,,,,,,
,,,,,,
,,,,,,
,,,,,,
,,,,,,
,,,,,,
,,,,,,
,,,,,,
,,,,,,
,,,,,,
,,,,,,
,,,,,,
,,,,,,
,,,,,,
,,,,,,
,,,,,,
,,,,,,
,,,,,,
,,,,,,
,,,,,,
,,,,,,
,,,,,,
,,,,,,
,,,,,,
,,,,,,
,,,,,,
,,,,,,
,,,,,,
,,,,,,
,,,,,,
,,,,,,
,,,,,,
,,,,,,
,,,,,,
,,,,,,
,,,,,,
,,,,,,
,,,,,,
,,,,,,
,,,,,,
,,,,,,
,,,,,,
,,,,,,
,,,,,,
,,,,,,
,,,,,,
,,,,,,
,,,,,,
,,,,,,
,,,,,,
,,,,,,
,,,,,,
,,,,,,
,,,,,,
,,,,,,
,,,,,,
,,,,,,
,,,,,,
,,,,,,
,,,,,,
,,,,,,
,,,,,,
,,,,,,
,,,,,,
,,,,,,
,,,,,,
,,,,,,
,,,,,,
,,,,,,
,,,,,,
,,,,,,
,,,,,,
,,,,,,
,,,,,,
,,,,,,
,,,,,,
,,,,,,
,,,,,,
,,,,,,
,,,,,,
,,,,,,
,,,,,,
,,,,,,
,,,,,,
,,,,,,
,,,,,,
,,,,,,
,,,,,,
,,,,,,
,,,,,,
,,,,,,
,,,,,,
,,,,,,
,,,,,,
,,,,,,
,,,,,,
,,,,,,
,,,,,,
,,,,,,
,,,,,,
,,,,,,
,,,,,,
,,,,,,
,,,,,,
,,,,,,
,,,,,,
,,,,,,
,,,,,,
,,,,,,
,,,,,,
,,,,,,
,,,,,,
,,,,,,
,,,,,,
,,,,,,
,,,,,,
,,,,,,
,,,,,,
,,,,,,
,,,,,,
,,,,,,
,,,,,,
,,,,,,
,,,,,,
,,,,,,
,,,,,,
,,,,,,
,,,,,,
,,,,,,
,,,,,,
,,,,,,
,,,,,,
,,,,,,
,,,,,,
,,,,,,
,,,,,,
,,,,,,
,,,,,,
,,,,,,
,,,,,,
,,,,,,
,,,,,,
,,,,,,
,,,,,,
,,,,,,
,,,,,,
,,,,,,
,,,,,,
,,,,,,
,,,,,,
,,,,,,
,,,,,,
,,,,,,
,,,,,,
,,,,,,
,,,,,,
,,,,,,
,,,,,,
,,,,,,
,,,,,,
,,,,,,
,,,,,,
,,,,,,
,,,,,,
,,,,,,
,,,,,,
,,,,,,
,,,,,,
,,,,,,
,,,,,,
,,,,,,
,,,,,,
,,,,,,
,,,,,,
,,,,,,
,,,,,,
,,,,,,
,,,,,,
,,,,,,
,,,,,,
,,,,,,
,,,,,,
,,,,,,
,,,,,,
,,,,,,
,,,,,,
,,,,,,
,,,,,,
,,,,,,
,,,,,,
,,,,,,
,,,,,,
,,,,,,
,,,,,,
,,,,,,
,,,,,,
,,,,,,
,,,,,,
,,,,,,
,,,,,,
,,,,,,
,,,,,,
,,,,,,
,,,,,,
,,,,,,
,,,,,,
,,,,,,
,,,,,,
,,,,,,
,,,,,,
,,,,,,
,,,,,,
,,,,,,
,,,,,,
,,,,,,
,,,,,,
,,,,,,
,,,,,,
,,,,,,
,,,,,,
,,,,,,
,,,,,,
,,,,,,
,,,,,,
,,,,,,
,,,,,,
,,,,,,
,,,,,,
,,,,,,
,,,,,,
,,,,,,
,,,,,,
,,,,,,
,,,,,,
,,,,,,
,,,,,,
,,,,,,
,,,,,,
,,,,,,
,,,,,,
,,,,,,
,,,,,,
,,,,,,
,,,,,,
,,,,,,
,,,,,,
,,,,,,
,,,,,,
,,,,,,
,,,,,,
,,,,,,
,,,,,,
,,,,,,
,,,,,,
,,,,,,
,,,,,,
,,,,,,
,,,,,,
,,,,,,
,,,,,,
,,,,,,
,,,,,,
,,,,,,
,,,,,,
,,,,,,
,,,,,,
,,,,,,
,,,,,,
,,,,,,
,,,,,,
,,,,,,
,,,,,,
,,,,,,
,,,,,,
,,,,,,
,,,,,,
,,,,,,
,,,,,,
,,,,,,
,,,,,,
,,,,,,
,,,,,,
,,,,,,
,,,,,,
,,,,,,
,,,,,,
,,,,,,
,,,,,,
,,,,,,
,,,,,,
,,,,,,
,,,,,,
,,,,,,
,,,,,,
,,,,,,
,,,,,,
,,,,,,
,,,,,,
,,,,,,
,,,,,,
,,,,,,
,,,,,,
,,,,,,
,,,,,,
,,,,,,
,,,,,,
,,,,,,
,,,,,,
,,,,,,
,,,,,,
,,,,,,
,,,,,,
,,,,,,
,,,,,,
,,,,,,
,,,,,,
,,,,,,
,,,,,,
,,,,,,
,,,,,,
,,,,,,
,,,,,,
,,,,,,
,,,,,,
,,,,,,
,,,,,,
,,,,,,
,,,,,,
,,,,,,
,,,,,,
,,,,,,
,,,,,,
,,,,,,
,,,,,,
,,,,,,
,,,,,,
,,,,,,
,,,,,,
,,,,,,
,,,,,,
,,,,,,
,,,,,,
,,,,,,
,,,,,,
,,,,,,
,,,,,,
,,,,,,
,,,,,,
,,,,,,
,,,,,,
,,,,,,
,,,,,,
,,,,,,
,,,,,,
,,,,,,
,,,,,,
,,,,,,
,,,,,,
,,,,,,
,,,,,,
,,,,,,
,,,,,,
,,,,,,
,,,,,,
,,,,,,
,,,,,,
,,,,,,
,,,,,,
,,,,,,
,,,,,,
,,,,,,
,,,,,,
,,,,,,
,,,,,,
,,,,,,
,,,,,,
,,,,,,
,,,,,,
,,,,,,
,,,,,,
,,,,,,
,,,,,,
,,,,,,
,,,,,,
,,,,,,
,,,,,,
,,,,,,
,,,,,,
,,,,,,
,,,,,,
,,,,,,
,,,,,,
,,,,,,
,,,,,,
,,,,,,
,,,,,,
,,,,,,
,,,,,,
,,,,,,
,,,,,,
,,,,,,
,,,,,,
,,,,,,
,,,,,,
,,,,,,
,,,,,,
,,,,,,
,,,,,,
,,,,,,
,,,,,,
,,,,,,
,,,,,,
,,,,,,
,,,,,,
,,,,,,
,,,,,,
,,,,,,
,,,,,,
,,,,,,
,,,,,,
,,,,,,
,,,,,,
,,,,,,
,,,,,,
,,,,,,
,,,,,,
,,,,,,
,,,,,,
,,,,,,
,,,,,,
,,,,,,
,,,,,,
,,,,,,
,,,,,,
,,,,,,
,,,,,,
,,,,,,
,,,,,,
,,,,,,
,,,,,,
,,,,,,
,,,,,,
,,,,,,
,,,,,,
,,,,,,
,,,,,,
,,,,,,
,,,,,,
,,,,,,
,,,,,,
,,,,,,
,,,,,,
,,,,,,
,,,,,,
,,,,,,
,,,,,,
,,,,,,
,,,,,,
,,,,,,
,,,,,,
,,,,,,
,,,,,,
,,,,,,
,,,,,,
,,,,,,
,,,,,,
,,,,,,
,,,,,,
,,,,,,
,,,,,,
,,,,,,
,,,,,,
,,,,,,
,,,,,,
,,,,,,
,,,,,,
,,,,,,
,,,,,,
,,,,,,
,,,,,,
,,,,,,
,,,,,,
,,,,,,
,,,,,,
,,,,,,
,,,,,,
,,,,,,
,,,,,,
,,,,,,
,,,,,,
,,,,,,
,,,,,,
,,,,,,
,,,,,,
,,,,,,
,,,,,,
,,,,,,
,,,,,,
,,,,,,
,,,,,,
,,,,,,
,,,,,,
,,,,,,
,,,,,,
,,,,,,
,,,,,,
,,,,,,
,,,,,,
,,,,,,
,,,,,,
,,,,,,
,,,,,,
,,,,,,
,,,,,,
,,,,,,
,,,,,,
,,,,,,
,,,,,,
,,,,,,
,,,,,,
,,,,,,
,,,,,,
,,,,,,
,,,,,,
,,,,,,
,,,,,,
,,,,,,
,,,,,,
,,,,,,
,,,,,,
,,,,,,
,,,,,,
,,,,,,
,,,,,,
,,,,,,
,,,,,,
,,,,,,
,,,,,,
,,,,,,
,,,,,,
,,,,,,
,,,,,,
,,,,,,
,,,,,,
,,,,,,
,,,,,,
,,,,,,
,,,,,,
,,,,,,
,,,,,,
,,,,,,
,,,,,,
,,,,,,
,,,,,,
,,,,,,
,,,,,,
,,,,,,
,,,,,,
,,,,,,
,,,,,,
,,,,,,
,,,,,,
,,,,,,
,,,,,,
,,,,,,
,,,,,,
,,,,,,
,,,,,,
,,,,,,
,,,,,,
,,,,,,
,,,,,,
,,,,,,
,,,,,,
,,,,,,
,,,,,,
,,,,,,
,,,,,,
,,,,,,
,,,,,,
,,,,,,
,,,,,,
,,,,,,
,,,,,,
,,,,,,
,,,,,,
,,,,,,
,,,,,,
,,,,,,
,,,,,,
,,,,,,
,,,,,,
,,,,,,
,,,,,,
,,,,,,
,,,,,,
,,,,,,
,,,,,,
,,,,,,
,,,,,,
,,,,,,
,,,,,,
,,,,,,
,,,,,,
,,,,,,
,,,,,,
,,,,,,
,,,,,,
,,,,,,
,,,,,,
,,,,,,
,,,,,,
,,,,,,
,,,,,,
,,,,,,
,,,,,,
,,,,,,
,,,,,,
,,,,,,
,,,,,,
,,,,,,
,,,,,,
,,,,,,
,,,,,,
,,,,,,
,,,,,,
,,,,,,
,,,,,,
,,,,,,
,,,,,,
,,,,,,
,,,,,,
,,,,,,
,,,,,,
,,,,,,
,,,,,,
,,,,,,
,,,,,,
,,,,,,
,,,,,,
,,,,,,
,,,,,,
,,,,,,
,,,,,,
,,,,,,
,,,,,,
,,,,,,
,,,,,,
,,,,,,
,,,,,,
,,,,,,
,,,,,,
,,,,,,
,,,,,,
,,,,,,
,,,,,,
,,,,,,
,,,,,,
,,,,,,
,,,,,,
,,,,,,
,,,,,,
,,,,,,
,,,,,,
,,,,,,
,,,,,,
,,,,,,
,,,,,,
,,,,,,
,,,,,,
,,,,,,
,,,,,,
,,,,,,
,,,,,,
,,,,,,
,,,,,,
,,,,,,
,,,,,,
,,,,,,
,,,,,,
,,,,,,
,,,,,,
,,,,,,
,,,,,,
,,,,,,
,,,,,,
,,,,,,
,,,,,,
,,,,,,
,,,,,,
,,,,,,
,,,,,,
,,,,,,
,,,,,,
,,,,,,
,,,,,,
,,,,,,
,,,,,,
,,,,,,
,,,,,,
,,,,,,
,,,,,,
,,,,,,
,,,,,,
,,,,,,
,,,,,,
,,,,,,
,,,,,,
,,,,,,
,,,,,,
,,,,,,
,,,,,,
,,,,,,
,,,,,,
,,,,,,
,,,,,,
,,,,,,
,,,,,,
,,,,,,
,,,,,,
,,,,,,
,,,,,,
,,,,,,
,,,,,,
,,,,,,
,,,,,,
,,,,,,
,,,,,,
,,,,,,
,,,,,,
,,,,,,
,,,,,,
,,,,,,
,,,,,,
,,,,,,
,,,,,,
,,,,,,
,,,,,,
,,,,,,
,,,,,,
,,,,,,
,,,,,,
,,,,,,
,,,,,,
,,,,,,
,,,,,,
,,,,,,
,,,,,,
,,,,,,
,,,,,,
,,,,,,
,,,,,,
,,,,,,
,,,,,,
,,,,,,
,,,,,,
,,,,,,
,,,,,,
,,,,,,
,,,,,,
,,,,,,
,,,,,,
,,,,,,
,,,,,,
,,,,,,
,,,,,,
,,,,,,
,,,,,,
,,,,,,
,,,,,,
,,,,,,
,,,,,,
,,,,,,
,,,,,,
,,,,,,
,,,,,,
,,,,,,
,,,,,,
,,,,,,
,,,,,,
,,,,,,
,,,,,,
,,,,,,
,,,,,,
,,,,,,
,,,,,,
,,,,,,
,,,,,,
,,,,,,
,,,,,,
,,,,,,
,,,,,,
,,,,,,
,,,,,,
,,,,,,
,,,,,,
,,,,,,
,,,,,,
,,,,,,
,,,,,,
,,,,,,
,,,,,,
,,,,,,
,,,,,,
,,,,,,
,,,,,,
,,,,,,
,,,,,,
,,,,,,
,,,,,,
,,,,,,
,,,,,,
,,,,,,
,,,,,,
,,,,,,
,,,,,,
,,,,,,
,,,,,,
,,,,,,
,,,,,,
,,,,,,
,,,,,,
,,,,,,
,,,,,,
,,,,,,
,,,,,,
,,,,,,
,,,,,,
,,,,,,
,,,,,,
,,,,,,
,,,,,,
,,,,,,
,,,,,,
,,,,,,
,,,,,,
,,,,,,
,,,,,,
,,,,,,
,,,,,,
,,,,,,
,,,,,,
,,,,,,
,,,,,,
,,,,,,
,,,,,,
,,,,,,
,,,,,,
,,,,,,
,,,,,,
,,,,,,
,,,,,,
,,,,,,
,,,,,,
,,,,,,
,,,,,,
,,,,,,
,,,,,,
,,,,,,
,,,,,,
,,,,,,
,,,,,,
,,,,,,
,,,,,,
,,,,,,
,,,,,,
,,,,,,
,,,,,,
,,,,,,
,,,,,,
,,,,,,
,,,,,,
,,,,,,
,,,,,,
,,,,,,
,,,,,,
,,,,,,
,,,,,,
,,,,,,
,,,,,,
,,,,,,
,,,,,,
,,,,,,
,,,,,,
,,,,,,
,,,,,,
,,,,,,
,,,,,,
,,,,,,
,,,,,,
,,,,,,
,,,,,,
,,,,,,
,,,,,,
,,,,,,
,,,,,,
,,,,,,
,,,,,,
,,,,,,
,,,,,,
,,,,,,
,,,,,,
,,,,,,
,,,,,,
,,,,,,
,,,,,,
,,,,,,
,,,,,,
,,,,,,
,,,,,,
,,,,,,
,,,,,,
,,,,,,
,,,,,,
,,,,,,
,,,,,,
,,,,,,
,,,,,,
,,,,,,
,,,,,,
,,,,,,
,,,,,,
,,,,,,
,,,,,,
,,,,,,
,,,,,,
,,,,,,
,,,,,,
,,,,,,
,,,,,,
,,,,,,
,,,,,,
,,,,,,
,,,,,,
,,,,,,
,,,,,,
,,,,,,
,,,,,,
,,,,,,
,,,,,,
,,,,,,
,,,,,,
,,,,,,
,,,,,,
,,,,,,
,,,,,,
,,,,,,
,,,,,,
,,,,,,
,,,,,,
,,,,,,
,,,,,,
,,,,,,
,,,,,,
,,,,,,
,,,,,,
,,,,,,
,,,,,,
,,,,,,
,,,,,,
,,,,,,
,,,,,,
,,,,,,
,,,,,,
,,,,,,
,,,,,,
,,,,,,
,,,,,,
,,,,,,
,,,,,,
,,,,,,
,,,,,,
,,,,,,
,,,,,,
,,,,,,
,,,,,,
,,,,,,
,,,,,,
,,,,,,
,,,,,,
,,,,,,
,,,,,,
,,,,,,
,,,,,,
,,,,,,
,,,,,,
,,,,,,
,,,,,,
,,,,,,
,,,,,,
,,,,,,
,,,,,,
,,,,,,
,,,,,,
,,,,,,
,,,,,,
,,,,,,
,,,,,,
,,,,,,
,,,,,,
,,,,,,
,,,,,,
,,,,,,
,,,,,,
,,,,,,
,,,,,,
,,,,,,
,,,,,,
,,,,,,
,,,,,,
,,,,,,
,,,,,,
,,,,,,
,,,,,,
,,,,,,
,,,,,,
,,,,,,
,,,,,,
,,,,,,
,,,,,,
,,,,,,
,,,,,,
,,,,,,
,,,,,,
,,,,,,
,,,,,,
,,,,,,
,,,,,,
,,,,,,
,,,,,,
,,,,,,
,,,,,,
,,,,,,
,,,,,,
,,,,,,
,,,,,,
,,,,,,
,,,,,,
,,,,,,
,,,,,,
,,,,,,
,,,,,,
,,,,,,
,,,,,,
,,,,,,
,,,,,,
,,,,,,
,,,,,,
,,,,,,
,,,,,,
,,,,,,
,,,,,,
,,,,,,
,,,,,,
,,,,,,
,,,,,,
,,,,,,
,,,,,,
,,,,,,
,,,,,,
,,,,,,
,,,,,,
,,,,,,
,,,,,,
,,,,,,
,,,,,,
,,,,,,
,,,,,,
,,,,,,
,,,,,,
,,,,,,
,,,,,,
,,,,,,
,,,,,,
,,,,,,
,,,,,,
,,,,,,
,,,,,,
,,,,,,
,,,,,,
,,,,,,
,,,,,,
,,,,,,
,,,,,,
,,,,,,
,,,,,,
,,,,,,
,,,,,,
,,,,,,
,,,,,,
,,,,,,
,,,,,,
,,,,,,
,,,,,,
,,,,,,
,,,,,,
,,,,,,
,,,,,,
,,,,,,
,,,,,,
,,,,,,
,,,,,,
,,,,,,
,,,,,,
,,,,,,
,,,,,,
,,,,,,
,,,,,,
,,,,,,
,,,,,,
,,,,,,
,,,,,,
,,,,,,
,,,,,,
,,,,,,
,,,,,,
,,,,,,
,,,,,,
,,,,,,
,,,,,,
,,,,,,
,,,,,,
,,,,,,
,,,,,,
,,,,,,
,,,,,,
,,,,,,
,,,,,,
,,,,,,
,,,,,,
,,,,,,
,,,,,,
,,,,,,
,,,,,,
,,,,,,
,,,,,,
,,,,,,
,,,,,,
,,,,,,
,,,,,,
,,,,,,
,,,,,,
,,,,,,
,,,,,,
,,,,,,
,,,,,,
,,,,,,
,,,,,,
,,,,,,
,,,,,,
,,,,,,
,,,,,,
,,,,,,
,,,,,,
,,,,,,
,,,,,,
,,,,,,
,,,,,,
,,,,,,
,,,,,,
,,,,,,
,,,,,,
,,,,,,
,,,,,,
,,,,,,
,,,,,,
,,,,,,
,,,,,,
,,,,,,
,,,,,,
,,,,,,
,,,,,,
,,,,,,
,,,,,,
,,,,,,
,,,,,,
,,,,,,
,,,,,,
,,,,,,
,,,,,,
,,,,,,
,,,,,,
,,,,,,
,,,,,,
,,,,,,
,,,,,,
,,,,,,
,,,,,,
,,,,,,
,,,,,,
,,,,,,
,,,,,,
,,,,,,
,,,,,,
,,,,,,
,,,,,,
,,,,,,
,,,,,,
,,,,,,
,,,,,,
,,,,,,
,,,,,,
,,,,,,
,,,,,,
,,,,,,
,,,,,,
,,,,,,
,,,,,,
,,,,,,
,,,,,,
,,,,,,
,,,,,,
,,,,,,
,,,,,,
,,,,,,
,,,,,,
,,,,,,
,,,,,,
,,,,,,
,,,,,,
,,,,,,
,,,,,,
,,,,,,
,,,,,,
,,,,,,
,,,,,,
,,,,,,
,,,,,,
,,,,,,
,,,,,,
,,,,,,
,,,,,,
,,,,,,
,,,,,,
,,,,,,
,,,,,,
,,,,,,
,,,,,,
,,,,,,
,,,,,,
,,,,,,
,,,,,,
,,,,,,
,,,,,,
,,,,,,
,,,,,,
,,,,,,
,,,,,,
,,,,,,
,,,,,,
,,,,,,
,,,,,,
,,,,,,
,,,,,,
,,,,,,
,,,,,,
,,,,,,
,,,,,,
,,,,,,
,,,,,,
,,,,,,
,,,,,,
,,,,,,
,,,,,,
,,,,,,
,,,,,,
,,,,,,
,,,,,,
,,,,,,
,,,,,,
,,,,,,
,,,,,,
,,,,,,
,,,,,,
,,,,,,
,,,,,,
,,,,,,
,,,,,,
,,,,,,
,,,,,,
,,,,,,
,,,,,,
,,,,,,
,,,,,,
,,,,,,
,,,,,,
,,,,,,
,,,,,,
,,,,,,
,,,,,,
,,,,,,
,,,,,,
,,,,,,
,,,,,,
,,,,,,
,,,,,,
,,,,,,
,,,,,,
,,,,,,
,,,,,,
,,,,,,
,,,,,,
,,,,,,
,,,,,,
,,,,,,
,,,,,,
,,,,,,
,,,,,,
,,,,,,
,,,,,,
,,,,,,
,,,,,,
,,,,,,
,,,,,,
,,,,,,
,,,,,,
,,,,,,
,,,,,,
,,,,,,
,,,,,,
,,,,,,
,,,,,,
,,,,,,
,,,,,,
,,,,,,
,,,,,,
,,,,,,
,,,,,,
,,,,,,
,,,,,,
,,,,,,
,,,,,,
,,,,,,
,,,,,,
,,,,,,
,,,,,,
,,,,,,
,,,,,,
,,,,,,
,,,,,,
,,,,,,
,,,,,,
,,,,,,
,,,,,,
,,,,,,
,,,,,,
,,,,,,
,,,,,,
,,,,,,
,,,,,,
,,,,,,
,,,,,,
,,,,,,
,,,,,,
,,,,,,
,,,,,,
,,,,,,
,,,,,,
,,,,,,
,,,,,,
,,,,,,
,,,,,,
,,,,,,
,,,,,,
,,,,,,
,,,,,,
,,,,,,
,,,,,,
,,,,,,
,,,,,,
,,,,,,
,,,,,,
,,,,,,
,,,,,,
,,,,,,
,,,,,,
,,,,,,
,,,,,,
,,,,,,
,,,,,,
,,,,,,
,,,,,,
,,,,,,
,,,,,,
,,,,,,
,,,,,,
,,,,,,
,,,,,,
,,,,,,
,,,,,,
,,,,,,
,,,,,,
,,,,,,
,,,,,,
,,,,,,
,,,,,,
,,,,,,
,,,,,,
,,,,,,
,,,,,,
,,,,,,
,,,,,,
,,,,,,
,,,,,,
,,,,,,
,,,,,,
,,,,,,
,,,,,,
,,,,,,
,,,,,,
,,,,,,
,,,,,,
,,,,,,
,,,,,,
,,,,,,
,,,,,,
,,,,,,
,,,,,,
,,,,,,
,,,,,,
,,,,,,
,,,,,,
,,,,,,
,,,,,,
,,,,,,
,,,,,,
,,,,,,
,,,,,,
,,,,,,
,,,,,,
,,,,,,
,,,,,,
,,,,,,
,,,,,,
,,,,,,
,,,,,,
,,,,,,
,,,,,,
,,,,,,
,,,,,,
,,,,,,
,,,,,,
,,,,,,
,,,,,,
,,,,,,
,,,,,,
,,,,,,
,,,,,,
,,,,,,
,,,,,,
,,,,,,
,,,,,,
,,,,,,
,,,,,,
,,,,,,
,,,,,,
,,,,,,
,,,,,,
,,,,,,
,,,,,,
,,,,,,
,,,,,,
,,,,,,
,,,,,,
,,,,,,
,,,,,,
,,,,,,
,,,,,,
,,,,,,
,,,,,,
,,,,,,
,,,,,,
,,,,,,
,,,,,,
,,,,,,
,,,,,,
,,,,,,
,,,,,,
,,,,,,
,,,,,,
,,,,,,
,,,,,,
,,,,,,
,,,,,,
,,,,,,
,,,,,,
,,,,,,
,,,,,,
,,,,,,
,,,,,,
,,,,,,
,,,,,,
,,,,,,
,,,,,,
,,,,,,
,,,,,,
,,,,,,
,,,,,,
,,,,,,
,,,,,,
,,,,,,
,,,,,,
,,,,,,
,,,,,,
,,,,,,
,,,,,,
,,,,,,
,,,,,,
,,,,,,
,,,,,,
,,,,,,
,,,,,,
,,,,,,
,,,,,,
,,,,,,
,,,,,,
,,,,,,
,,,,,,
,,,,,,
,,,,,,
,,,,,,
,,,,,,
,,,,,,
,,,,,,
,,,,,,
,,,,,,
,,,,,,
,,,,,,
,,,,,,
,,,,,,
,,,,,,
,,,,,,
,,,,,,
,,,,,,
,,,,,,
,,,,,,
,,,,,,
,,,,,,
,,,,,,
,,,,,,
,,,,,,
,,,,,,
,,,,,,
,,,,,,
,,,,,,
,,,,,,
,,,,,,
,,,,,,
,,,,,,
,,,,,,
,,,,,,
,,,,,,
,,,,,,
,,,,,,
,,,,,,
,,,,,,
,,,,,,
,,,,,,
,,,,,,
,,,,,,
,,,,,,
,,,,,,
,,,,,,
,,,,,,
,,,,,,
,,,,,,
,,,,,,
,,,,,,
,,,,,,
,,,,,,
,,,,,,
,,,,,,
,,,,,,
,,,,,,
,,,,,,
,,,,,,
,,,,,,
,,,,,,
,,,,,,
,,,,,,
,,,,,,
,,,,,,
,,,,,,
,,,,,,
,,,,,,
,,,,,,
,,,,,,
,,,,,,
,,,,,,
,,,,,,
,,,,,,
,,,,,,
,,,,,,
,,,,,,
,,,,,,
,,,,,,
,,,,,,
,,,,,,
,,,,,,
,,,,,,
,,,,,,
,,,,,,
,,,,,,
,,,,,,
,,,,,,
,,,,,,
,,,,,,
,,,,,,
,,,,,,
,,,,,,
,,,,,,
,,,,,,
,,,,,,
,,,,,,
,,,,,,
,,,,,,
,,,,,,
,,,,,,
,,,,,,
,,,,,,
,,,,,,
,,,,,,
,,,,,,
,,,,,,
,,,,,,
,,,,,,
,,,,,,
,,,,,,
,,,,,,
,,,,,,
,,,,,,
,,,,,,
,,,,,,
,,,,,,
,,,,,,
,,,,,,
,,,,,,
,,,,,,
,,,,,,
,,,,,,
,,,,,,
,,,,,,
,,,,,,
,,,,,,
,,,,,,
,,,,,,
,,,,,,
,,,,,,
,,,,,,
,,,,,,
,,,,,,
,,,,,,
,,,,,,
,,,,,,
,,,,,,
,,,,,,
,,,,,,
,,,,,,
,,,,,,
,,,,,,
,,,,,,
,,,,,,
,,,,,,
,,,,,,
,,,,,,
,,,,,,
,,,,,,
,,,,,,
,,,,,,
,,,,,,
,,,,,,
,,,,,,
,,,,,,
,,,,,,
,,,,,,
,,,,,,
,,,,,,
,,,,,,
,,,,,,
,,,,,,
,,,,,,
,,,,,,
,,,,,,
,,,,,,
,,,,,,
,,,,,,
,,,,,,
,,,,,,
,,,,,,
,,,,,,
,,,,,,
,,,,,,
,,,,,,
,,,,,,
,,,,,,
,,,,,,
,,,,,,
,,,,,,
,,,,,,
,,,,,,
,,,,,,
,,,,,,
,,,,,,
,,,,,,
,,,,,,
,,,,,,
,,,,,,
,,,,,,
,,,,,,
,,,,,,
,,,,,,
,,,,,,
,,,,,,
,,,,,,
,,,,,,
,,,,,,
,,,,,,
,,,,,,
,,,,,,
,,,,,,
,,,,,,
,,,,,,
,,,,,,
,,,,,,
,,,,,,
,,,,,,
,,,,,,
,,,,,,
,,,,,,
,,,,,,
,,,,,,
,,,,,,
,,,,,,
,,,,,,
,,,,,,
,,,,,,
,,,,,,
,,,,,,
,,,,,,
,,,,,,
,,,,,,
,,,,,,
,,,,,,
,,,,,,
,,,,,,
,,,,,,
,,,,,,
,,,,,,
,,,,,,
,,,,,,
,,,,,,
,,,,,,
,,,,,,
,,,,,,
,,,,,,
,,,,,,
,,,,,,
,,,,,,
,,,,,,
,,,,,,
,,,,,,
,,,,,,
,,,,,,
,,,,,,
,,,,,,
,,,,,,
,,,,,,
,,,,,,
,,,,,,
,,,,,,
,,,,,,
,,,,,,
,,,,,,
,,,,,,
,,,,,,
,,,,,,
,,,,,,
,,,,,,
,,,,,,
,,,,,,
,,,,,,
,,,,,,
,,,,,,
,,,,,,
,,,,,,
,,,,,,
,,,,,,
,,,,,,
,,,,,,
,,,,,,
,,,,,,
,,,,,,
,,,,,,
,,,,,,
,,,,,,
,,,,,,
,,,,,,
,,,,,,
,,,,,,
,,,,,,
,,,,,,
,,,,,,
,,,,,,
,,,,,,
,,,,,,
,,,,,,
,,,,,,
,,,,,,
,,,,,,
,,,,,,
,,,,,,
,,,,,,
,,,,,,
,,,,,,
,,,,,,
,,,,,,
,,,,,,
,,,,,,
,,,,,,
,,,,,,
,,,,,,
,,,,,,
,,,,,,
,,,,,,
,,,,,,
,,,,,,
,,,,,,
,,,,,,
,,,,,,
,,,,,,
,,,,,,
,,,,,,
,,,,,,
,,,,,,
,,,,,,
,,,,,,
,,,,,,
,,,,,,
,,,,,,
,,,,,,
,,,,,,
,,,,,,
,,,,,,
,,,,,,
,,,,,,
,,,,,,
,,,,,,
,,,,,,
,,,,,,
,,,,,,
,,,,,,
,,,,,,
,,,,,,
,,,,,,
,,,,,,
,,,,,,
,,,,,,
,,,,,,
,,,,,,
,,,,,,
,,,,,,
,,,,,,
,,,,,,
,,,,,,
,,,,,,
,,,,,,
,,,,,,
,,,,,,
,,,,,,
,,,,,,
,,,,,,
,,,,,,
,,,,,,
,,,,,,
,,,,,,
,,,,,,
,,,,,,
,,,,,,
,,,,,,
,,,,,,
,,,,,,
,,,,,,
,,,,,,
,,,,,,
,,,,,,
,,,,,,
,,,,,,
,,,,,,
,,,,,,
,,,,,,
,,,,,,
,,,,,,
,,,,,,
,,,,,,
,,,,,,
,,,,,,
,,,,,,
,,,,,,
,,,,,,
,,,,,,
,,,,,,
,,,,,,
,,,,,,
,,,,,,
,,,,,,
,,,,,,
,,,,,,
,,,,,,
,,,,,,
,,,,,,
,,,,,,
,,,,,,
,,,,,,
,,,,,,
,,,,,,
,,,,,,
,,,,,,
,,,,,,
,,,,,,
,,,,,,
,,,,,,
,,,,,,
,,,,,,
,,,,,,
,,,,,,
,,,,,,
,,,,,,
,,,,,,
,,,,,,
,,,,,,
,,,,,,
,,,,,,
,,,,,,
,,,,,,
,,,,,,
,,,,,,
,,,,,,
,,,,,,
,,,,,,
,,,,,,
,,,,,,
,,,,,,
,,,,,,
,,,,,,
,,,,,,
,,,,,,
,,,,,,
,,,,,,
,,,,,,
,,,,,,
,,,,,,
,,,,,,
,,,,,,
,,,,,,
,,,,,,
,,,,,,
,,,,,,
,,,,,,
,,,,,,
,,,,,,
,,,,,,
,,,,,,
,,,,,,
,,,,,,
,,,,,,
,,,,,,
,,,,,,
,,,,,,
,,,,,,
,,,,,,
,,,,,,
,,,,,,
,,,,,,
,,,,,,
,,,,,,
,,,,,,
,,,,,,
,,,,,,
,,,,,,
,,,,,,
,,,,,,
,,,,,,
,,,,,,
,,,,,,
,,,,,,
,,,,,,
,,,,,,
,,,,,,
,,,,,,
,,,,,,
,,,,,,
,,,,,,
,,,,,,
,,,,,,
,,,,,,
,,,,,,
,,,,,,
,,,,,,
,,,,,,
,,,,,,
,,,,,,
,,,,,,
,,,,,,
,,,,,,
,,,,,,
,,,,,,
,,,,,,
,,,,,,
,,,,,,
,,,,,,
,,,,,,
,,,,,,
,,,,,,
,,,,,,
,,,,,,
,,,,,,
,,,,,,
,,,,,,
,,,,,,
,,,,,,
,,,,,,
,,,,,,
,,,,,,
,,,,,,
,,,,,,
,,,,,,
,,,,,,
,,,,,,
,,,,,,
,,,,,,
,,,,,,
,,,,,,
,,,,,,
,,,,,,
,,,,,,
,,,,,,
,,,,,,
,,,,,,
,,,,,,
,,,,,,
,,,,,,
,,,,,,
,,,,,,
,,,,,,
,,,,,,
,,,,,,
,,,,,,
,,,,,,
,,,,,,
,,,,,,
,,,,,,
,,,,,,
,,,,,,
,,,,,,
,,,,,,
,,,,,,
,,,,,,
,,,,,,
,,,,,,
,,,,,,
,,,,,,
,,,,,,
,,,,,,
,,,,,,
,,,,,,
,,,,,,
,,,,,,
,,,,,,
,,,,,,
,,,,,,
,,,,,,
,,,,,,
,,,,,,
,,,,,,
,,,,,,
,,,,,,
,,,,,,
,,,,,,
,,,,,,
,,,,,,
,,,,,,
,,,,,,
,,,,,,
,,,,,,
,,,,,,
,,,,,,
,,,,,,
,,,,,,
,,,,,,
,,,,,,
,,,,,,
,,,,,,
,,,,,,
,,,,,,
,,,,,,
,,,,,,
,,,,,,
,,,,,,
,,,,,,
,,,,,,
,,,,,,
,,,,,,
,,,,,,
,,,,,,
,,,,,,
,,,,,,
,,,,,,
,,,,,,
,,,,,,
,,,,,,
,,,,,,
,,,,,,
,,,,,,
,,,,,,
,,,,,,
,,,,,,
,,,,,,
,,,,,,
,,,,,,
,,,,,,
,,,,,,
,,,,,,
,,,,,,
,,,,,,
,,,,,,
,,,,,,
,,,,,,
,,,,,,
,,,,,,
,,,,,,
,,,,,,
,,,,,,
,,,,,,
,,,,,,
,,,,,,
,,,,,,
,,,,,,
,,,,,,
,,,,,,
,,,,,,
,,,,,,
,,,,,,
,,,,,,
,,,,,,
,,,,,,
,,,,,,
,,,,,,
,,,,,,
,,,,,,
,,,,,,
,,,,,,
,,,,,,
,,,,,,
,,,,,,
,,,,,,
,,,,,,
,,,,,,
,,,,,,
,,,,,,
,,,,,,
,,,,,,
,,,,,,
,,,,,,
,,,,,,
,,,,,,
,,,,,,
,,,,,,
,,,,,,
,,,,,,
,,,,,,
,,,,,,
,,,,,,
,,,,,,
,,,,,,
,,,,,,
,,,,,,
,,,,,,
,,,,,,
,,,,,,
,,,,,,
,,,,,,
,,,,,,
,,,,,,
,,,,,,
,,,,,,
,,,,,,
,,,,,,
,,,,,,
,,,,,,
,,,,,,
,,,,,,
,,,,,,
,,,,,,
,,,,,,
,,,,,,
,,,,,,
,,,,,,
,,,,,,
,,,,,,
,,,,,,
,,,,,,
,,,,,,
,,,,,,
,,,,,,
,,,,,,
,,,,,,
,,,,,,
,,,,,,
,,,,,,
,,,,,,
,,,,,,
,,,,,,
,,,,,,
,,,,,,
,,,,,,
,,,,,,
,,,,,,
,,,,,,
,,,,,,
,,,,,,
,,,,,,
,,,,,,
,,,,,,
,,,,,,
,,,,,,
,,,,,,
,,,,,,
,,,,,,
,,,,,,
,,,,,,
,,,,,,
,,,,,,
,,,,,,
,,,,,,
,,,,,,
,,,,,,
,,,,,,
,,,,,,
,,,,,,
,,,,,,
,,,,,,
,,,,,,
,,,,,,
,,,,,,
,,,,,,
,,,,,,
,,,,,,
,,,,,,
,,,,,,
,,,,,,
,,,,,,
,,,,,,
,,,,,,
,,,,,,
,,,,,,
,,,,,,
,,,,,,
,,,,,,
,,,,,,
,,,,,,
,,,,,,
,,,,,,
,,,,,,
,,,,,,
,,,,,,
,,,,,,
,,,,,,
,,,,,,
,,,,,,
,,,,,,
,,,,,,
,,,,,,
,,,,,,
,,,,,,
,,,,,,
,,,,,,
,,,,,,
,,,,,,
,,,,,,
,,,,,,
,,,,,,
,,,,,,
,,,,,,
,,,,,,
,,,,,,
,,,,,,
,,,,,,
,,,,,,
,,,,,,
,,,,,,
,,,,,,
,,,,,,
,,,,,,
,,,,,,
,,,,,,
,,,,,,
,,,,,,
,,,,,,
,,,,,,
,,,,,,
,,,,,,
,,,,,,
,,,,,,
,,,,,,
,,,,,,
,,,,,,
,,,,,,
,,,,,,
,,,,,,
,,,,,,
,,,,,,
,,,,,,
,,,,,,
,,,,,,
,,,,,,
,,,,,,
,,,,,,
,,,,,,
,,,,,,
,,,,,,
,,,,,,
,,,,,,
,,,,,,
,,,,,,
,,,,,,
,,,,,,
,,,,,,
,,,,,,
,,,,,,
,,,,,,
,,,,,,
,,,,,,
,,,,,,
,,,,,,
,,,,,,
,,,,,,
,,,,,,
,,,,,,
,,,,,,
,,,,,,
,,,,,,
,,,,,,
,,,,,,
,,,,,,
,,,,,,
,,,,,,
,,,,,,
,,,,,,
,,,,,,
,,,,,,
,,,,,,
,,,,,,
,,,,,,
,,,,,,
,,,,,,
,,,,,,
,,,,,,
,,,,,,
,,,,,,
,,,,,,
,,,,,,
,,,,,,
,,,,,,
,,,,,,
,,,,,,
,,,,,,
,,,,,,
,,,,,,
,,,,,,
,,,,,,
,,,,,,
,,,,,,
,,,,,,
,,,,,,
,,,,,,
,,,,,,
,,,,,,
,,,,,,
,,,,,,
,,,,,,
,,,,,,
,,,,,,
,,,,,,
,,,,,,
,,,,,,
,,,,,,
,,,,,,
,,,,,,
,,,,,,
,,,,,,
,,,,,,
,,,,,,
,,,,,,
,,,,,,
,,,,,,
,,,,,,
,,,,,,
,,,,,,
,,,,,,
,,,,,,
,,,,,,
,,,,,,
,,,,,,
,,,,,,
,,,,,,
,,,,,,
,,,,,,
,,,,,,
,,,,,,
,,,,,,
,,,,,,
,,,,,,
,,,,,,
,,,,,,
,,,,,,
,,,,,,
,,,,,,
,,,,,,
,,,,,,
,,,,,,
,,,,,,
,,,,,,
,,,,,,
,,,,,,
,,,,,,
,,,,,,
,,,,,,
,,,,,,
,,,,,,
,,,,,,
,,,,,,
,,,,,,
,,,,,,
,,,,,,
,,,,,,
,,,,,,
,,,,,,
,,,,,,
,,,,,,
,,,,,,
,,,,,,
,,,,,,
,,,,,,
,,,,,,
,,,,,,
,,,,,,
,,,,,,
,,,,,,
,,,,,,
,,,,,,
,,,,,,
,,,,,,
,,,,,,
,,,,,,
,,,,,,
,,,,,,
,,,,,,
,,,,,,
,,,,,,
,,,,,,
,,,,,,
,,,,,,
,,,,,,
,,,,,,
,,,,,,
,,,,,,
,,,,,,
,,,,,,
,,,,,,
,,,,,,
,,,,,,
,,,,,,
,,,,,,
,,,,,,
,,,,,,
,,,,,,
,,,,,,
,,,,,,
,,,,,,
,,,,,,
,,,,,,
,,,,,,
,,,,,,
,,,,,,
,,,,,,
,,,,,,
,,,,,,
,,,,,,
,,,,,,
,,,,,,
,,,,,,
,,,,,,
,,,,,,
,,,,,,
,,,,,,
,,,,,,
,,,,,,
,,,,,,
,,,,,,
,,,,,,
,,,,,,
,,,,,,
,,,,,,
,,,,,,
,,,,,,
,,,,,,
,,,,,,
,,,,,,
,,,,,,
,,,,,,
,,,,,,
,,,,,,
,,,,,,
,,,,,,
,,,,,,
,,,,,,
,,,,,,
,,,,,,
,,,,,,
,,,,,,
,,,,,,
,,,,,,
,,,,,,
,,,,,,
,,,,,,
,,,,,,
,,,,,,
,,,,,,
,,,,,,
,,,,,,
,,,,,,
,,,,,,
,,,,,,
,,,,,,
,,,,,,
,,,,,,
,,,,,,
,,,,,,
,,,,,,
,,,,,,
,,,,,,
,,,,,,
,,,,,,
,,,,,,
,,,,,,
,,,,,,
,,,,,,
,,,,,,
,,,,,,
,,,,,,
,,,,,,
,,,,,,
,,,,,,
,,,,,,
,,,,,,
,,,,,,
,,,,,,
,,,,,,
,,,,,,
,,,,,,
,,,,,,
,,,,,,
,,,,,,
,,,,,,
,,,,,,
,,,,,,
,,,,,,
,,,,,,
,,,,,,
,,,,,,
,,,,,,
,,,,,,
,,,,,,
,,,,,,
,,,,,,
,,,,,,
,,,,,,
,,,,,,
,,,,,,
,,,,,,
,,,,,,
,,,,,,
,,,,,,
,,,,,,
,,,,,,
,,,,,,
,,,,,,
,,,,,,
,,,,,,
,,,,,,
,,,,,,
,,,,,,
,,,,,,
,,,,,,
,,,,,,
,,,,,,
,,,,,,
,,,,,,
,,,,,,
,,,,,,
,,,,,,
,,,,,,
,,,,,,
,,,,,,
,,,,,,
,,,,,,
,,,,,,
,,,,,,
,,,,,,
,,,,,,
,,,,,,
,,,,,,
,,,,,,
,,,,,,
,,,,,,
,,,,,,
,,,,,,
,,,,,,
,,,,,,
,,,,,,
,,,,,,
,,,,,,
,,,,,,
,,,,,,
,,,,,,
,,,,,,
,,,,,,
,,,,,,
,,,,,,
,,,,,,
,,,,,,
,,,,,,
,,,,,,
,,,,,,
,,,,,,
,,,,,,
,,,,,,
,,,,,,
,,,,,,
,,,,,,
,,,,,,
,,,,,,
,,,,,,
,,,,,,
,,,,,,
,,,,,,
,,,,,,
,,,,,,
,,,,,,
,,,,,,
,,,,,,
,,,,,,
,,,,,,
,,,,,,
,,,,,,
,,,,,,
,,,,,,
,,,,,,
,,,,,,
,,,,,,
,,,,,,
,,,,,,
,,,,,,
,,,,,,
,,,,,,
,,,,,,
,,,,,,
,,,,,,
,,,,,,
,,,,,,
,,,,,,
,,,,,,
,,,,,,
,,,,,,
,,,,,,
,,,,,,
,,,,,,
,,,,,,
,,,,,,
,,,,,,
,,,,,,
,,,,,,
,,,,,,
,,,,,,
,,,,,,
,,,,,,
,,,,,,
,,,,,,
,,,,,,
,,,,,,
,,,,,,
,,,,,,
,,,,,,
,,,,,,
,,,,,,
,,,,,,
,,,,,,
,,,,,,
,,,,,,
,,,,,,
,,,,,,
,,,,,,
,,,,,,
,,,,,,
,,,,,,
,,,,,,
,,,,,,
,,,,,,
,,,,,,
,,,,,,
,,,,,,
,,,,,,
,,,,,,
,,,,,,
,,,,,,
,,,,,,
,,,,,,
,,,,,,
,,,,,,
,,,,,,
,,,,,,
,,,,,,
,,,,,,
,,,,,,
,,,,,,
,,,,,,
,,,,,,
,,,,,,
,,,,,,
,,,,,,
,,,,,,
,,,,,,
,,,,,,
,,,,,,
,,,,,,
,,,,,,
,,,,,,
,,,,,,
,,,,,,
,,,,,,
,,,,,,
,,,,,,
,,,,,,
,,,,,,
,,,,,,
,,,,,,
,,,,,,
,,,,,,
,,,,,,
,,,,,,
,,,,,,
,,,,,,
,,,,,,
,,,,,,
,,,,,,
,,,,,,
,,,,,,
,,,,,,
,,,,,,
,,,,,,
,,,,,,
,,,,,,
,,,,,,
,,,,,,
,,,,,,
,,,,,,
,,,,,,
,,,,,,
,,,,,,
,,,,,,
,,,,,,
,,,,,,
,,,,,,
,,,,,,
,,,,,,
,,,,,,
,,,,,,
,,,,,,
,,,,,,
,,,,,,
,,,,,,
,,,,,,
,,,,,,
,,,,,,
,,,,,,
,,,,,,
,,,,,,
,,,,,,
,,,,,,
,,,,,,
,,,,,,
,,,,,,
,,,,,,
,,,,,,
,,,,,,
,,,,,,
,,,,,,
,,,,,,
,,,,,,
,,,,,,
,,,,,,
,,,,,,
,,,,,,
,,,,,,
,,,,,,
,,,,,,
,,,,,,
,,,,,,
,,,,,,
,,,,,,
,,,,,,
,,,,,,
,,,,,,
,,,,,,
,,,,,,
,,,,,,
,,,,,,
,,,,,,
,,,,,,
,,,,,,
,,,,,,
,,,,,,
,,,,,,
,,,,,,
,,,,,,
,,,,,,
,,,,,,
,,,,,,
,,,,,,
,,,,,,
,,,,,,
,,,,,,
,,,,,,
,,,,,,
,,,,,,
,,,,,,
,,,,,,
,,,,,,
,,,,,,
,,,,,,
,,,,,,
,,,,,,
,,,,,,
,,,,,,
,,,,,,
,,,,,,
,,,,,,
,,,,,,
,,,,,,
,,,,,,
,,,,,,
,,,,,,
,,,,,,
,,,,,,
,,,,,,
,,,,,,
,,,,,,
,,,,,,
,,,,,,
,,,,,,
,,,,,,
,,,,,,
,,,,,,
,,,,,,
,,,,,,
,,,,,,
,,,,,,
,,,,,,
,,,,,,
,,,,,,
,,,,,,
,,,,,,
,,,,,,
,,,,,,
,,,,,,
,,,,,,
,,,,,,
,,,,,,
,,,,,,
,,,,,,
,,,,,,
,,,,,,
,,,,,,
,,,,,,
,,,,,,
,,,,,,
,,,,,,
,,,,,,
,,,,,,
,,,,,,
,,,,,,
,,,,,,
,,,,,,
,,,,,,
,,,,,,
,,,,,,
,,,,,,
,,,,,,
,,,,,,
,,,,,,
,,,,,,
,,,,,,
,,,,,,
,,,,,,
,,,,,,
,,,,,,
,,,,,,
,,,,,,
,,,,,,
,,,,,,
,,,,,,
,,,,,,
,,,,,,
,,,,,,
,,,,,,
,,,,,,
,,,,,,
,,,,,,
,,,,,,
,,,,,,
,,,,,,
,,,,,,
,,,,,,
,,,,,,
,,,,,,
,,,,,,
,,,,,,
,,,,,,
,,,,,,
,,,,,,
,,,,,,
,,,,,,
,,,,,,
,,,,,,
,,,,,,
,,,,,,
,,,,,,
,,,,,,
,,,,,,
,,,,,,
,,,,,,
,,,,,,
,,,,,,
,,,,,,
,,,,,,
,,,,,,
,,,,,,
,,,,,,
,,,,,,
,,,,,,
,,,,,,
,,,,,,
,,,,,,
,,,,,,
,,,,,,
,,,,,,
,,,,,,
,,,,,,
,,,,,,
,,,,,,
,,,,,,
,,,,,,
,,,,,,
,,,,,,
,,,,,,
,,,,,,
,,,,,,
,,,,,,
,,,,,,
,,,,,,
,,,,,,
,,,,,,
,,,,,,
,,,,,,
,,,,,,
,,,,,,
,,,,,,
,,,,,,
,,,,,,
,,,,,,
,,,,,,
,,,,,,
,,,,,,
,,,,,,
,,,,,,
,,,,,,
,,,,,,
,,,,,,
,,,,,,
,,,,,,
,,,,,,
,,,,,,
,,,,,,
,,,,,,
,,,,,,
,,,,,,
,,,,,,
,,,,,,
,,,,,,
,,,,,,
,,,,,,
,,,,,,
,,,,,,
,,,,,,
,,,,,,
,,,,,,
,,,,,,
,,,,,,
,,,,,,
,,,,,,
,,,,,,
,,,,,,
,,,,,,
,,,,,,
,,,,,,
,,,,,,
,,,,,,
,,,,,,
,,,,,,
,,,,,,
,,,,,,
,,,,,,
,,,,,,
,,,,,,
,,,,,,
,,,,,,
,,,,,,
,,,,,,
,,,,,,
,,,,,,
,,,,,,
,,,,,,
,,,,,,
,,,,,,
,,,,,,
,,,,,,
,,,,,,
,,,,,,
,,,,,,
,,,,,,
,,,,,,
,,,,,,
,,,,,,
,,,,,,
,,,,,,
,,,,,,
,,,,,,
,,,,,,
,,,,,,
,,,,,,
,,,,,,
,,,,,,
,,,,,,
,,,,,,
,,,,,,
,,,,,,
,,,,,,
,,,,,,
,,,,,,
,,,,,,
,,,,,,
,,,,,,
,,,,,,
,,,,,,
,,,,,,
,,,,,,
,,,,,,
,,,,,,
,,,,,,
,,,,,,
,,,,,,
,,,,,,
,,,,,,
,,,,,,
,,,,,,
,,,,,,
,,,,,,
,,,,,,
,,,,,,
,,,,,,
,,,,,,
,,,,,,
,,,,,,
,,,,,,
,,,,,,
,,,,,,
,,,,,,
,,,,,,
,,,,,,
,,,,,,
,,,,,,
,,,,,,
,,,,,,
,,,,,,
,,,,,,
,,,,,,
,,,,,,
,,,,,,
,,,,,,
,,,,,,
,,,,,,
,,,,,,
,,,,,,
,,,,,,
,,,,,,
,,,,,,
,,,,,,
,,,,,,
,,,,,,
,,,,,,
,,,,,,
,,,,,,
,,,,,,
,,,,,,
,,,,,,
,,,,,,
,,,,,,
,,,,,,
,,,,,,
,,,,,,
,,,,,,
,,,,,,
,,,,,,
,,,,,,
,,,,,,
,,,,,,
,,,,,,
,,,,,,
,,,,,,
,,,,,,
,,,,,,
,,,,,,
,,,,,,
,,,,,,
,,,,,,
,,,,,,
,,,,,,
,,,,,,
,,,,,,
,,,,,,
,,,,,,
,,,,,,
,,,,,,
,,,,,,
,,,,,,
,,,,,,
,,,,,,
,,,,,,
,,,,,,
,,,,,,
,,,,,,
,,,,,,
,,,,,,
,,,,,,
,,,,,,
,,,,,,
,,,,,,
,,,,,,
,,,,,,
,,,,,,
,,,,,,
,,,,,,
,,,,,,
,,,,,,
,,,,,,
,,,,,,
,,,,,,
,,,,,,
,,,,,,
,,,,,,
,,,,,,
,,,,,,
,,,,,,
,,,,,,
,,,,,,
,,,,,,
,,,,,,
,,,,,,
,,,,,,
,,,,,,
,,,,,,
,,,,,,
,,,,,,
,,,,,,
,,,,,,
,,,,,,
,,,,,,
,,,,,,
,,,,,,
,,,,,,
,,,,,,
,,,,,,
,,,,,,
,,,,,,
,,,,,,
,,,,,,
,,,,,,
,,,,,,
,,,,,,
,,,,,,
,,,,,,
,,,,,,
,,,,,,
,,,,,,
,,,,,,
,,,,,,
,,,,,,
,,,,,,
,,,,,,
,,,,,,
,,,,,,
,,,,,,
,,,,,,
,,,,,,
,,,,,,
,,,,,,
,,,,,,
,,,,,,
,,,,,,
,,,,,,
,,,,,,
,,,,,,
,,,,,,
,,,,,,
,,,,,,
,,,,,,
,,,,,,
,,,,,,
,,,,,,
,,,,,,
,,,,,,
,,,,,,
,,,,,,
,,,,,,
,,,,,,
,,,,,,
,,,,,,
,,,,,,
,,,,,,
,,,,,,
,,,,,,
,,,,,,
,,,,,,
,,,,,,
,,,,,,
,,,,,,
,,,,,,
,,,,,,
,,,,,,
,,,,,,
,,,,,,
,,,,,,
,,,,,,
,,,,,,
,,,,,,
,,,,,,
,,,,,,
,,,,,,
,,,,,,
,,,,,,
,,,,,,
,,,,,,
,,,,,,
,,,,,,
,,,,,,
,,,,,,
,,,,,,
,,,,,,
,,,,,,
,,,,,,
,,,,,,
,,,,,,
,,,,,,
,,,,,,
,,,,,,
,,,,,,
,,,,,,
,,,,,,
,,,,,,
,,,,,,
,,,,,,
,,,,,,
,,,,,,
,,,,,,
,,,,,,
,,,,,,
,,,,,,
,,,,,,
,,,,,,
,,,,,,
,,,,,,
,,,,,,
,,,,,,
,,,,,,
,,,,,,
,,,,,,
,,,,,,
,,,,,,
,,,,,,
,,,,,,
,,,,,,
,,,,,,
,,,,,,
,,,,,,
,,,,,,
,,,,,,
,,,,,,
,,,,,,
,,,,,,
,,,,,,
,,,,,,
,,,,,,
,,,,,,
,,,,,,
,,,,,,
,,,,,,
,,,,,,
,,,,,,
,,,,,,
,,,,,,
,,,,,,
,,,,,,
,,,,,,
,,,,,,
,,,,,,
,,,,,,
,,,,,,
,,,,,,
,,,,,,
,,,,,,
,,,,,,
,,,,,,
,,,,,,
,,,,,,
,,,,,,
,,,,,,
,,,,,,
,,,,,,
,,,,,,
,,,,,,
,,,,,,
,,,,,,
,,,,,,
,,,,,,
,,,,,,
,,,,,,
,,,,,,
,,,,,,
,,,,,,
,,,,,,
,,,,,,
,,,,,,
,,,,,,
,,,,,,
,,,,,,
,,,,,,
,,,,,,
,,,,,,
,,,,,,
,,,,,,
,,,,,,
,,,,,,
,,,,,,
,,,,,,
,,,,,,
,,,,,,
,,,,,,
,,,,,,
,,,,,,
,,,,,,
,,,,,,
,,,,,,
,,,,,,
,,,,,,
,,,,,,
,,,,,,
,,,,,,
,,,,,,
,,,,,,
,,,,,,
,,,,,,
,,,,,,
,,,,,,
,,,,,,
,,,,,,
,,,,,,
,,,,,,
,,,,,,
,,,,,,
,,,,,,
,,,,,,
,,,,,,
,,,,,,
,,,,,,
,,,,,,
,,,,,,
,,,,,,
,,,,,,
,,,,,,
,,,,,,
,,,,,,
,,,,,,
,,,,,,
,,,,,,
,,,,,,
,,,,,,
,,,,,,
,,,,,,
,,,,,,
,,,,,,
,,,,,,
,,,,,,
,,,,,,
,,,,,,
,,,,,,
,,,,,,
,,,,,,
,,,,,,
,,,,,,
,,,,,,
,,,,,,
,,,,,,
,,,,,,
,,,,,,
,,,,,,
,,,,,,
,,,,,,
,,,,,,
,,,,,,
,,,,,,
,,,,,,
,,,,,,
,,,,,,
,,,,,,
,,,,,,
,,,,,,
,,,,,,
,,,,,,
,,,,,,
,,,,,,
,,,,,,
,,,,,,
,,,,,,
,,,,,,
,,,,,,
,,,,,,
,,,,,,
,,,,,,
,,,,,,
,,,,,,
,,,,,,
,,,,,,
,,,,,,
,,,,,,
,,,,,,
,,,,,,
,,,,,,
,,,,,,
,,,,,,
,,,,,,
,,,,,,
,,,,,,
,,,,,,
,,,,,,
,,,,,,
,,,,,,
,,,,,,
,,,,,,
,,,,,,
,,,,,,
,,,,,,
,,,,,,
,,,,,,
,,,,,,
,,,,,,
,,,,,,
,,,,,,
,,,,,,
,,,,,,
,,,,,,
,,,,,,
,,,,,,
,,,,,,
,,,,,,
,,,,,,
,,,,,,
,,,,,,
,,,,,,
,,,,,,
,,,,,,
,,,,,,
,,,,,,
,,,,,,
,,,,,,
,,,,,,
,,,,,,
,,,,,,
,,,,,,
,,,,,,
,,,,,,
,,,,,,
,,,,,,
,,,,,,
,,,,,,
,,,,,,
,,,,,,
,,,,,,
,,,,,,
,,,,,,
,,,,,,
,,,,,,
,,,,,,
,,,,,,
,,,,,,
,,,,,,
,,,,,,
,,,,,,
,,,,,,
,,,,,,
,,,,,,
,,,,,,
,,,,,,
,,,,,,
,,,,,,
,,,,,,
,,,,,,
,,,,,,
,,,,,,
,,,,,,
,,,,,,
,,,,,,
,,,,,,
,,,,,,
,,,,,,
,,,,,,
,,,,,,
,,,,,,
,,,,,,
,,,,,,
,,,,,,
,,,,,,
,,,,,,
,,,,,,
,,,,,,
,,,,,,
,,,,,,
,,,,,,
,,,,,,
,,,,,,
,,,,,,
,,,,,,
,,,,,,
,,,,,,
,,,,,,
,,,,,,
,,,,,,
,,,,,,
,,,,,,
,,,,,,
,,,,,,
,,,,,,
,,,,,,
,,,,,,
,,,,,,
,,,,,,
,,,,,,
,,,,,,
,,,,,,
,,,,,,
,,,,,,
,,,,,,
,,,,,,
,,,,,,
,,,,,,
,,,,,,
,,,,,,
,,,,,,
,,,,,,
,,,,,,
,,,,,,
,,,,,,
,,,,,,
,,,,,,
,,,,,,
,,,,,,
,,,,,,
,,,,,,
,,,,,,
,,,,,,
,,,,,,
,,,,,,
,,,,,,
,,,,,,
,,,,,,
,,,,,,
,,,,,,
,,,,,,
,,,,,,
,,,,,,
,,,,,,
,,,,,,
,,,,,,
,,,,,,
,,,,,,
,,,,,,
,,,,,,
,,,,,,
,,,,,,
,,,,,,
,,,,,,
,,,,,,
,,,,,,
,,,,,,
,,,,,,
,,,,,,
,,,,,,
,,,,,,
,,,,,,
,,,,,,
,,,,,,
,,,,,,
,,,,,,
,,,,,,
,,,,,,
,,,,,,
,,,,,,
,,,,,,
,,,,,,
,,,,,,
,,,,,,
,,,,,,
,,,,,,
,,,,,,
,,,,,,
,,,,,,
,,,,,,
,,,,,,
,,,,,,
,,,,,,
,,,,,,
,,,,,,
,,,,,,
,,,,,,
,,,,,,
,,,,,,
,,,,,,
,,,,,,
,,,,,,
,,,,,,
,,,,,,
,,,,,,
,,,,,,
,,,,,,
,,,,,,
,,,,,,
,,,,,,
,,,,,,
,,,,,,
,,,,,,
,,,,,,
,,,,,,
,,,,,,
,,,,,,
,,,,,,
,,,,,,
,,,,,,
,,,,,,
,,,,,,
,,,,,,
,,,,,,
,,,,,,
,,,,,,
,,,,,,
,,,,,,
,,,,,,
,,,,,,
,,,,,,
,,,,,,
,,,,,,
,,,,,,
,,,,,,
,,,,,,
,,,,,,
,,,,,,
,,,,,,
,,,,,,
,,,,,,
,,,,,,
,,,,,,
,,,,,,
,,,,,,
,,,,,,
,,,,,,
,,,,,,
,,,,,,
,,,,,,
,,,,,,
,,,,,,
,,,,,,
,,,,,,
,,,,,,
,,,,,,
,,,,,,
,,,,,,
,,,,,,
,,,,,,
,,,,,,
,,,,,,
,,,,,,
,,,,,,
,,,,,,
,,,,,,
,,,,,,
,,,,,,
,,,,,,
,,,,,,
,,,,,,
,,,,,,
,,,,,,
,,,,,,
,,,,,,
,,,,,,
,,,,,,
,,,,,,
,,,,,,
,,,,,,
,,,,,,
,,,,,,
,,,,,,
,,,,,,
,,,,,,
,,,,,,
,,,,,,
,,,,,,
,,,,,,
,,,,,,
,,,,,,
,,,,,,
,,,,,,
,,,,,,
,,,,,,
,,,,,,
,,,,,,
,,,,,,
,,,,,,
,,,,,,
,,,,,,
,,,,,,
,,,,,,
,,,,,,
,,,,,,
,,,,,,
,,,,,,
,,,,,,
,,,,,,
,,,,,,
,,,,,,
,,,,,,
,,,,,,
,,,,,,
,,,,,,
,,,,,,
,,,,,,
,,,,,,
,,,,,,
,,,,,,
,,,,,,
,,,,,,
,,,,,,
,,,,,,
,,,,,,
,,,,,,
,,,,,,
,,,,,,
,,,,,,
,,,,,,
,,,,,,
,,,,,,
,,,,,,
,,,,,,
,,,,,,
,,,,,,
,,,,,,
,,,,,,
,,,,,,
,,,,,,
,,,,,,
,,,,,,
,,,,,,
,,,,,,
,,,,,,
,,,,,,
,,,,,,
,,,,,,
,,,,,,
,,,,,,
,,,,,,
,,,,,,
,,,,,,
,,,,,,
,,,,,,
,,,,,,
,,,,,,
,,,,,,
,,,,,,
,,,,,,
,,,,,,
,,,,,,
,,,,,,
,,,,,,
,,,,,,
,,,,,,
,,,,,,
,,,,,,
,,,,,,
,,,,,,
,,,,,,
,,,,,,
,,,,,,
,,,,,,
,,,,,,
,,,,,,
,,,,,,
,,,,,,
,,,,,,
,,,,,,
,,,,,,
,,,,,,
,,,,,,
,,,,,,
,,,,,,
,,,,,,
,,,,,,
,,,,,,
,,,,,,
,,,,,,
,,,,,,
,,,,,,
,,,,,,
,,,,,,
,,,,,,
,,,,,,
,,,,,,
,,,,,,
,,,,,,
,,,,,,
,,,,,,
,,,,,,
,,,,,,
,,,,,,
,,,,,,
,,,,,,
,,,,,,
,,,,,,
,,,,,,
,,,,,,
,,,,,,
,,,,,,
,,,,,,
,,,,,,
,,,,,,
,,,,,,
,,,,,,
,,,,,,
,,,,,,
,,,,,,
,,,,,,
,,,,,,
,,,,,,
,,,,,,
,,,,,,
,,,,,,
,,,,,,
,,,,,,
,,,,,,
,,,,,,
,,,,,,
,,,,,,
,,,,,,
,,,,,,
,,,,,,
,,,,,,
,,,,,,
,,,,,,
,,,,,,
,,,,,,
,,,,,,
,,,,,,
,,,,,,
,,,,,,
,,,,,,
,,,,,,
,,,,,,
,,,,,,
,,,,,,
,,,,,,
,,,,,,
,,,,,,
,,,,,,
,,,,,,
,,,,,,
,,,,,,
,,,,,,
,,,,,,
,,,,,,
,,,,,,
,,,,,,
,,,,,,
,,,,,,
,,,,,,
,,,,,,
,,,,,,
,,,,,,
,,,,,,
,,,,,,
,,,,,,
,,,,,,
,,,,,,
,,,,,,
,,,,,,
,,,,,,
,,,,,,
,,,,,,
,,,,,,
,,,,,,
,,,,,,
,,,,,,
,,,,,,
,,,,,,
,,,,,,
,,,,,,
,,,,,,
,,,,,,
,,,,,,
,,,,,,
,,,,,,
,,,,,,
,,,,,,
,,,,,,
,,,,,,
,,,,,,
,,,,,,
,,,,,,
,,,,,,
,,,,,,
,,,,,,
,,,,,,
,,,,,,
,,,,,,
,,,,,,
,,,,,,
,,,,,,
,,,,,,
,,,,,,
,,,,,,
,,,,,,
,,,,,,
,,,,,,
,,,,,,
,,,,,,
,,,,,,
,,,,,,
,,,,,,
,,,,,,
,,,,,,
,,,,,,
,,,,,,
,,,,,,
,,,,,,
,,,,,,
,,,,,,
,,,,,,
,,,,,,
,,,,,,
,,,,,,
,,,,,,
,,,,,,
,,,,,,
,,,,,,
,,,,,,
,,,,,,
,,,,,,
,,,,,,
,,,,,,
,,,,,,
,,,,,,
,,,,,,
,,,,,,
,,,,,,
,,,,,,
,,,,,,
,,,,,,
,,,,,,
,,,,,,
,,,,,,
,,,,,,
,,,,,,
,,,,,,
,,,,,,
,,,,,,
,,,,,,
,,,,,,
,,,,,,
,,,,,,
,,,,,,
,,,,,,
,,,,,,
,,,,,,
,,,,,,
,,,,,,
,,,,,,
,,,,,,
,,,,,,
,,,,,,
,,,,,,
,,,,,,
,,,,,,
,,,,,,
,,,,,,
,,,,,,
,,,,,,
,,,,,,
,,,,,,
,,,,,,
,,,,,,
,,,,,,
,,,,,,
,,,,,,
,,,,,,
,,,,,,
,,,,,,
,,,,,,
,,,,,,
,,,,,,
,,,,,,
,,,,,,
,,,,,,
,,,,,,
,,,,,,
,,,,,,
,,,,,,
,,,,,,
,,,,,,
,,,,,,
,,,,,,
,,,,,,
,,,,,,
,,,,,,
,,,,,,
,,,,,,
,,,,,,
,,,,,,
,,,,,,
,,,,,,
,,,,,,
,,,,,,
,,,,,,
,,,,,,
,,,,,,
,,,,,,
,,,,,,
,,,,,,
,,,,,,
,,,,,,
,,,,,,
,,,,,,
,,,,,,
,,,,,,
,,,,,,
,,,,,,
,,,,,,
,,,,,,
,,,,,,
,,,,,,
,,,,,,
,,,,,,
,,,,,,
,,,,,,
,,,,,,
,,,,,,
,,,,,,
,,,,,,
,,,,,,
,,,,,,
,,,,,,
,,,,,,
,,,,,,
,,,,,,
,,,,,,
,,,,,,
,,,,,,
,,,,,,
,,,,,,
,,,,,,
,,,,,,
,,,,,,
,,,,,,
,,,,,,
,,,,,,
,,,,,,
,,,,,,
,,,,,,
,,,,,,
,,,,,,
,,,,,,
,,,,,,
,,,,,,
,,,,,,
,,,,,,
,,,,,,
,,,,,,
,,,,,,
,,,,,,
,,,,,,
,,,,,,
,,,,,,
,,,,,,
,,,,,,
,,,,,,
,,,,,,
,,,,,,
,,,,,,
,,,,,,
,,,,,,
,,,,,,
,,,,,,
,,,,,,
,,,,,,
,,,,,,
,,,,,,
,,,,,,
,,,,,,
,,,,,,
,,,,,,
,,,,,,
,,,,,,
,,,,,,
,,,,,,
,,,,,,
,,,,,,
,,,,,,
,,,,,,
,,,,,,
,,,,,,
,,,,,,
,,,,,,
,,,,,,
,,,,,,
,,,,,,
,,,,,,
,,,,,,
,,,,,,
,,,,,,
,,,,,,
,,,,,,
,,,,,,
,,,,,,
,,,,,,
,,,,,,
,,,,,,
,,,,,,
,,,,,,
,,,,,,
,,,,,,
,,,,,,
,,,,,,
,,,,,,
,,,,,,
,,,,,,
,,,,,,
,,,,,,
,,,,,,
,,,,,,
,,,,,,
,,,,,,
,,,,,,
,,,,,,
,,,,,,
,,,,,,
,,,,,,
,,,,,,
,,,,,,
,,,,,,
,,,,,,
,,,,,,
,,,,,,
,,,,,,
,,,,,,
,,,,,,
,,,,,,
,,,,,,
,,,,,,
,,,,,,
,,,,,,
,,,,,,
,,,,,,
,,,,,,
,,,,,,
,,,,,,
,,,,,,
,,,,,,
,,,,,,
,,,,,,
,,,,,,
,,,,,,
,,,,,,
,,,,,,
,,,,,,
,,,,,,
,,,,,,
,,,,,,
,,,,,,
,,,,,,
,,,,,,
,,,,,,
,,,,,,
,,,,,,
,,,,,,
,,,,,,
,,,,,,
,,,,,,
,,,,,,
,,,,,,
,,,,,,
,,,,,,
,,,,,,
,,,,,,
,,,,,,
,,,,,,
,,,,,,
,,,,,,
,,,,,,
,,,,,,
,,,,,,
,,,,,,
,,,,,,
,,,,,,
,,,,,,
,,,,,,
,,,,,,
,,,,,,
,,,,,,
,,,,,,
,,,,,,
,,,,,,
,,,,,,
,,,,,,
,,,,,,
,,,,,,
,,,,,,
,,,,,,
,,,,,,
,,,,,,
,,,,,,
,,,,,,
,,,,,,
,,,,,,
,,,,,,
,,,,,,
,,,,,,
,,,,,,
,,,,,,
,,,,,,
,,,,,,
,,,,,,
,,,,,,
,,,,,,
,,,,,,
,,,,,,
,,,,,,
,,,,,,
,,,,,,
,,,,,,
,,,,,,
,,,,,,
,,,,,,
,,,,,,
,,,,,,
,,,,,,
,,,,,,
,,,,,,
,,,,,,
,,,,,,
,,,,,,
,,,,,,
,,,,,,
,,,,,,
,,,,,,
,,,,,,
,,,,,,
,,,,,,
,,,,,,
,,,,,,
,,,,,,
,,,,,,
,,,,,,
,,,,,,
,,,,,,
,,,,,,
,,,,,,
,,,,,,
,,,,,,
,,,,,,
,,,,,,
,,,,,,
,,,,,,
,,,,,,
,,,,,,
,,,,,,
,,,,,,
,,,,,,
,,,,,,
,,,,,,
,,,,,,
,,,,,,
,,,,,,
,,,,,,
,,,,,,
,,,,,,
,,,,,,
,,,,,,
,,,,,,
,,,,,,
,,,,,,
,,,,,,
,,,,,,
,,,,,,
,,,,,,
,,,,,,
,,,,,,
,,,,,,
,,,,,,
,,,,,,
,,,,,,
,,,,,,
,,,,,,
,,,,,,
,,,,,,
,,,,,,
,,,,,,
,,,,,,
,,,,,,
,,,,,,
,,,,,,
,,,,,,
,,,,,,
,,,,,,
,,,,,,
,,,,,,
,,,,,,
,,,,,,
,,,,,,
,,,,,,
,,,,,,
,,,,,,
,,,,,,
,,,,,,
,,,,,,
,,,,,,
,,,,,,
,,,,,,
,,,,,,
,,,,,,
,,,,,,
,,,,,,
,,,,,,
,,,,,,
,,,,,,
,,,,,,
,,,,,,
,,,,,,
,,,,,,
,,,,,,
,,,,,,
,,,,,,
,,,,,,
,,,,,,
,,,,,,
,,,,,,
,,,,,,
,,,,,,
,,,,,,
,,,,,,
,,,,,,
,,,,,,
,,,,,,
,,,,,,
,,,,,,
,,,,,,
,,,,,,
,,,,,,
,,,,,,
,,,,,,
,,,,,,
,,,,,,
,,,,,,
,,,,,,
,,,,,,
,,,,,,
,,,,,,
,,,,,,
,,,,,,
,,,,,,
,,,,,,
,,,,,,
,,,,,,
,,,,,,
,,,,,,
,,,,,,
,,,,,,
,,,,,,
,,,,,,
,,,,,,
,,,,,,
,,,,,,
,,,,,,
,,,,,,
,,,,,,
,,,,,,
,,,,,,
,,,,,,
,,,,,,
,,,,,,
,,,,,,
,,,,,,
,,,,,,
,,,,,,
,,,,,,
,,,,,,
,,,,,,
,,,,,,
,,,,,,
,,,,,,
,,,,,,
,,,,,,
,,,,,,
,,,,,,
,,,,,,
,,,,,,
,,,,,,
,,,,,,
,,,,,,
,,,,,,
,,,,,,
,,,,,,
,,,,,,
,,,,,,
,,,,,,
,,,,,,
,,,,,,
,,,,,,
,,,,,,
,,,,,,
,,,,,,
,,,,,,
,,,,,,
,,,,,,
,,,,,,
,,,,,,
,,,,,,
,,,,,,
,,,,,,
,,,,,,
,,,,,,
,,,,,,
,,,,,,
,,,,,,
,,,,,,
,,,,,,
,,,,,,
,,,,,,
,,,,,,
,,,,,,
,,,,,,
,,,,,,
,,,,,,
,,,,,,
,,,,,,
,,,,,,
,,,,,,
,,,,,,
,,,,,,
,,,,,,
,,,,,,
,,,,,,
,,,,,,
,,,,,,
,,,,,,
,,,,,,
,,,,,,
,,,,,,
,,,,,,
,,,,,,
,,,,,,
,,,,,,
,,,,,,
,,,,,,
,,,,,,
,,,,,,
,,,,,,
,,,,,,
,,,,,,
,,,,,,
,,,,,,
,,,,,,
,,,,,,
,,,,,,
,,,,,,
,,,,,,
,,,,,,
,,,,,,
,,,,,,
,,,,,,
,,,,,,
,,,,,,
,,,,,,
,,,,,,
,,,,,,
,,,,,,
,,,,,,
,,,,,,
,,,,,,
,,,,,,
,,,,,,
,,,,,,
,,,,,,
,,,,,,
,,,,,,
,,,,,,
,,,,,,
,,,,,,
,,,,,,
,,,,,,
,,,,,,
,,,,,,
,,,,,,
,,,,,,
,,,,,,
,,,,,,
,,,,,,
,,,,,,
,,,,,,
,,,,,,
,,,,,,
,,,,,,
,,,,,,
,,,,,,
,,,,,,
,,,,,,
,,,,,,
,,,,,,
,,,,,,
,,,,,,
,,,,,,
,,,,,,
,,,,,,
,,,,,,
,,,,,,
,,,,,,
,,,,,,
,,,,,,
,,,,,,
,,,,,,
,,,,,,
,,,,,,
,,,,,,
,,,,,,
,,,,,,
,,,,,,
,,,,,,
,,,,,,
,,,,,,
,,,,,,
,,,,,,
,,,,,,
,,,,,,
,,,,,,
,,,,,,
,,,,,,
,,,,,,
,,,,,,
,,,,,,
,,,,,,
,,,,,,
,,,,,,
,,,,,,
,,,,,,
,,,,,,
,,,,,,
,,,,,,
,,,,,,
,,,,,,
,,,,,,
,,,,,,
,,,,,,
,,,,,,
,,,,,,
,,,,,,
,,,,,,
,,,,,,
,,,,,,
,,,,,,
,,,,,,
,,,,,,
,,,,,,
,,,,,,
,,,,,,
,,,,,,
,,,,,,
,,,,,,
,,,,,,
,,,,,,
,,,,,,
,,,,,,
,,,,,,
,,,,,,
,,,,,,
,,,,,,
,,,,,,
,,,,,,
,,,,,,
,,,,,,
,,,,,,
,,,,,,
,,,,,,
,,,,,,
,,,,,,
,,,,,,
,,,,,,
,,,,,,
,,,,,,
,,,,,,
,,,,,,
,,,,,,
,,,,,,
,,,,,,
,,,,,,
,,,,,,
,,,,,,
,,,,,,
,,,,,,
,,,,,,
,,,,,,
,,,,,,
,,,,,,
,,,,,,
,,,,,,
,,,,,,
,,,,,,
,,,,,,
,,,,,,
,,,,,,
,,,,,,
,,,,,,
,,,,,,
,,,,,,
,,,,,,
,,,,,,
,,,,,,
,,,,,,
,,,,,,
,,,,,,
,,,,,,
,,,,,,
,,,,,,
,,,,,,
,,,,,,
,,,,,,
,,,,,,
,,,,,,
,,,,,,
,,,,,,
,,,,,,
,,,,,,
,,,,,,
,,,,,,
,,,,,,
,,,,,,
,,,,,,
,,,,,,
,,,,,,
,,,,,,
,,,,,,
,,,,,,
,,,,,,
,,,,,,
,,,,,,
,,,,,,
,,,,,,
,,,,,,
,,,,,,
,,,,,,
,,,,,,
,,,,,,
,,,,,,
,,,,,,
,,,,,,
,,,,,,
,,,,,,
,,,,,,
,,,,,,
,,,,,,
,,,,,,
,,,,,,
,,,,,,
,,,,,,
,,,,,,
,,,,,,
,,,,,,
,,,,,,
,,,,,,
,,,,,,
,,,,,,
,,,,,,
,,,,,,
,,,,,,
,,,,,,
,,,,,,
,,,,,,
,,,,,,
,,,,,,
,,,,,,
,,,,,,
,,,,,,
,,,,,,
,,,,,,
,,,,,,
,,,,,,
,,,,,,
,,,,,,
,,,,,,
,,,,,,
,,,,,,
,,,,,,
,,,,,,
,,,,,,
,,,,,,
,,,,,,
,,,,,,
,,,,,,
,,,,,,
,,,,,,
,,,,,,
,,,,,,
,,,,,,
,,,,,,
,,,,,,
,,,,,,
,,,,,,
,,,,,,
,,,,,,
,,,,,,
,,,,,,
,,,,,,
,,,,,,
,,,,,,
,,,,,,
,,,,,,
,,,,,,
,,,,,,
,,,,,,
,,,,,,
,,,,,,
,,,,,,
,,,,,,
,,,,,,
,,,,,,
,,,,,,
,,,,,,
,,,,,,
,,,,,,
,,,,,,
,,,,,,
,,,,,,
,,,,,,
,,,,,,
,,,,,,
,,,,,,
,,,,,,
,,,,,,
,,,,,,
,,,,,,
,,,,,,
,,,,,,
,,,,,,
,,,,,,
,,,,,,
,,,,,,
,,,,,,
,,,,,,
,,,,,,
,,,,,,
,,,,,,
,,,,,,
,,,,,,
,,,,,,
,,,,,,
,,,,,,
,,,,,,
,,,,,,
,,,,,,
,,,,,,
,,,,,,
,,,,,,
,,,,,,
,,,,,,
,,,,,,
,,,,,,
,,,,,,
,,,,,,
,,,,,,
,,,,,,
,,,,,,
,,,,,,
,,,,,,
,,,,,,
,,,,,,
,,,,,,
,,,,,,
,,,,,,
,,,,,,
,,,,,,
,,,,,,
,,,,,,
,,,,,,
,,,,,,
,,,,,,
,,,,,,
,,,,,,
,,,,,,
,,,,,,
,,,,,,
,,,,,,
,,,,,,
,,,,,,
,,,,,,
,,,,,,
,,,,,,
,,,,,,
,,,,,,
,,,,,,
,,,,,,
,,,,,,
,,,,,,
,,,,,,
,,,,,,
,,,,,,
,,,,,,
,,,,,,
,,,,,,
,,,,,,
,,,,,,
,,,,,,
,,,,,,
,,,,,,
,,,,,,
,,,,,,
,,,,,,
,,,,,,
,,,,,,
,,,,,,
,,,,,,
,,,,,,
,,,,,,
,,,,,,
,,,,,,
,,,,,,
,,,,,,
,,,,,,
,,,,,,
,,,,,,
,,,,,,
,,,,,,
,,,,,,
,,,,,,
,,,,,,
,,,,,,
,,,,,,
,,,,,,
,,,,,,
,,,,,,
,,,,,,
,,,,,,
,,,,,,
,,,,,,
,,,,,,
,,,,,,
,,,,,,
,,,,,,
,,,,,,
,,,,,,
,,,,,,
,,,,,,
,,,,,,
,,,,,,
,,,,,,
,,,,,,
,,,,,,
,,,,,,
,,,,,,
,,,,,,
,,,,,,
,,,,,,
,,,,,,
,,,,,,
,,,,,,
,,,,,,
,,,,,,
,,,,,,
,,,,,,
,,,,,,
,,,,,,
,,,,,,
,,,,,,
,,,,,,
,,,,,,
,,,,,,
,,,,,,
,,,,,,
,,,,,,
,,,,,,
,,,,,,
,,,,,,
,,,,,,
,,,,,,
,,,,,,
,,,,,,
,,,,,,
,,,,,,
,,,,,,
,,,,,,
,,,,,,
,,,,,,
,,,,,,
,,,,,,
,,,,,,
,,,,,,
,,,,,,
,,,,,,
,,,,,,
,,,,,,
,,,,,,
,,,,,,
,,,,,,
,,,,,,
,,,,,,
,,,,,,
,,,,,,
,,,,,,
,,,,,,
,,,,,,
,,,,,,
,,,,,,
,,,,,,
,,,,,,
,,,,,,
,,,,,,
,,,,,,
,,,,,,
,,,,,,
,,,,,,
,,,,,,
,,,,,,
,,,,,,
,,,,,,
,,,,,,
,,,,,,
,,,,,,
,,,,,,
,,,,,,
,,,,,,
,,,,,,
,,,,,,
,,,,,,
,,,,,,
,,,,,,
,,,,,,
,,,,,,
,,,,,,
,,,,,,
,,,,,,
,,,,,,
,,,,,,
,,,,,,
,,,,,,
,,,,,,
,,,,,,
,,,,,,
,,,,,,
,,,,,,
,,,,,,
,,,,,,
,,,,,,
,,,,,,
,,,,,,
,,,,,,
,,,,,,
,,,,,,
,,,,,,
,,,,,,
,,,,,,
,,,,,,
,,,,,,
,,,,,,
,,,,,,
,,,,,,
,,,,,,
,,,,,,
,,,,,,
,,,,,,
,,,,,,
,,,,,,
,,,,,,
,,,,,,
,,,,,,
,,,,,,
,,,,,,
,,,,,,
,,,,,,
,,,,,,
,,,,,,
,,,,,,
,,,,,,
,,,,,,
,,,,,,
,,,,,,
,,,,,,
,,,,,,
,,,,,,
,,,,,,
,,,,,,
,,,,,,
,,,,,,
,,,,,,
,,,,,,
,,,,,,
,,,,,,
,,,,,,
,,,,,,
,,,,,,
,,,,,,
,,,,,,
,,,,,,
,,,,,,
,,,,,,
,,,,,,
,,,,,,
,,,,,,
,,,,,,
,,,,,,
,,,,,,
,,,,,,
,,,,,,
,,,,,,
,,,,,,
,,,,,,
,,,,,,
,,,,,,
,,,,,,
,,,,,,
,,,,,,
,,,,,,
,,,,,,
,,,,,,
,,,,,,
,,,,,,
,,,,,,
,,,,,,
,,,,,,
,,,,,,
,,,,,,
,,,,,,
,,,,,,
,,,,,,
,,,,,,
,,,,,,
,,,,,,
,,,,,,
,,,,,,
,,,,,,
,,,,,,
,,,,,,
,,,,,,
,,,,,,
,,,,,,
,,,,,,
,,,,,,
,,,,,,
,,,,,,
,,,,,,
,,,,,,
,,,,,,
,,,,,,
,,,,,,
,,,,,,
,,,,,,
,,,,,,
,,,,,,
,,,,,,
,,,,,,
,,,,,,
,,,,,,
,,,,,,
,,,,,,
,,,,,,
,,,,,,
,,,,,,
,,,,,,
,,,,,,
,,,,,,
,,,,,,
,,,,,,
,,,,,,
,,,,,,
,,,,,,
,,,,,,
,,,,,,
,,,,,,
,,,,,,
,,,,,,
,,,,,,
,,,,,,
,,,,,,
,,,,,,
,,,,,,
,,,,,,
,,,,,,
,,,,,,
,,,,,,
,,,,,,
,,,,,,
,,,,,,
,,,,,,
,,,,,,
,,,,,,
,,,,,,
,,,,,,
,,,,,,
,,,,,,
,,,,,,
,,,,,,
,,,,,,
,,,,,,
,,,,,,
,,,,,,
,,,,,,
,,,,,,
,,,,,,
,,,,,,
,,,,,,
,,,,,,
,,,,,,
,,,,,,
,,,,,,
,,,,,,
,,,,,,
,,,,,,
,,,,,,
,,,,,,
,,,,,,
,,,,,,
,,,,,,
,,,,,,
,,,,,,
,,,,,,
,,,,,,
,,,,,,
,,,,,,
,,,,,,
,,,,,,
,,,,,,
,,,,,,
,,,,,,
,,,,,,
,,,,,,
,,,,,,
,,,,,,
,,,,,,
,,,,,,
,,,,,,
,,,,,,
,,,,,,
,,,,,,
,,,,,,
,,,,,,
,,,,,,
,,,,,,
,,,,,,
,,,,,,
,,,,,,
,,,,,,
,,,,,,
,,,,,,
,,,,,,
,,,,,,
,,,,,,
,,,,,,
,,,,,,
,,,,,,
,,,,,,
,,,,,,
,,,,,,
,,,,,,
,,,,,,
,,,,,,
,,,,,,
,,,,,,
,,,,,,
,,,,,,
,,,,,,
,,,,,,
,,,,,,
,,,,,,
,,,,,,
,,,,,,
,,,,,,
,,,,,,
,,,,,,
,,,,,,
,,,,,,
,,,,,,
,,,,,,
,,,,,,
,,,,,,
,,,,,,
,,,,,,
,,,,,,
,,,,,,
,,,,,,
,,,,,,
,,,,,,
,,,,,,
,,,,,,
,,,,,,
,,,,,,
,,,,,,
,,,,,,
,,,,,,
,,,,,,
,,,,,,
,,,,,,
,,,,,,
,,,,,,
,,,,,,
,,,,,,
,,,,,,
,,,,,,
,,,,,,
,,,,,,
,,,,,,
,,,,,,
,,,,,,
,,,,,,
,,,,,,
,,,,,,
,,,,,,
,,,,,,
,,,,,,
,,,,,,
,,,,,,
,,,,,,
,,,,,,
,,,,,,
,,,,,,
,,,,,,
,,,,,,
,,,,,,
,,,,,,
,,,,,,
,,,,,,
,,,,,,
,,,,,,
,,,,,,
,,,,,,
,,,,,,
,,,,,,
,,,,,,
,,,,,,
,,,,,,
,,,,,,
,,,,,,
,,,,,,
,,,,,,
,,,,,,
,,,,,,
,,,,,,
,,,,,,
,,,,,,
,,,,,,
,,,,,,
,,,,,,
,,,,,,
,,,,,,
,,,,,,
,,,,,,
,,,,,,
,,,,,,
,,,,,,
,,,,,,
,,,,,,
,,,,,,
,,,,,,
,,,,,,
,,,,,,
,,,,,,
,,,,,,
,,,,,,
,,,,,,
,,,,,,
,,,,,,
,,,,,,
,,,,,,
,,,,,,
,,,,,,
,,,,,,
,,,,,,
,,,,,,
,,,,,,
,,,,,,
,,,,,,
,,,,,,
,,,,,,
,,,,,,
,,,,,,
,,,,,,
,,,,,,
,,,,,,
,,,,,,
,,,,,,
,,,,,,
,,,,,,
,,,,,,
,,,,,,
,,,,,,
,,,,,,
,,,,,,
,,,,,,
,,,,,,
,,,,,,
,,,,,,
,,,,,,
,,,,,,
,,,,,,
,,,,,,
,,,,,,
,,,,,,
,,,,,,
,,,,,,
,,,,,,
,,,,,,
,,,,,,
,,,,,,
,,,,,,
,,,,,,
,,,,,,
,,,,,,
,,,,,,
,,,,,,
,,,,,,
,,,,,,
,,,,,,
,,,,,,
,,,,,,
,,,,,,
,,,,,,
,,,,,,
,,,,,,
,,,,,,
,,,,,,
,,,,,,
,,,,,,
,,,,,,
,,,,,,
,,,,,,
,,,,,,
,,,,,,
,,,,,,
,,,,,,
,,,,,,
,,,,,,
,,,,,,
,,,,,,
,,,,,,
,,,,,,
,,,,,,
,,,,,,
,,,,,,
,,,,,,
,,,,,,
,,,,,,
,,,,,,
,,,,,,
,,,,,,
,,,,,,
,,,,,,
,,,,,,
,,,,,,
,,,,,,
,,,,,,
,,,,,,
,,,,,,
,,,,,,
,,,,,,
,,,,,,
,,,,,,
,,,,,,
,,,,,,
,,,,,,
,,,,,,
,,,,,,
,,,,,,
,,,,,,
,,,,,,
,,,,,,
,,,,,,
,,,,,,
,,,,,,
,,,,,,
,,,,,,
,,,,,,
,,,,,,
,,,,,,
,,,,,,
,,,,,,
,,,,,,
,,,,,,
,,,,,,
,,,,,,
,,,,,,
,,,,,,
,,,,,,
,,,,,,
,,,,,,
,,,,,,
,,,,,,
,,,,,,
,,,,,,
,,,,,,
,,,,,,
,,,,,,
,,,,,,
,,,,,,
,,,,,,
,,,,,,
,,,,,,
,,,,,,
,,,,,,
,,,,,,
,,,,,,
,,,,,,
,,,,,,
,,,,,,
,,,,,,
,,,,,,
,,,,,,
,,,,,,
,,,,,,
,,,,,,
,,,,,,
,,,,,,
,,,,,,
,,,,,,
,,,,,,
,,,,,,
,,,,,,
,,,,,,
,,,,,,
,,,,,,
,,,,,,
,,,,,,
,,,,,,
,,,,,,
,,,,,,
,,,,,,
,,,,,,
,,,,,,
,,,,,,
,,,,,,
,,,,,,
,,,,,,
,,,,,,
,,,,,,
,,,,,,
,,,,,,
,,,,,,
,,,,,,
,,,,,,
,,,,,,
,,,,,,
,,,,,,
,,,,,,
,,,,,,
,,,,,,
,,,,,,
,,,,,,
,,,,,,
,,,,,,
,,,,,,
,,,,,,
,,,,,,
,,,,,,
,,,,,,
,,,,,,
,,,,,,
,,,,,,
,,,,,,
,,,,,,
,,,,,,
,,,,,,
,,,,,,
,,,,,,
,,,,,,
,,,,,,
,,,,,,
,,,,,,
,,,,,,
,,,,,,
,,,,,,
,,,,,,
,,,,,,
,,,,,,
,,,,,,
,,,,,,
,,,,,,
,,,,,,
,,,,,,
,,,,,,
,,,,,,
,,,,,,
,,,,,,
,,,,,,
,,,,,,
,,,,,,
,,,,,,
,,,,,,
,,,,,,
,,,,,,
,,,,,,
,,,,,,
,,,,,,
,,,,,,
,,,,,,
,,,,,,
,,,,,,
,,,,,,
,,,,,,
,,,,,,
,,,,,,
,,,,,,
,,,,,,
,,,,,,
,,,,,,
,,,,,,
,,,,,,
,,,,,,
,,,,,,
,,,,,,
,,,,,,
,,,,,,
,,,,,,
,,,,,,
,,,,,,
,,,,,,
,,,,,,
,,,,,,
,,,,,,
,,,,,,
,,,,,,
,,,,,,
,,,,,,
,,,,,,
,,,,,,
,,,,,,
,,,,,,
,,,,,,
,,,,,,
,,,,,,
,,,,,,
,,,,,,
,,,,,,
,,,,,,
,,,,,,
,,,,,,
,,,,,,
,,,,,,
,,,,,,
,,,,,,
,,,,,,
,,,,,,
,,,,,,
,,,,,,
,,,,,,
,,,,,,
,,,,,,
,,,,,,
,,,,,,
,,,,,,
,,,,,,
,,,,,,
,,,,,,
,,,,,,
,,,,,,
,,,,,,
,,,,,,
,,,,,,
,,,,,,
,,,,,,
,,,,,,
,,,,,,
,,,,,,
,,,,,,
,,,,,,
,,,,,,
,,,,,,
,,,,,,
,,,,,,
,,,,,,
,,,,,,
,,,,,,
,,,,,,
,,,,,,
,,,,,,
,,,,,,
,,,,,,
,,,,,,
,,,,,,
,,,,,,
,,,,,,
,,,,,,
,,,,,,
,,,,,,
,,,,,,
,,,,,,
,,,,,,
,,,,,,
,,,,,,
,,,,,,
,,,,,,
,,,,,,
,,,,,,
,,,,,,
,,,,,,
,,,,,,
,,,,,,
,,,,,,
,,,,,,
,,,,,,
,,,,,,
,,,,,,
,,,,,,
,,,,,,
,,,,,,
,,,,,,
,,,,,,
,,,,,,
,,,,,,
,,,,,,
,,,,,,
,,,,,,
,,,,,,
,,,,,,
,,,,,,
,,,,,,
,,,,,,
,,,,,,
,,,,,,
,,,,,,
,,,,,,
,,,,,,
,,,,,,
,,,,,,
,,,,,,
,,,,,,
,,,,,,
,,,,,,
,,,,,,
,,,,,,
,,,,,,
,,,,,,
,,,,,,
,,,,,,
,,,,,,
,,,,,,
,,,,,,
,,,,,,
,,,,,,
,,,,,,
,,,,,,
,,,,,,
,,,,,,
,,,,,,
,,,,,,
,,,,,,
,,,,,,
,,,,,,
,,,,,,
,,,,,,
,,,,,,
,,,,,,
,,,,,,
,,,,,,
,,,,,,
,,,,,,
,,,,,,
,,,,,,
,,,,,,
,,,,,,
,,,,,,
,,,,,,
,,,,,,
,,,,,,
,,,,,,
,,,,,,
,,,,,,
,,,,,,
,,,,,,
,,,,,,
,,,,,,
,,,,,,
,,,,,,
,,,,,,
,,,,,,
,,,,,,
,,,,,,
,,,,,,
,,,,,,
,,,,,,
,,,,,,
,,,,,,
,,,,,,
,,,,,,
,,,,,,
,,,,,,
,,,,,,
,,,,,,
,,,,,,
,,,,,,
,,,,,,
,,,,,,
,,,,,,
,,,,,,
,,,,,,
,,,,,,
,,,,,,
,,,,,,
,,,,,,
,,,,,,
,,,,,,
,,,,,,
,,,,,,
,,,,,,
,,,,,,
,,,,,,
,,,,,,
,,,,,,
,,,,,,
,,,,,,
,,,,,,
,,,,,,
,,,,,,
,,,,,,
,,,,,,
,,,,,,
,,,,,,
,,,,,,
,,,,,,
,,,,,,
,,,,,,
,,,,,,
,,,,,,
,,,,,,
,,,,,,
,,,,,,
,,,,,,
,,,,,,
,,,,,,
,,,,,,
,,,,,,
,,,,,,
,,,,,,
,,,,,,
,,,,,,
,,,,,,
,,,,,,
,,,,,,
,,,,,,
,,,,,,
,,,,,,
,,,,,,
,,,,,,
,,,,,,
,,,,,,
,,,,,,
,,,,,,
,,,,,,
,,,,,,
,,,,,,
,,,,,,
,,,,,,
,,,,,,
,,,,,,
,,,,,,
,,,,,,
,,,,,,
,,,,,,
,,,,,,
,,,,,,
,,,,,,
,,,,,,
,,,,,,
,,,,,,
,,,,,,
,,,,,,
,,,,,,
,,,,,,
,,,,,,
,,,,,,
,,,,,,
,,,,,,
,,,,,,
,,,,,,
,,,,,,
,,,,,,
,,,,,,
,,,,,,
,,,,,,
,,,,,,
,,,,,,
,,,,,,
,,,,,,
,,,,,,
,,,,,,
,,,,,,
,,,,,,
,,,,,,
,,,,,,
,,,,,,
,,,,,,
,,,,,,
,,,,,,
,,,,,,
,,,,,,
,,,,,,
,,,,,,
,,,,,,
,,,,,,
,,,,,,
,,,,,,
,,,,,,
,,,,,,
,,,,,,
,,,,,,
,,,,,,
,,,,,,
,,,,,,
,,,,,,
,,,,,,
,,,,,,
,,,,,,
,,,,,,
,,,,,,
,,,,,,
,,,,,,
,,,,,,
,,,,,,
,,,,,,
,,,,,,
,,,,,,
,,,,,,
,,,,,,
,,,,,,
,,,,,,
,,,,,,
,,,,,,
,,,,,,
,,,,,,
,,,,,,
,,,,,,
,,,,,,
,,,,,,
,,,,,,
,,,,,,
,,,,,,
,,,,,,
,,,,,,
,,,,,,
,,,,,,
,,,,,,
,,,,,,
,,,,,,
,,,,,,
,,,,,,
,,,,,,
,,,,,,
,,,,,,
,,,,,,
,,,,,,
,,,,,,
,,,,,,
,,,,,,
,,,,,,
,,,,,,
,,,,,,
,,,,,,
,,,,,,
,,,,,,
,,,,,,
,,,,,,
,,,,,,
,,,,,,
,,,,,,
,,,,,,
,,,,,,
,,,,,,
,,,,,,
,,,,,,
,,,,,,
,,,,,,
,,,,,,
,,,,,,
,,,,,,
,,,,,,
,,,,,,
,,,,,,
,,,,,,
,,,,,,
,,,,,,
,,,,,,
,,,,,,
,,,,,,
,,,,,,
,,,,,,
,,,,,,
,,,,,,
,,,,,,
,,,,,,
,,,,,,
,,,,,,
,,,,,,
,,,,,,
,,,,,,
,,,,,,
,,,,,,
,,,,,,
,,,,,,
,,,,,,
,,,,,,
,,,,,,
,,,,,,
,,,,,,
,,,,,,
,,,,,,
,,,,,,
,,,,,,
,,,,,,
,,,,,,
,,,,,,
,,,,,,
,,,,,,
,,,,,,
,,,,,,
,,,,,,
,,,,,,
,,,,,,
,,,,,,
,,,,,,
,,,,,,
,,,,,,
,,,,,,
,,,,,,
,,,,,,
,,,,,,
,,,,,,
,,,,,,
,,,,,,
,,,,,,
,,,,,,
,,,,,,
,,,,,,
,,,,,,
,,,,,,
,,,,,,
,,,,,,
,,,,,,
,,,,,,
,,,,,,
,,,,,,
,,,,,,
,,,,,,
,,,,,,
,,,,,,
,,,,,,
,,,,,,
,,,,,,
,,,,,,
,,,,,,
,,,,,,
,,,,,,
,,,,,,
,,,,,,
,,,,,,
,,,,,,
,,,,,,
,,,,,,
,,,,,,
,,,,,,
,,,,,,
,,,,,,
,,,,,,
,,,,,,
,,,,,,
,,,,,,
,,,,,,
,,,,,,
,,,,,,
,,,,,,
,,,,,,
,,,,,,
,,,,,,
,,,,,,
,,,,,,
,,,,,,
,,,,,,
,,,,,,
,,,,,,
,,,,,,
,,,,,,
,,,,,,
,,,,,,
,,,,,,
,,,,,,
,,,,,,
,,,,,,
,,,,,,
,,,,,,
,,,,,,
,,,,,,
,,,,,,
,,,,,,
,,,,,,
,,,,,,
,,,,,,
,,,,,,
,,,,,,
,,,,,,
,,,,,,
,,,,,,
,,,,,,
,,,,,,
,,,,,,
,,,,,,
,,,,,,
,,,,,,
,,,,,,
,,,,,,
,,,,,,
,,,,,,
,,,,,,
,,,,,,
,,,,,,
,,,,,,
,,,,,,
,,,,,,
,,,,,,
,,,,,,
,,,,,,
,,,,,,
,,,,,,
,,,,,,
,,,,,,
,,,,,,
,,,,,,
,,,,,,
,,,,,,
,,,,,,
,,,,,,
,,,,,,
,,,,,,
,,,,,,
,,,,,,
,,,,,,
,,,,,,
,,,,,,
,,,,,,
,,,,,,
,,,,,,
,,,,,,
,,,,,,
,,,,,,
,,,,,,
,,,,,,
,,,,,,
,,,,,,
,,,,,,
,,,,,,
,,,,,,
,,,,,,
,,,,,,
,,,,,,
,,,,,,
,,,,,,
,,,,,,
,,,,,,
,,,,,,
,,,,,,
,,,,,,
,,,,,,
,,,,,,
,,,,,,
,,,,,,
,,,,,,
,,,,,,
,,,,,,
,,,,,,
,,,,,,
,,,,,,
,,,,,,
,,,,,,
,,,,,,
,,,,,,
,,,,,,
,,,,,,
,,,,,,
,,,,,,
,,,,,,
,,,,,,
,,,,,,
,,,,,,
,,,,,,
,,,,,,
,,,,,,
,,,,,,
,,,,,,
,,,,,,
,,,,,,
,,,,,,
,,,,,,
,,,,,,
,,,,,,
,,,,,,
,,,,,,
,,,,,,
,,,,,,
,,,,,,
,,,,,,
,,,,,,
,,,,,,
,,,,,,
,,,,,,
,,,,,,
,,,,,,
,,,,,,
,,,,,,
,,,,,,
,,,,,,
,,,,,,
,,,,,,
,,,,,,
,,,,,,
,,,,,,
,,,,,,
,,,,,,
,,,,,,
,,,,,,
,,,,,,
,,,,,,
,,,,,,
,,,,,,
,,,,,,
,,,,,,
,,,,,,
,,,,,,
,,,,,,
,,,,,,
,,,,,,
,,,,,,
,,,,,,
,,,,,,
,,,,,,
,,,,,,
,,,,,,
,,,,,,
,,,,,,
,,,,,,
,,,,,,
,,,,,,
,,,,,,
,,,,,,
,,,,,,
,,,,,,
,,,,,,
,,,,,,
,,,,,,
,,,,,,
,,,,,,
,,,,,,
,,,,,,
,,,,,,
,,,,,,
,,,,,,
,,,,,,
,,,,,,
,,,,,,
,,,,,,
,,,,,,
,,,,,,
,,,,,,
,,,,,,
,,,,,,
,,,,,,
,,,,,,
,,,,,,
,,,,,,
,,,,,,
,,,,,,
,,,,,,
,,,,,,
,,,,,,
,,,,,,
,,,,,,
,,,,,,
,,,,,,
,,,,,,
,,,,,,
,,,,,,
,,,,,,
,,,,,,
,,,,,,
,,,,,,
,,,,,,
,,,,,,
,,,,,,
,,,,,,
,,,,,,
,,,,,,
,,,,,,
,,,,,,
,,,,,,
,,,,,,
,,,,,,
,,,,,,
,,,,,,
,,,,,,
,,,,,,
,,,,,,
,,,,,,
,,,,,,
,,,,,,
,,,,,,
,,,,,,
,,,,,,
,,,,,,
,,,,,,
,,,,,,
,,,,,,
,,,,,,
,,,,,,
,,,,,,
,,,,,,
,,,,,,
,,,,,,
,,,,,,
,,,,,,
,,,,,,
,,,,,,
,,,,,,
,,,,,,
,,,,,,
,,,,,,
,,,,,,
,,,,,,
,,,,,,
,,,,,,
,,,,,,
,,,,,,
,,,,,,
,,,,,,
,,,,,,
,,,,,,
,,,,,,
,,,,,,
,,,,,,
,,,,,,
,,,,,,
,,,,,,
,,,,,,
,,,,,,
,,,,,,
,,,,,,
,,,,,,
,,,,,,
,,,,,,
,,,,,,
,,,,,,
,,,,,,
,,,,,,
,,,,,,
,,,,,,
,,,,,,
,,,,,,
,,,,,,
,,,,,,
,,,,,,
,,,,,,
,,,,,,
,,,,,,
,,,,,,
,,,,,,
,,,,,,
,,,,,,
,,,,,,
,,,,,,
,,,,,,
,,,,,,
,,,,,,
,,,,,,
,,,,,,
,,,,,,
,,,,,,
,,,,,,
,,,,,,
,,,,,,
,,,,,,
,,,,,,
,,,,,,
,,,,,,
,,,,,,
,,,,,,
,,,,,,
,,,,,,
,,,,,,
,,,,,,
,,,,,,
,,,,,,
,,,,,,
,,,,,,
,,,,,,
,,,,,,
,,,,,,
,,,,,,
,,,,,,
,,,,,,
,,,,,,
,,,,,,
,,,,,,
,,,,,,
,,,,,,
,,,,,,
,,,,,,
,,,,,,
,,,,,,
,,,,,,
,,,,,,
,,,,,,
,,,,,,
,,,,,,
,,,,,,
,,,,,,
,,,,,,
,,,,,,
,,,,,,
,,,,,,
,,,,,,
,,,,,,
,,,,,,
,,,,,,
,,,,,,
,,,,,,
,,,,,,
,,,,,,
,,,,,,
,,,,,,
,,,,,,
,,,,,,
,,,,,,
,,,,,,
,,,,,,
,,,,,,
,,,,,,
,,,,,,
,,,,,,
,,,,,,
,,,,,,
,,,,,,
,,,,,,
,,,,,,
,,,,,,
,,,,,,
,,,,,,
,,,,,,
,,,,,,
,,,,,,
,,,,,,
,,,,,,
,,,,,,
,,,,,,
,,,,,,
,,,,,,
,,,,,,
,,,,,,
,,,,,,
,,,,,,
,,,,,,
,,,,,,
,,,,,,
,,,,,,
,,,,,,
,,,,,,
,,,,,,
,,,,,,
,,,,,,
,,,,,,
,,,,,,
,,,,,,
,,,,,,
,,,,,,
,,,,,,
,,,,,,
,,,,,,
,,,,,,
,,,,,,
,,,,,,
,,,,,,
,,,,,,
,,,,,,
,,,,,,
,,,,,,
,,,,,,
,,,,,,
,,,,,,
,,,,,,
,,,,,,
